af_bank,af_index,ac_bank,ac_index,override_text,notes
message_data,0,,,,
message_data,1,,,,
message_data,2,message_data,2,,
message_data,3,message_data,3,,
message_data,4,message_data,4,,
message_data,5,message_data,5,,
message_data,6,message_data,6,,
message_data,7,message_data,7,,
message_data,8,message_data,8,,
message_data,9,message_data,9,,
message_data,10,message_data,10,,
message_data,11,message_data,11,,
message_data,12,message_data,12,,
message_data,13,message_data,13,,
message_data,14,message_data,14,,
message_data,15,message_data,15,,
message_data,16,message_data,16,,
message_data,17,message_data,17,,
message_data,18,message_data,18,,
message_data,19,,,,
message_data,20,,,,
message_data,21,,,,
message_data,22,,,,
message_data,23,,,,
message_data,24,,,,
message_data,25,,,,
message_data,26,,,,
message_data,27,,,,
message_data,28,,,,
message_data,29,,,,
message_data,30,,,,
message_data,31,,,,
message_data,32,,,,
message_data,33,,,,
message_data,34,,,,
message_data,35,,,,
message_data,36,,,,
message_data,37,,,,
message_data,38,,,,
message_data,39,,,,
message_data,40,,,,
message_data,41,,,,
message_data,42,,,,
message_data,43,,,,
message_data,44,,,,
message_data,45,,,,
message_data,46,,,,
message_data,47,,,,
message_data,48,,,,
message_data,49,,,,
message_data,50,,,,
message_data,51,,,,
message_data,52,,,,
message_data,53,,,,
message_data,54,,,,
message_data,55,,,,
message_data,56,,,,
message_data,57,,,,
message_data,58,,,,
message_data,59,,,,
message_data,60,,,,
message_data,61,,,,
message_data,62,,,,
message_data,63,,,,
message_data,64,,,,
message_data,65,,,,
message_data,66,,,,
message_data,67,,,,
message_data,68,,,,
message_data,69,,,,
message_data,70,,,,
message_data,71,,,,
message_data,72,,,,
message_data,73,,,,
message_data,74,,,,
message_data,75,,,,
message_data,76,,,,
message_data,77,,,,
message_data,78,,,,
message_data,79,,,,
message_data,80,,,,
message_data,81,,,,
message_data,82,,,,
message_data,83,,,,
message_data,84,,,,
message_data,85,,,,
message_data,86,,,,
message_data,87,,,,
message_data,88,,,,
message_data,89,,,,
message_data,90,,,,
message_data,91,,,,
message_data,92,,,,
message_data,93,,,,
message_data,94,,,,
message_data,95,,,,
message_data,96,,,,
message_data,97,,,,
message_data,98,,,,
message_data,99,,,,
message_data,100,,,,
message_data,101,,,,
message_data,102,,,,
message_data,103,,,,
message_data,104,,,,
message_data,105,,,,
message_data,106,,,,
message_data,107,,,,
message_data,108,,,,
message_data,109,,,,
message_data,110,,,,
message_data,111,,,,
message_data,112,,,,
message_data,113,,,,
message_data,114,,,,
message_data,115,,,,
message_data,116,,,,
message_data,117,,,,
message_data,118,,,,
message_data,119,,,,
message_data,120,,,,
message_data,121,,,,
message_data,122,,,,
message_data,123,,,,
message_data,124,,,,
message_data,125,,,,
message_data,126,,,,
message_data,127,,,,
message_data,128,,,,
message_data,129,,,,
message_data,130,,,,
message_data,131,,,,
message_data,132,,,,
message_data,133,,,,
message_data,134,,,,
message_data,135,,,,
message_data,136,,,,
message_data,137,,,,
message_data,138,,,,
message_data,139,,,,
message_data,140,,,,
message_data,141,,,,
message_data,142,,,,
message_data,143,,,,
message_data,144,,,,
message_data,145,,,,
message_data,146,,,,
message_data,147,,,,
message_data,148,,,,
message_data,149,,,,
message_data,150,,,,
message_data,151,,,,
message_data,152,,,,
message_data,153,,,,
message_data,154,,,,
message_data,155,,,,
message_data,156,,,,
message_data,157,,,,
message_data,158,,,,
message_data,159,,,,
message_data,160,,,,
message_data,161,,,,
message_data,162,,,,
message_data,163,,,,
message_data,164,,,,
message_data,165,,,,
message_data,166,,,,
message_data,167,,,,
message_data,168,,,,
message_data,169,,,,
message_data,170,,,,
message_data,171,,,,
message_data,172,,,,
message_data,173,,,,
message_data,174,,,,
message_data,175,,,,
message_data,176,,,,
message_data,177,,,,
message_data,178,,,,
message_data,179,,,,
message_data,180,,,,
message_data,181,,,,
message_data,182,,,,
message_data,183,,,,
message_data,184,,,,
message_data,185,,,,
message_data,186,,,,
message_data,187,,,,
message_data,188,,,,
message_data,189,,,,
message_data,190,,,,
message_data,191,,,,
message_data,192,,,,
message_data,193,,,,
message_data,194,,,,
message_data,195,,,,
message_data,196,,,,
message_data,197,,,,
message_data,198,,,,
message_data,199,,,,
message_data,200,,,,
message_data,201,,,,
message_data,202,,,,
message_data,203,,,,
message_data,204,,,,
message_data,205,,,,
message_data,206,,,,
message_data,207,,,,
message_data,208,,,,
message_data,209,,,,
message_data,210,,,,
message_data,211,message_data,211,,
message_data,212,message_data,212,,
message_data,213,message_data,213,,
message_data,214,message_data,214,,
message_data,215,message_data,215,,
message_data,216,message_data,216,,
message_data,217,message_data,217,,
message_data,218,message_data,218,,
message_data,219,message_data,219,,
message_data,220,message_data,220,,
message_data,221,message_data,221,,
message_data,222,message_data,222,,
message_data,223,message_data,223,,
message_data,224,message_data,224,,
message_data,225,message_data,225,,
message_data,226,message_data,226,,
message_data,227,message_data,227,,
message_data,228,message_data,228,,
message_data,229,message_data,229,,
message_data,230,message_data,230,,
message_data,231,message_data,231,,
message_data,232,message_data,232,,
message_data,233,message_data,233,,
message_data,234,message_data,234,,
message_data,235,message_data,235,,
message_data,236,message_data,236,,
message_data,237,message_data,237,,
message_data,238,message_data,238,,
message_data,239,message_data,239,,
message_data,240,message_data,240,,
message_data,241,message_data,241,,
message_data,242,message_data,242,,
message_data,243,message_data,243,,
message_data,244,message_data,244,,
message_data,245,message_data,245,,
message_data,246,message_data,246,,
message_data,247,message_data,247,,
message_data,248,message_data,248,,
message_data,249,message_data,249,,
message_data,250,message_data,250,,
message_data,251,message_data,251,,
message_data,252,message_data,252,,
message_data,253,message_data,253,,
message_data,254,message_data,254,,
message_data,255,message_data,255,,
message_data,256,message_data,256,,
message_data,257,message_data,257,,
message_data,258,message_data,258,,
message_data,259,message_data,259,,
message_data,260,message_data,260,,
message_data,261,message_data,261,,
message_data,262,message_data,262,,
message_data,263,message_data,263,,
message_data,264,message_data,264,,
message_data,265,message_data,265,,
message_data,266,message_data,266,,
message_data,267,message_data,267,,
message_data,268,message_data,268,,
message_data,269,message_data,269,,
message_data,270,message_data,270,,
message_data,271,message_data,271,,
message_data,272,message_data,272,,
message_data,273,message_data,273,,
message_data,274,message_data,274,,
message_data,275,message_data,275,,
message_data,276,message_data,276,,
message_data,277,message_data,277,,
message_data,278,message_data,278,,
message_data,279,message_data,279,,
message_data,280,message_data,280,,
message_data,281,message_data,281,,
message_data,282,message_data,282,,
message_data,283,message_data,283,,
message_data,284,message_data,284,,
message_data,285,message_data,285,,
message_data,286,message_data,286,,
message_data,287,message_data,287,,
message_data,288,message_data,288,,
message_data,289,message_data,289,,
message_data,290,message_data,290,,
message_data,291,message_data,291,,
message_data,292,message_data,292,,
message_data,293,message_data,293,,
message_data,294,message_data,294,,
message_data,295,message_data,295,,
message_data,296,message_data,296,,
message_data,297,message_data,297,,
message_data,298,message_data,298,,
message_data,299,message_data,299,,
message_data,300,message_data,300,,
message_data,301,message_data,301,,
message_data,302,message_data,302,,
message_data,303,message_data,303,,
message_data,304,message_data,304,,
message_data,305,message_data,305,,
message_data,306,message_data,306,,
message_data,307,message_data,307,,
message_data,308,message_data,308,,
message_data,309,message_data,309,,
message_data,310,message_data,310,,
message_data,311,message_data,311,,
message_data,312,message_data,312,,
message_data,313,message_data,313,,
message_data,314,message_data,314,,
message_data,315,message_data,315,,
message_data,316,message_data,316,,
message_data,317,message_data,317,,
message_data,318,message_data,318,,
message_data,319,message_data,319,,
message_data,320,message_data,320,,
message_data,321,message_data,321,,
message_data,322,message_data,322,,
message_data,323,message_data,323,,
message_data,324,message_data,324,,
message_data,325,message_data,325,,
message_data,326,message_data,326,,
message_data,327,message_data,327,,
message_data,328,message_data,328,,
message_data,329,message_data,329,,
message_data,330,message_data,330,,
message_data,331,message_data,331,,
message_data,332,message_data,332,,
message_data,333,message_data,333,,
message_data,334,message_data,334,,
message_data,335,message_data,335,,
message_data,336,message_data,336,,
message_data,337,message_data,337,,
message_data,338,message_data,338,,
message_data,339,message_data,339,,
message_data,340,message_data,340,,
message_data,341,message_data,341,,
message_data,342,message_data,342,,
message_data,343,message_data,343,,
message_data,344,message_data,344,,
message_data,345,message_data,345,,
message_data,346,message_data,346,,
message_data,347,message_data,347,,
message_data,348,message_data,348,,
message_data,349,message_data,349,,
message_data,350,message_data,350,,
message_data,351,message_data,351,,
message_data,352,message_data,352,,
message_data,353,message_data,353,,
message_data,354,message_data,354,,
message_data,355,message_data,355,,
message_data,356,message_data,356,,
message_data,357,message_data,357,,
message_data,358,message_data,358,,
message_data,359,message_data,359,,
message_data,360,message_data,360,,
message_data,361,message_data,361,,
message_data,362,message_data,362,,
message_data,363,message_data,363,,
message_data,364,message_data,364,,
message_data,365,message_data,365,,
message_data,366,message_data,366,,
message_data,367,message_data,367,,
message_data,368,message_data,368,,
message_data,369,message_data,369,,
message_data,370,message_data,370,,
message_data,371,message_data,371,,
message_data,372,message_data,372,,
message_data,373,message_data,373,,
message_data,374,message_data,374,,
message_data,375,message_data,375,,
message_data,376,message_data,376,,
message_data,377,message_data,377,,
message_data,378,message_data,378,,
message_data,379,message_data,379,,
message_data,380,message_data,380,,
message_data,381,message_data,381,,
message_data,382,message_data,382,,
message_data,383,message_data,383,,
message_data,384,message_data,384,,
message_data,385,message_data,385,,
message_data,386,message_data,386,,
message_data,387,message_data,387,,
message_data,388,message_data,388,,
message_data,389,message_data,389,,
message_data,390,message_data,390,,
message_data,391,message_data,391,,
message_data,392,message_data,392,,
message_data,393,message_data,393,,
message_data,394,message_data,394,,
message_data,395,message_data,395,,
message_data,396,message_data,396,,
message_data,397,message_data,397,,
message_data,398,message_data,398,,
message_data,399,message_data,399,,
message_data,400,message_data,400,,
message_data,401,message_data,401,,
message_data,402,message_data,402,,
message_data,403,message_data,403,,
message_data,404,message_data,404,,
message_data,405,message_data,405,,
message_data,406,message_data,406,,
message_data,407,message_data,407,,
message_data,408,message_data,408,,
message_data,409,message_data,409,,
message_data,410,message_data,410,,
message_data,411,message_data,411,,
message_data,412,message_data,412,,
message_data,413,message_data,413,,
message_data,414,message_data,414,,
message_data,415,message_data,415,,
message_data,416,message_data,416,,
message_data,417,message_data,417,,
message_data,418,message_data,418,,
message_data,419,message_data,419,,
message_data,420,message_data,420,,
message_data,421,message_data,421,,
message_data,422,message_data,422,,
message_data,423,message_data,423,,
message_data,424,message_data,424,,
message_data,425,message_data,425,,
message_data,426,message_data,426,,
message_data,427,message_data,427,,
message_data,428,message_data,428,,
message_data,429,message_data,429,,
message_data,430,message_data,430,,
message_data,431,message_data,431,,
message_data,432,message_data,432,,
message_data,433,message_data,433,,
message_data,434,message_data,434,,
message_data,435,message_data,435,,
message_data,436,message_data,436,,
message_data,437,message_data,437,,
message_data,438,message_data,438,,
message_data,439,message_data,439,,
message_data,440,message_data,440,,
message_data,441,message_data,441,,
message_data,442,message_data,442,,
message_data,443,message_data,443,,
message_data,444,message_data,444,,
message_data,445,message_data,445,,
message_data,446,message_data,446,,
message_data,447,message_data,447,,
message_data,448,message_data,448,,
message_data,449,message_data,449,,
message_data,450,message_data,450,,
message_data,451,message_data,451,,
message_data,452,message_data,452,,
message_data,453,message_data,453,,
message_data,454,message_data,454,,
message_data,455,message_data,455,,
message_data,456,message_data,456,,
message_data,457,message_data,457,,
message_data,458,message_data,458,,
message_data,459,message_data,459,,
message_data,460,message_data,460,,
message_data,461,message_data,461,,
message_data,462,message_data,462,,
message_data,463,message_data,463,,
message_data,464,message_data,464,,
message_data,465,message_data,465,,
message_data,466,message_data,466,,
message_data,467,message_data,467,,
message_data,468,message_data,468,,
message_data,469,message_data,469,,
message_data,470,message_data,470,,
message_data,471,message_data,471,,
message_data,472,message_data,472,,
message_data,473,message_data,473,,
message_data,474,message_data,474,,
message_data,475,message_data,475,,
message_data,476,message_data,476,,
message_data,477,message_data,477,,
message_data,478,message_data,478,,
message_data,479,message_data,479,,
message_data,480,message_data,480,,
message_data,481,message_data,481,,
message_data,482,message_data,482,,
message_data,483,message_data,483,,
message_data,484,message_data,484,,
message_data,485,message_data,485,,
message_data,486,message_data,486,,
message_data,487,message_data,487,,
message_data,488,message_data,488,,
message_data,489,message_data,489,,
message_data,490,message_data,490,,
message_data,491,message_data,491,,
message_data,492,message_data,492,,
message_data,493,message_data,493,,
message_data,494,message_data,494,,
message_data,495,message_data,495,,
message_data,496,message_data,496,,
message_data,497,message_data,497,,
message_data,498,message_data,498,,
message_data,499,message_data,499,,
message_data,500,message_data,500,,
message_data,501,message_data,501,,
message_data,502,message_data,502,,
message_data,503,message_data,503,,
message_data,504,message_data,504,,
message_data,505,message_data,505,,
message_data,506,message_data,506,,
message_data,507,message_data,507,,
message_data,508,message_data,508,,
message_data,509,message_data,509,,
message_data,510,message_data,510,,
message_data,511,message_data,511,,
message_data,512,message_data,512,,
message_data,513,message_data,513,,
message_data,514,message_data,514,,
message_data,515,message_data,515,,
message_data,516,message_data,516,,
message_data,517,message_data,517,,
message_data,518,message_data,518,,
message_data,519,message_data,519,,
message_data,520,message_data,520,,
message_data,521,message_data,521,,
message_data,522,message_data,522,,
message_data,523,message_data,523,,
message_data,524,message_data,524,,
message_data,525,message_data,525,,
message_data,526,message_data,526,,
message_data,527,message_data,527,,
message_data,528,message_data,528,,
message_data,529,message_data,529,,
message_data,530,message_data,530,,
message_data,531,message_data,531,,
message_data,532,message_data,532,,
message_data,533,message_data,533,,
message_data,534,message_data,534,,
message_data,535,message_data,535,,
message_data,536,message_data,536,,
message_data,537,message_data,537,,
message_data,538,message_data,538,,
message_data,539,message_data,539,,
message_data,540,message_data,540,,
message_data,541,message_data,541,,
message_data,542,message_data,542,,
message_data,543,message_data,543,,
message_data,544,message_data,544,,
message_data,545,message_data,545,,
message_data,546,message_data,546,,
message_data,547,message_data,547,,
message_data,548,message_data,548,,
message_data,549,message_data,549,,
message_data,550,message_data,550,,
message_data,551,message_data,551,,
message_data,552,message_data,552,,
message_data,553,message_data,553,,
message_data,554,message_data,554,,
message_data,555,message_data,555,,
message_data,556,message_data,556,,
message_data,557,message_data,557,,
message_data,558,message_data,558,,
message_data,559,message_data,559,,
message_data,560,message_data,560,,
message_data,561,message_data,561,,
message_data,562,message_data,562,,
message_data,563,message_data,563,,
message_data,564,message_data,564,,
message_data,565,message_data,565,,
message_data,566,message_data,566,,
message_data,567,message_data,567,,
message_data,568,message_data,568,,
message_data,569,message_data,569,,
message_data,570,message_data,570,,
message_data,571,message_data,571,,
message_data,572,message_data,572,,
message_data,573,message_data,573,,
message_data,574,message_data,574,,
message_data,575,message_data,575,,
message_data,576,message_data,576,,
message_data,577,message_data,577,,
message_data,578,message_data,578,,
message_data,579,message_data,579,,
message_data,580,message_data,580,,
message_data,581,message_data,581,,
message_data,582,message_data,582,,
message_data,583,message_data,583,,
message_data,584,message_data,584,,
message_data,585,message_data,585,,
message_data,586,message_data,586,,
message_data,587,message_data,587,,
message_data,588,message_data,588,,
message_data,589,message_data,589,,
message_data,590,message_data,590,,
message_data,591,message_data,591,,
message_data,592,message_data,592,,
message_data,593,message_data,593,,
message_data,594,message_data,594,,
message_data,595,message_data,595,,
message_data,596,message_data,596,,
message_data,597,message_data,597,,
message_data,598,message_data,598,,
message_data,599,message_data,599,,
message_data,600,message_data,600,,
message_data,601,message_data,601,,
message_data,602,message_data,602,,
message_data,603,message_data,603,,
message_data,604,message_data,604,,
message_data,605,message_data,605,,
message_data,606,message_data,606,,
message_data,607,message_data,607,,
message_data,608,message_data,608,,
message_data,609,message_data,609,,
message_data,610,message_data,610,,
message_data,611,message_data,611,,
message_data,612,message_data,612,,
message_data,613,message_data,613,,
message_data,614,message_data,614,,
message_data,615,message_data,615,,
message_data,616,message_data,616,,
message_data,617,message_data,617,,
message_data,618,message_data,618,,
message_data,619,message_data,619,,
message_data,620,message_data,620,,
message_data,621,message_data,621,,
message_data,622,message_data,622,,
message_data,623,message_data,623,,
message_data,624,message_data,624,,
message_data,625,message_data,625,,
message_data,626,message_data,626,,
message_data,627,message_data,627,,
message_data,628,message_data,628,,
message_data,629,message_data,629,,
message_data,630,message_data,630,,
message_data,631,message_data,631,,
message_data,632,message_data,632,,
message_data,633,message_data,633,,
message_data,634,message_data,634,,
message_data,635,message_data,635,,
message_data,636,message_data,636,,
message_data,637,message_data,637,,
message_data,638,message_data,638,,
message_data,639,message_data,639,,
message_data,640,message_data,640,,
message_data,641,message_data,641,,
message_data,642,message_data,642,,
message_data,643,message_data,643,,
message_data,644,message_data,644,,
message_data,645,message_data,645,,
message_data,646,message_data,646,,
message_data,647,message_data,647,,
message_data,648,message_data,648,,
message_data,649,message_data,649,,
message_data,650,message_data,650,,
message_data,651,message_data,651,,
message_data,652,message_data,652,,
message_data,653,message_data,653,,
message_data,654,message_data,654,,
message_data,655,message_data,655,,
message_data,656,message_data,656,,
message_data,657,message_data,657,,
message_data,658,message_data,658,,
message_data,659,message_data,659,,
message_data,660,message_data,660,,
message_data,661,message_data,661,,
message_data,662,message_data,662,,
message_data,663,message_data,663,,
message_data,664,message_data,664,,
message_data,665,message_data,665,,
message_data,666,message_data,666,,
message_data,667,message_data,667,,
message_data,668,message_data,668,,
message_data,669,message_data,669,,
message_data,670,message_data,670,,
message_data,671,message_data,671,,
message_data,672,message_data,672,,
message_data,673,message_data,673,,
message_data,674,message_data,674,,
message_data,675,message_data,675,,
message_data,676,message_data,676,,
message_data,677,message_data,677,,
message_data,678,message_data,678,,
message_data,679,message_data,679,,
message_data,680,message_data,680,,
message_data,681,message_data,681,,
message_data,682,message_data,682,,
message_data,683,message_data,683,,
message_data,684,message_data,684,,
message_data,685,message_data,685,,
message_data,686,message_data,686,,
message_data,687,message_data,687,,
message_data,688,message_data,688,,
message_data,689,message_data,689,,
message_data,690,message_data,690,,
message_data,691,message_data,691,,
message_data,692,message_data,692,,
message_data,693,message_data,693,,
message_data,694,message_data,694,,
message_data,695,message_data,695,,
message_data,696,message_data,696,,
message_data,697,message_data,697,,
message_data,698,message_data,698,,
message_data,699,message_data,699,,
message_data,700,message_data,700,,
message_data,701,message_data,701,,
message_data,702,message_data,702,,
message_data,703,message_data,703,,
message_data,704,message_data,704,,
message_data,705,message_data,705,,
message_data,706,message_data,706,,
message_data,707,message_data,707,,
message_data,708,message_data,708,,
message_data,709,message_data,709,,
message_data,710,message_data,710,,
message_data,711,message_data,711,,
message_data,712,message_data,712,,
message_data,713,message_data,713,,
message_data,714,message_data,714,,
message_data,715,message_data,715,,
message_data,716,message_data,716,,
message_data,717,message_data,717,,
message_data,718,message_data,718,,
message_data,719,message_data,719,,
message_data,720,message_data,720,,
message_data,721,message_data,721,,
message_data,722,message_data,722,,
message_data,723,message_data,723,,
message_data,724,message_data,724,,
message_data,725,message_data,725,,
message_data,726,message_data,726,,
message_data,727,message_data,727,,
message_data,728,message_data,728,,
message_data,729,message_data,729,,
message_data,730,message_data,730,,
message_data,731,message_data,731,,
message_data,732,message_data,4241,,
message_data,733,message_data,4242,,
message_data,734,message_data,4243,,
message_data,735,message_data,4244,,
message_data,736,message_data,4245,,
message_data,737,message_data,4246,,
message_data,738,message_data,4247,,
message_data,739,message_data,4248,,
message_data,740,message_data,4249,,
message_data,741,message_data,4250,,
message_data,742,message_data,4251,,
message_data,743,message_data,4252,,
message_data,744,message_data,4253,,
message_data,745,message_data,4254,,
message_data,746,message_data,4255,,
message_data,747,message_data,4256,,
message_data,748,message_data,4257,,
message_data,749,message_data,4258,,
message_data,750,message_data,4259,,
message_data,751,message_data,4260,,
message_data,752,message_data,4261,,
message_data,753,,,,
message_data,754,,,,
message_data,755,,,,
message_data,756,,,,
message_data,757,message_data,757,,
message_data,758,message_data,758,,
message_data,759,message_data,759,,
message_data,760,message_data,760,,
message_data,761,message_data,761,,
message_data,762,message_data,762,,
message_data,763,message_data,763,,
message_data,764,message_data,764,,
message_data,765,message_data,765,,
message_data,766,message_data,766,,
message_data,767,message_data,767,,
message_data,768,message_data,768,,
message_data,769,message_data,769,,
message_data,770,message_data,770,,
message_data,771,message_data,771,,
message_data,772,message_data,772,,
message_data,773,message_data,773,,
message_data,774,message_data,774,,
message_data,775,message_data,775,,
message_data,776,message_data,776,,
message_data,777,message_data,777,,
message_data,778,message_data,778,,
message_data,779,message_data,779,,
message_data,780,message_data,780,,
message_data,781,message_data,781,,
message_data,782,message_data,782,,
message_data,783,message_data,783,,
message_data,784,message_data,784,,
message_data,785,message_data,785,,
message_data,786,message_data,786,,
message_data,787,message_data,787,,
message_data,788,message_data,788,,
message_data,789,message_data,789,,
message_data,790,message_data,790,,
message_data,791,message_data,791,,
message_data,792,message_data,792,,
message_data,793,message_data,793,,
message_data,794,message_data,794,,
message_data,795,message_data,795,,
message_data,796,message_data,796,,
message_data,797,message_data,797,,
message_data,798,message_data,798,,
message_data,799,message_data,799,,
message_data,800,message_data,800,,
message_data,801,message_data,801,,
message_data,802,message_data,802,,
message_data,803,message_data,803,,
message_data,804,message_data,804,,
message_data,805,message_data,805,,
message_data,806,message_data,806,,
message_data,807,message_data,807,,
message_data,808,message_data,808,,
message_data,809,message_data,809,,
message_data,810,message_data,810,,
message_data,811,message_data,811,,
message_data,812,message_data,812,,
message_data,813,message_data,813,,
message_data,814,message_data,814,,
message_data,815,message_data,815,,
message_data,816,message_data,816,,
message_data,817,message_data,817,,
message_data,818,message_data,818,,
message_data,819,message_data,819,,
message_data,820,message_data,820,,
message_data,821,message_data,821,,
message_data,822,message_data,822,,
message_data,823,message_data,823,,
message_data,824,message_data,824,,
message_data,825,message_data,825,,
message_data,826,message_data,826,,
message_data,827,message_data,827,,
message_data,828,message_data,828,,
message_data,829,message_data,829,,
message_data,830,message_data,830,,
message_data,831,message_data,831,,
message_data,832,message_data,832,,
message_data,833,message_data,833,,
message_data,834,message_data,834,,
message_data,835,message_data,835,,
message_data,836,message_data,836,,
message_data,837,message_data,837,,
message_data,838,message_data,838,,
message_data,839,message_data,839,,
message_data,840,message_data,840,,
message_data,841,message_data,841,,
message_data,842,message_data,842,,
message_data,843,message_data,843,,
message_data,844,message_data,844,,
message_data,845,message_data,845,,
message_data,846,message_data,846,,
message_data,847,message_data,847,,
message_data,848,message_data,848,,
message_data,849,message_data,849,,
message_data,850,message_data,850,,
message_data,851,message_data,851,,
message_data,852,message_data,852,,
message_data,853,message_data,853,,
message_data,854,message_data,854,,
message_data,855,message_data,855,,
message_data,856,message_data,856,,
message_data,857,message_data,857,,
message_data,858,message_data,858,,
message_data,859,message_data,859,,
message_data,860,message_data,860,,
message_data,861,message_data,861,,
message_data,862,message_data,862,,
message_data,863,message_data,863,,
message_data,864,message_data,864,,
message_data,865,message_data,865,,
message_data,866,message_data,866,,
message_data,867,message_data,867,,
message_data,868,message_data,868,,
message_data,869,message_data,869,,
message_data,870,message_data,870,,
message_data,871,message_data,871,,
message_data,872,message_data,872,,
message_data,873,message_data,873,,
message_data,874,message_data,874,,
message_data,875,message_data,875,,
message_data,876,message_data,876,,
message_data,877,message_data,877,,
message_data,878,message_data,878,,
message_data,879,message_data,879,,
message_data,880,message_data,880,,
message_data,881,message_data,881,,
message_data,882,message_data,882,,
message_data,883,message_data,883,,
message_data,884,message_data,884,,
message_data,885,message_data,885,,
message_data,886,message_data,886,,
message_data,887,message_data,887,,
message_data,888,message_data,888,,
message_data,889,message_data,889,,
message_data,890,message_data,890,,
message_data,891,message_data,891,,
message_data,892,message_data,892,,
message_data,893,message_data,893,,
message_data,894,message_data,894,,
message_data,895,message_data,895,,
message_data,896,message_data,896,,
message_data,897,message_data,897,,
message_data,898,message_data,2341,,
message_data,899,message_data,2342,,
message_data,900,,,,
message_data,901,,,,
message_data,902,,,,
message_data,903,,,,
message_data,904,,,,
message_data,905,,,,
message_data,906,,,,
message_data,907,,,,
message_data,908,message_data,908,,
message_data,909,message_data,909,,
message_data,910,message_data,910,,
message_data,911,message_data,911,,
message_data,912,message_data,912,,
message_data,913,message_data,913,,
message_data,914,message_data,914,,
message_data,915,message_data,915,,
message_data,916,message_data,916,,
message_data,917,message_data,917,,
message_data,918,message_data,918,,
message_data,919,message_data,919,,
message_data,920,message_data,920,,
message_data,921,message_data,921,,
message_data,922,message_data,922,,
message_data,923,message_data,923,,
message_data,924,message_data,924,,
message_data,925,message_data,925,,
message_data,926,message_data,926,,
message_data,927,message_data,927,,
message_data,928,message_data,928,,
message_data,929,message_data,929,,
message_data,930,message_data,930,,
message_data,931,message_data,931,,
message_data,932,message_data,932,,
message_data,933,message_data,933,,
message_data,934,message_data,934,,
message_data,935,message_data,935,,
message_data,936,message_data,936,,
message_data,937,message_data,937,,
message_data,938,message_data,938,,
message_data,939,message_data,939,,
message_data,940,message_data,940,,
message_data,941,message_data,941,,
message_data,942,message_data,942,,
message_data,943,message_data,943,,
message_data,944,message_data,944,,
message_data,945,message_data,945,,
message_data,946,message_data,946,,
message_data,947,message_data,947,,
message_data,948,message_data,948,,
message_data,949,message_data,949,,
message_data,950,message_data,950,,
message_data,951,message_data,951,,
message_data,952,message_data,952,,
message_data,953,message_data,953,,
message_data,954,message_data,954,,
message_data,955,message_data,955,,
message_data,956,message_data,956,,
message_data,957,message_data,957,,
message_data,958,message_data,958,,
message_data,959,message_data,959,,
message_data,960,message_data,960,,
message_data,961,message_data,961,,
message_data,962,message_data,962,,
message_data,963,message_data,963,,
message_data,964,message_data,964,,
message_data,965,message_data,965,,
message_data,966,message_data,966,,
message_data,967,message_data,967,,
message_data,968,message_data,968,,
message_data,969,message_data,969,,
message_data,970,message_data,970,,
message_data,971,message_data,971,,
message_data,972,message_data,972,,
message_data,973,message_data,973,,
message_data,974,message_data,974,,
message_data,975,message_data,975,,
message_data,976,message_data,976,,
message_data,977,message_data,977,,
message_data,978,message_data,978,,
message_data,979,message_data,979,,
message_data,980,message_data,980,,
message_data,981,message_data,981,,
message_data,982,message_data,982,,
message_data,983,message_data,983,,
message_data,984,message_data,984,,
message_data,985,message_data,985,,
message_data,986,message_data,986,,
message_data,987,message_data,987,,
message_data,988,message_data,988,,
message_data,989,message_data,989,,
message_data,990,message_data,990,,
message_data,991,message_data,991,,
message_data,992,message_data,992,,
message_data,993,message_data,993,,
message_data,994,message_data,994,,
message_data,995,message_data,995,,
message_data,996,message_data,996,,
message_data,997,message_data,997,,
message_data,998,message_data,998,,
message_data,999,message_data,999,,
message_data,1000,message_data,1000,,
message_data,1001,message_data,1001,,
message_data,1002,message_data,1002,,
message_data,1003,message_data,1003,,
message_data,1004,message_data,1004,,
message_data,1005,message_data,1005,,
message_data,1006,message_data,1006,,
message_data,1007,message_data,1007,,
message_data,1008,message_data,1008,,
message_data,1009,message_data,1009,,
message_data,1010,message_data,1010,,
message_data,1011,message_data,1011,,
message_data,1012,message_data,1012,,
message_data,1013,message_data,1013,,
message_data,1014,message_data,1014,,
message_data,1015,message_data,1015,,
message_data,1016,message_data,1016,,
message_data,1017,message_data,1017,,
message_data,1018,message_data,1018,,
message_data,1019,message_data,1019,,
message_data,1020,message_data,1020,,
message_data,1021,message_data,1021,,
message_data,1022,message_data,1022,,
message_data,1023,message_data,1023,,
message_data,1024,message_data,1024,,
message_data,1025,message_data,1025,,
message_data,1026,message_data,1026,,
message_data,1027,message_data,1027,,
message_data,1028,message_data,1028,,
message_data,1029,message_data,1029,,
message_data,1030,message_data,1030,,
message_data,1031,message_data,1031,,
message_data,1032,message_data,1032,,
message_data,1033,message_data,1033,,
message_data,1034,message_data,1034,,
message_data,1035,message_data,1035,,
message_data,1036,message_data,1036,,
message_data,1037,message_data,1037,,
message_data,1038,message_data,1038,,
message_data,1039,message_data,1039,,
message_data,1040,message_data,1040,,
message_data,1041,message_data,1041,,
message_data,1042,message_data,1042,,
message_data,1043,message_data,1043,,
message_data,1044,message_data,1044,,
message_data,1045,message_data,1045,,
message_data,1046,message_data,1046,,
message_data,1047,message_data,1047,,
message_data,1048,message_data,1048,,
message_data,1049,message_data,1049,,
message_data,1050,message_data,1050,,
message_data,1051,message_data,1051,,
message_data,1052,message_data,1052,,
message_data,1053,message_data,1053,,
message_data,1054,message_data,1054,,
message_data,1055,message_data,1055,,
message_data,1056,message_data,1056,,
message_data,1057,message_data,1057,,
message_data,1058,message_data,1058,,
message_data,1059,message_data,1059,,
message_data,1060,message_data,1060,,
message_data,1061,message_data,1061,,
message_data,1062,message_data,1062,,
message_data,1063,message_data,1063,,
message_data,1064,message_data,1064,,
message_data,1065,message_data,1065,,
message_data,1066,message_data,1066,,
message_data,1067,message_data,1067,,
message_data,1068,message_data,1068,,
message_data,1069,message_data,1069,,
message_data,1070,message_data,1070,,
message_data,1071,message_data,1071,,
message_data,1072,message_data,1072,,
message_data,1073,message_data,1073,,
message_data,1074,message_data,1074,,
message_data,1075,message_data,1075,,
message_data,1076,message_data,1076,,
message_data,1077,message_data,1077,,
message_data,1078,message_data,1078,,
message_data,1079,message_data,1079,,
message_data,1080,message_data,1080,,
message_data,1081,message_data,1081,,
message_data,1082,message_data,1082,,
message_data,1083,message_data,1083,,
message_data,1084,message_data,1084,,
message_data,1085,message_data,1085,,
message_data,1086,message_data,1086,,
message_data,1087,message_data,1087,,
message_data,1088,message_data,1088,,
message_data,1089,message_data,1089,,
message_data,1090,message_data,1090,,
message_data,1091,message_data,1091,,
message_data,1092,message_data,1092,,
message_data,1093,message_data,1093,,
message_data,1094,message_data,1094,,
message_data,1095,message_data,1095,,
message_data,1096,message_data,1096,,
message_data,1097,message_data,1097,,
message_data,1098,message_data,1098,,
message_data,1099,message_data,1099,,
message_data,1100,message_data,1100,,
message_data,1101,message_data,1101,,
message_data,1102,message_data,1102,,
message_data,1103,message_data,1103,,
message_data,1104,message_data,1104,,
message_data,1105,message_data,1105,,
message_data,1106,message_data,1106,,
message_data,1107,message_data,1107,,
message_data,1108,message_data,1108,,
message_data,1109,message_data,1109,,
message_data,1110,message_data,1110,,
message_data,1111,message_data,1111,,
message_data,1112,message_data,1112,,
message_data,1113,message_data,1113,,
message_data,1114,message_data,1114,,
message_data,1115,message_data,1115,,
message_data,1116,message_data,1116,,
message_data,1117,message_data,1117,,
message_data,1118,message_data,1118,,
message_data,1119,message_data,1119,,
message_data,1120,message_data,1120,,
message_data,1121,message_data,1121,,
message_data,1122,message_data,1122,,
message_data,1123,message_data,1123,,
message_data,1124,message_data,1124,,
message_data,1125,message_data,1125,,
message_data,1126,message_data,1126,,
message_data,1127,message_data,1127,,
message_data,1128,message_data,1128,,
message_data,1129,message_data,1129,,
message_data,1130,message_data,1130,,
message_data,1131,message_data,1131,,
message_data,1132,message_data,1132,,
message_data,1133,message_data,1133,,
message_data,1134,message_data,1134,,
message_data,1135,message_data,1135,,
message_data,1136,message_data,1136,,
message_data,1137,message_data,1137,,
message_data,1138,message_data,1138,,
message_data,1139,message_data,1139,,
message_data,1140,message_data,1140,,
message_data,1141,message_data,1141,,
message_data,1142,message_data,1142,,
message_data,1143,message_data,1143,,
message_data,1144,message_data,1144,,
message_data,1145,message_data,1145,,
message_data,1146,message_data,1146,,
message_data,1147,message_data,1147,,
message_data,1148,message_data,1148,,
message_data,1149,message_data,1149,,
message_data,1150,message_data,1150,,
message_data,1151,message_data,1151,,
message_data,1152,message_data,1152,,
message_data,1153,message_data,1153,,
message_data,1154,message_data,1154,,
message_data,1155,message_data,1155,,
message_data,1156,message_data,1156,,
message_data,1157,message_data,1157,,
message_data,1158,message_data,1158,,
message_data,1159,message_data,1159,,
message_data,1160,message_data,1160,,
message_data,1161,message_data,1161,,
message_data,1162,message_data,1162,,
message_data,1163,message_data,1163,,
message_data,1164,message_data,1164,,
message_data,1165,message_data,1165,,
message_data,1166,message_data,1166,,
message_data,1167,message_data,1167,,
message_data,1168,message_data,1168,,
message_data,1169,message_data,1169,,
message_data,1170,message_data,1170,,
message_data,1171,message_data,1171,,
message_data,1172,message_data,1172,,
message_data,1173,message_data,1173,,
message_data,1174,message_data,1174,,
message_data,1175,message_data,1175,,
message_data,1176,message_data,1176,,
message_data,1177,message_data,1177,,
message_data,1178,message_data,1178,,
message_data,1179,message_data,1179,,
message_data,1180,message_data,1180,,
message_data,1181,message_data,1181,,
message_data,1182,message_data,1182,,
message_data,1183,message_data,1183,,
message_data,1184,message_data,1184,,
message_data,1185,message_data,1185,,
message_data,1186,message_data,1186,,
message_data,1187,message_data,1187,,
message_data,1188,message_data,1188,,
message_data,1189,message_data,1189,,
message_data,1190,message_data,1190,,
message_data,1191,message_data,1191,,
message_data,1192,message_data,1192,,
message_data,1193,message_data,1193,,
message_data,1194,message_data,1194,,
message_data,1195,message_data,1195,,
message_data,1196,message_data,1196,,
message_data,1197,message_data,1197,,
message_data,1198,message_data,1198,,
message_data,1199,message_data,1199,,
message_data,1200,message_data,1200,,
message_data,1201,message_data,1201,,
message_data,1202,message_data,1202,,
message_data,1203,message_data,1203,,
message_data,1204,message_data,1204,,
message_data,1205,message_data,1205,,
message_data,1206,message_data,1206,,
message_data,1207,message_data,1207,,
message_data,1208,message_data,1208,,
message_data,1209,message_data,1209,,
message_data,1210,message_data,1210,,
message_data,1211,message_data,1211,,
message_data,1212,message_data,1212,,
message_data,1213,message_data,1213,,
message_data,1214,message_data,1214,,
message_data,1215,message_data,1215,,
message_data,1216,message_data,1216,,
message_data,1217,message_data,1217,,
message_data,1218,message_data,1218,,
message_data,1219,message_data,1219,,
message_data,1220,message_data,1220,,
message_data,1221,message_data,1221,,
message_data,1222,message_data,1222,,
message_data,1223,message_data,1223,,
message_data,1224,message_data,1224,,
message_data,1225,message_data,1225,,
message_data,1226,message_data,1226,,
message_data,1227,message_data,1227,,
message_data,1228,message_data,1228,,
message_data,1229,message_data,1229,,
message_data,1230,message_data,1230,,
message_data,1231,message_data,1231,,
message_data,1232,message_data,1232,,
message_data,1233,message_data,1233,,
message_data,1234,message_data,1234,,
message_data,1235,message_data,1235,,
message_data,1236,message_data,1236,,
message_data,1237,message_data,1237,,
message_data,1238,message_data,1238,,
message_data,1239,message_data,1239,,
message_data,1240,message_data,1240,,
message_data,1241,message_data,1241,,
message_data,1242,message_data,1242,,
message_data,1243,message_data,1243,,
message_data,1244,message_data,1244,,
message_data,1245,message_data,1245,,
message_data,1246,message_data,1246,,
message_data,1247,message_data,1247,,
message_data,1248,message_data,1248,,
message_data,1249,message_data,1249,,
message_data,1250,message_data,1250,,
message_data,1251,message_data,1251,,
message_data,1252,message_data,1252,,
message_data,1253,message_data,1253,,
message_data,1254,message_data,1254,,
message_data,1255,message_data,1255,,
message_data,1256,message_data,1256,,
message_data,1257,message_data,1257,,
message_data,1258,message_data,1258,,
message_data,1259,message_data,1259,,
message_data,1260,message_data,1260,,
message_data,1261,message_data,1261,,
message_data,1262,message_data,1262,,
message_data,1263,message_data,1263,,
message_data,1264,message_data,1264,,
message_data,1265,message_data,1265,,
message_data,1266,message_data,1266,,
message_data,1267,message_data,1267,,
message_data,1268,message_data,1268,,
message_data,1269,message_data,1269,,
message_data,1270,message_data,1270,,
message_data,1271,message_data,1271,,
message_data,1272,message_data,1272,,
message_data,1273,message_data,1273,,
message_data,1274,message_data,1274,,
message_data,1275,message_data,1275,,
message_data,1276,message_data,1276,,
message_data,1277,message_data,1277,,
message_data,1278,message_data,1278,,
message_data,1279,message_data,1279,,
message_data,1280,message_data,1280,,
message_data,1281,message_data,1281,,
message_data,1282,message_data,1282,,
message_data,1283,message_data,1283,,
message_data,1284,message_data,1284,,
message_data,1285,message_data,1285,,
message_data,1286,message_data,1286,,
message_data,1287,message_data,1287,,
message_data,1288,message_data,1288,,
message_data,1289,message_data,1289,,
message_data,1290,message_data,1290,,
message_data,1291,message_data,1291,,
message_data,1292,message_data,1292,,
message_data,1293,message_data,1293,,
message_data,1294,message_data,1294,,
message_data,1295,message_data,1295,,
message_data,1296,message_data,1296,,
message_data,1297,message_data,1297,,
message_data,1298,message_data,1298,,
message_data,1299,message_data,1299,,
message_data,1300,message_data,1300,,
message_data,1301,message_data,1301,,
message_data,1302,message_data,1302,,
message_data,1303,message_data,1303,,
message_data,1304,message_data,1304,,
message_data,1305,message_data,1305,,
message_data,1306,message_data,1306,,
message_data,1307,message_data,1307,,
message_data,1308,message_data,1308,,
message_data,1309,message_data,1309,,
message_data,1310,message_data,1310,,
message_data,1311,message_data,1311,,
message_data,1312,message_data,1312,,
message_data,1313,message_data,1313,,
message_data,1314,message_data,1314,,
message_data,1315,message_data,1315,,
message_data,1316,message_data,1316,,
message_data,1317,message_data,1317,,
message_data,1318,message_data,1318,,
message_data,1319,message_data,1319,,
message_data,1320,message_data,1320,,
message_data,1321,message_data,1321,,
message_data,1322,message_data,1322,,
message_data,1323,message_data,1323,,
message_data,1324,message_data,1324,,
message_data,1325,message_data,1325,,
message_data,1326,message_data,1326,,
message_data,1327,message_data,1327,,
message_data,1328,message_data,1328,,
message_data,1329,message_data,1329,,
message_data,1330,message_data,1330,,
message_data,1331,message_data,1331,,
message_data,1332,message_data,1332,,
message_data,1333,message_data,1333,,
message_data,1334,message_data,1334,,
message_data,1335,message_data,1335,,
message_data,1336,message_data,1336,,
message_data,1337,message_data,1337,,
message_data,1338,message_data,1338,,
message_data,1339,message_data,1339,,
message_data,1340,message_data,1340,,
message_data,1341,message_data,1341,,
message_data,1342,message_data,1342,,
message_data,1343,message_data,1343,,
message_data,1344,message_data,1344,,
message_data,1345,message_data,1345,,
message_data,1346,message_data,1346,,
message_data,1347,message_data,1347,,
message_data,1348,message_data,1348,,
message_data,1349,message_data,1349,,
message_data,1350,message_data,1350,,
message_data,1351,message_data,1351,,
message_data,1352,message_data,1352,,
message_data,1353,message_data,1353,,
message_data,1354,message_data,1354,,
message_data,1355,message_data,1355,,
message_data,1356,message_data,1356,,
message_data,1357,message_data,1357,,
message_data,1358,message_data,1358,,
message_data,1359,message_data,1359,,
message_data,1360,message_data,1360,,
message_data,1361,message_data,1361,,
message_data,1362,message_data,1362,,
message_data,1363,message_data,1363,,
message_data,1364,message_data,1364,,
message_data,1365,message_data,1365,,
message_data,1366,message_data,1366,,
message_data,1367,message_data,1367,,
message_data,1368,message_data,1368,,
message_data,1369,message_data,1369,,
message_data,1370,message_data,1370,,
message_data,1371,message_data,1371,,
message_data,1372,message_data,1372,,
message_data,1373,message_data,1373,,
message_data,1374,message_data,1374,,
message_data,1375,message_data,1375,,
message_data,1376,message_data,1376,,
message_data,1377,message_data,1377,,
message_data,1378,message_data,1378,,
message_data,1379,message_data,1379,,
message_data,1380,message_data,1380,,
message_data,1381,message_data,1381,,
message_data,1382,message_data,1382,,
message_data,1383,message_data,1383,,
message_data,1384,message_data,1384,,
message_data,1385,message_data,1385,,
message_data,1386,message_data,1386,,
message_data,1387,message_data,1387,,
message_data,1388,message_data,1388,,
message_data,1389,message_data,1389,,
message_data,1390,message_data,1390,,
message_data,1391,message_data,1391,,
message_data,1392,message_data,1392,,
message_data,1393,message_data,1393,,
message_data,1394,message_data,1394,,
message_data,1395,message_data,1395,,
message_data,1396,message_data,1396,,
message_data,1397,message_data,1397,,
message_data,1398,message_data,1398,,
message_data,1399,message_data,1399,,
message_data,1400,message_data,1400,,
message_data,1401,message_data,1401,,
message_data,1402,message_data,1402,,
message_data,1403,message_data,1403,,
message_data,1404,message_data,1404,,
message_data,1405,message_data,1405,,
message_data,1406,message_data,1406,,
message_data,1407,message_data,1407,,
message_data,1408,message_data,1408,,
message_data,1409,message_data,1409,,
message_data,1410,message_data,1410,,
message_data,1411,message_data,1411,,
message_data,1412,message_data,1412,,
message_data,1413,message_data,1413,,
message_data,1414,message_data,1414,,
message_data,1415,message_data,1415,,
message_data,1416,message_data,1416,,
message_data,1417,message_data,1417,,
message_data,1418,message_data,1418,,
message_data,1419,message_data,1419,,
message_data,1420,message_data,1420,,
message_data,1421,message_data,1421,,
message_data,1422,message_data,1422,,
message_data,1423,message_data,1423,,
message_data,1424,message_data,1424,,
message_data,1425,message_data,1425,,
message_data,1426,message_data,1426,,
message_data,1427,message_data,1427,,
message_data,1428,message_data,1428,,
message_data,1429,message_data,1429,,
message_data,1430,message_data,1430,,
message_data,1431,message_data,1431,,
message_data,1432,message_data,1432,,
message_data,1433,message_data,1433,,
message_data,1434,message_data,1434,,
message_data,1435,message_data,1435,,
message_data,1436,message_data,1436,,
message_data,1437,message_data,1437,,
message_data,1438,message_data,1438,,
message_data,1439,message_data,1439,,
message_data,1440,message_data,1440,,
message_data,1441,message_data,1441,,
message_data,1442,message_data,1442,,
message_data,1443,message_data,1443,,
message_data,1444,message_data,1444,,
message_data,1445,message_data,1445,,
message_data,1446,message_data,1446,,
message_data,1447,message_data,1447,,
message_data,1448,message_data,1448,,
message_data,1449,message_data,1449,,
message_data,1450,message_data,1450,,
message_data,1451,message_data,1451,,
message_data,1452,message_data,1452,,
message_data,1453,message_data,1453,,
message_data,1454,message_data,1454,,
message_data,1455,message_data,1455,,
message_data,1456,message_data,1456,,
message_data,1457,message_data,1457,,
message_data,1458,message_data,1458,,
message_data,1459,message_data,1459,,
message_data,1460,message_data,1460,,
message_data,1461,message_data,1461,,
message_data,1462,message_data,1462,,
message_data,1463,message_data,1463,,
message_data,1464,message_data,1464,,
message_data,1465,message_data,1465,,
message_data,1466,message_data,1466,,
message_data,1467,message_data,1467,,
message_data,1468,message_data,1468,,
message_data,1469,message_data,1469,,
message_data,1470,message_data,1470,,
message_data,1471,message_data,1471,,
message_data,1472,message_data,1472,,
message_data,1473,message_data,1473,,
message_data,1474,message_data,1474,,
message_data,1475,message_data,1475,,
message_data,1476,message_data,1476,,
message_data,1477,message_data,1477,,
message_data,1478,message_data,1478,,
message_data,1479,message_data,1479,,
message_data,1480,message_data,1480,,
message_data,1481,message_data,1481,,
message_data,1482,message_data,1482,,
message_data,1483,message_data,1483,,
message_data,1484,message_data,1484,,
message_data,1485,message_data,1485,,
message_data,1486,message_data,1486,,
message_data,1487,message_data,1487,,
message_data,1488,message_data,1488,,
message_data,1489,message_data,1489,,
message_data,1490,message_data,1490,,
message_data,1491,message_data,1491,,
message_data,1492,message_data,1492,,
message_data,1493,message_data,1493,,
message_data,1494,message_data,1494,,
message_data,1495,message_data,1495,,
message_data,1496,message_data,1496,,
message_data,1497,message_data,1497,,
message_data,1498,message_data,1498,,
message_data,1499,message_data,1499,,
message_data,1500,message_data,1500,,
message_data,1501,message_data,1501,,
message_data,1502,message_data,1502,,
message_data,1503,message_data,1503,,
message_data,1504,message_data,1504,,
message_data,1505,message_data,1505,,
message_data,1506,message_data,1506,,
message_data,1507,message_data,1507,,
message_data,1508,message_data,1508,,
message_data,1509,message_data,1509,,
message_data,1510,message_data,1510,,
message_data,1511,message_data,1511,,
message_data,1512,message_data,1512,,
message_data,1513,message_data,1513,,
message_data,1514,message_data,1514,,
message_data,1515,message_data,1515,,
message_data,1516,message_data,1516,,
message_data,1517,message_data,1517,,
message_data,1518,message_data,1518,,
message_data,1519,message_data,1519,,
message_data,1520,message_data,1520,,
message_data,1521,message_data,1521,,
message_data,1522,message_data,1522,,
message_data,1523,message_data,1523,,
message_data,1524,message_data,1524,,
message_data,1525,message_data,1525,,
message_data,1526,message_data,1526,,
message_data,1527,message_data,1527,,
message_data,1528,message_data,1528,,
message_data,1529,message_data,1529,,
message_data,1530,message_data,1530,,
message_data,1531,message_data,1531,,
message_data,1532,message_data,1532,,
message_data,1533,message_data,1533,,
message_data,1534,message_data,1534,,
message_data,1535,message_data,1535,,
message_data,1536,message_data,1536,,
message_data,1537,message_data,1537,,
message_data,1538,message_data,1538,,
message_data,1539,message_data,1539,,
message_data,1540,message_data,1540,,
message_data,1541,message_data,1541,,
message_data,1542,message_data,1542,,
message_data,1543,message_data,1543,,
message_data,1544,message_data,1544,,
message_data,1545,message_data,1545,,
message_data,1546,message_data,1546,,
message_data,1547,message_data,1547,,
message_data,1548,message_data,1548,,
message_data,1549,message_data,1549,,
message_data,1550,message_data,1550,,
message_data,1551,message_data,1551,,
message_data,1552,message_data,1552,,
message_data,1553,message_data,1553,,
message_data,1554,message_data,1554,,
message_data,1555,message_data,1555,,
message_data,1556,message_data,1556,,
message_data,1557,message_data,1557,,
message_data,1558,message_data,1558,,
message_data,1559,message_data,1559,,
message_data,1560,message_data,1560,,
message_data,1561,message_data,1561,,
message_data,1562,message_data,1562,,
message_data,1563,message_data,1563,,
message_data,1564,message_data,1564,,
message_data,1565,message_data,1565,,
message_data,1566,message_data,1566,,
message_data,1567,message_data,1567,,
message_data,1568,message_data,1568,,
message_data,1569,message_data,1569,,
message_data,1570,message_data,1570,,
message_data,1571,message_data,1571,,
message_data,1572,message_data,1572,,
message_data,1573,message_data,1573,,
message_data,1574,message_data,1574,,
message_data,1575,message_data,1575,,
message_data,1576,message_data,1576,,
message_data,1577,message_data,1577,,
message_data,1578,message_data,1578,,
message_data,1579,message_data,1579,,
message_data,1580,message_data,1580,,
message_data,1581,message_data,1581,,
message_data,1582,message_data,1582,,
message_data,1583,message_data,1583,,
message_data,1584,message_data,1584,,
message_data,1585,message_data,1585,,
message_data,1586,message_data,1586,,
message_data,1587,message_data,1587,,
message_data,1588,message_data,1588,,
message_data,1589,message_data,1589,,
message_data,1590,message_data,1590,,
message_data,1591,message_data,1591,,
message_data,1592,message_data,1592,,
message_data,1593,message_data,1593,,
message_data,1594,message_data,1594,,
message_data,1595,message_data,1595,,
message_data,1596,message_data,1596,,
message_data,1597,message_data,1597,,
message_data,1598,message_data,1598,,
message_data,1599,message_data,1599,,
message_data,1600,message_data,1600,,
message_data,1601,message_data,1601,,
message_data,1602,message_data,1602,,
message_data,1603,message_data,1603,,
message_data,1604,message_data,1604,,
message_data,1605,message_data,1605,,
message_data,1606,message_data,1606,,
message_data,1607,message_data,1607,,
message_data,1608,message_data,1608,,
message_data,1609,message_data,1609,,
message_data,1610,message_data,1610,,
message_data,1611,message_data,1611,,
message_data,1612,message_data,1612,,
message_data,1613,message_data,1613,,
message_data,1614,message_data,1614,,
message_data,1615,message_data,1615,,
message_data,1616,message_data,1616,,
message_data,1617,message_data,1617,,
message_data,1618,message_data,1618,,
message_data,1619,message_data,1619,,
message_data,1620,message_data,1620,,
message_data,1621,message_data,1621,,
message_data,1622,message_data,1622,,
message_data,1623,message_data,1623,,
message_data,1624,message_data,1624,,
message_data,1625,message_data,1625,,
message_data,1626,message_data,1626,,
message_data,1627,message_data,1627,,
message_data,1628,message_data,1628,,
message_data,1629,message_data,1629,,
message_data,1630,message_data,1630,,
message_data,1631,message_data,1631,,
message_data,1632,message_data,1632,,
message_data,1633,message_data,1633,,
message_data,1634,message_data,1634,,
message_data,1635,message_data,1635,,
message_data,1636,message_data,1636,,
message_data,1637,message_data,1637,,
message_data,1638,message_data,1638,,
message_data,1639,message_data,1639,,
message_data,1640,message_data,1640,,
message_data,1641,message_data,1641,,
message_data,1642,message_data,1642,,
message_data,1643,message_data,1643,,
message_data,1644,message_data,1644,,
message_data,1645,message_data,1645,,
message_data,1646,message_data,1646,,
message_data,1647,message_data,1647,,
message_data,1648,message_data,1648,,
message_data,1649,message_data,1649,,
message_data,1650,message_data,1650,,
message_data,1651,message_data,1651,,
message_data,1652,message_data,1652,,
message_data,1653,message_data,1653,,
message_data,1654,message_data,1654,,
message_data,1655,message_data,1655,,
message_data,1656,message_data,1656,,
message_data,1657,message_data,1657,,
message_data,1658,message_data,1658,,
message_data,1659,message_data,1659,,
message_data,1660,message_data,1660,,
message_data,1661,message_data,1661,,
message_data,1662,message_data,1662,,
message_data,1663,message_data,1663,,
message_data,1664,message_data,1664,,
message_data,1665,message_data,1665,,
message_data,1666,message_data,1666,,
message_data,1667,message_data,1667,,
message_data,1668,message_data,1668,,
message_data,1669,message_data,1669,,
message_data,1670,message_data,1670,,
message_data,1671,message_data,1671,,
message_data,1672,message_data,1672,,
message_data,1673,message_data,1673,,
message_data,1674,message_data,1674,,
message_data,1675,message_data,1675,,
message_data,1676,message_data,1676,,
message_data,1677,message_data,1677,,
message_data,1678,message_data,1678,,
message_data,1679,message_data,1679,,
message_data,1680,message_data,1680,,
message_data,1681,message_data,1681,,
message_data,1682,message_data,1682,,
message_data,1683,message_data,1683,,
message_data,1684,message_data,1684,,
message_data,1685,message_data,1685,,
message_data,1686,message_data,1686,,
message_data,1687,message_data,1687,,
message_data,1688,message_data,1688,,
message_data,1689,message_data,1689,,
message_data,1690,message_data,1690,,
message_data,1691,message_data,1691,,
message_data,1692,message_data,1692,,
message_data,1693,message_data,1693,,
message_data,1694,message_data,1694,,
message_data,1695,message_data,1695,,
message_data,1696,message_data,1696,,
message_data,1697,message_data,1697,,
message_data,1698,message_data,1698,,
message_data,1699,message_data,1699,,
message_data,1700,message_data,1700,,
message_data,1701,message_data,1701,,
message_data,1702,message_data,1702,,
message_data,1703,message_data,1703,,
message_data,1704,message_data,1704,,
message_data,1705,message_data,1705,,
message_data,1706,message_data,1706,,
message_data,1707,message_data,1707,,
message_data,1708,message_data,1708,,
message_data,1709,message_data,1709,,
message_data,1710,message_data,1710,,
message_data,1711,message_data,1711,,
message_data,1712,message_data,1712,,
message_data,1713,message_data,1713,,
message_data,1714,message_data,1714,,
message_data,1715,message_data,1715,,
message_data,1716,message_data,1716,,
message_data,1717,message_data,1717,,
message_data,1718,message_data,1718,,
message_data,1719,message_data,1719,,
message_data,1720,message_data,1720,,
message_data,1721,message_data,1721,,
message_data,1722,message_data,1722,,
message_data,1723,message_data,1723,,
message_data,1724,message_data,1724,,
message_data,1725,message_data,1725,,
message_data,1726,message_data,1726,,
message_data,1727,message_data,1727,,
message_data,1728,message_data,1728,,
message_data,1729,message_data,1729,,
message_data,1730,message_data,1730,,
message_data,1731,message_data,1731,,
message_data,1732,message_data,1732,,
message_data,1733,message_data,1733,,
message_data,1734,message_data,1734,,
message_data,1735,message_data,1735,,
message_data,1736,message_data,1736,,
message_data,1737,message_data,1737,,
message_data,1738,message_data,1738,,
message_data,1739,message_data,1739,,
message_data,1740,message_data,1740,,
message_data,1741,message_data,1741,,
message_data,1742,message_data,1742,,
message_data,1743,message_data,1743,,
message_data,1744,message_data,1744,,
message_data,1745,message_data,1745,,
message_data,1746,message_data,1746,,
message_data,1747,message_data,1747,,
message_data,1748,message_data,1748,,
message_data,1749,message_data,1749,,
message_data,1750,message_data,1750,,
message_data,1751,message_data,1751,,
message_data,1752,message_data,1752,,
message_data,1753,message_data,1753,,
message_data,1754,message_data,1754,,
message_data,1755,message_data,1755,,
message_data,1756,message_data,1756,,
message_data,1757,message_data,1757,,
message_data,1758,message_data,1758,,
message_data,1759,message_data,1759,,
message_data,1760,message_data,1760,,
message_data,1761,message_data,1761,,
message_data,1762,message_data,1762,,
message_data,1763,message_data,1763,,
message_data,1764,message_data,1764,,
message_data,1765,message_data,1765,,
message_data,1766,message_data,1766,,
message_data,1767,message_data,1767,,
message_data,1768,message_data,1768,,
message_data,1769,message_data,1769,,
message_data,1770,message_data,1770,,
message_data,1771,message_data,1771,,
message_data,1772,message_data,1772,,
message_data,1773,message_data,1773,,
message_data,1774,message_data,1774,,
message_data,1775,message_data,1775,,
message_data,1776,message_data,1776,,
message_data,1777,message_data,1777,,
message_data,1778,message_data,1778,,
message_data,1779,message_data,1779,,
message_data,1780,message_data,1780,,
message_data,1781,message_data,1781,,
message_data,1782,message_data,1782,,
message_data,1783,message_data,1783,,
message_data,1784,message_data,1784,,
message_data,1785,message_data,1785,,
message_data,1786,message_data,1786,,
message_data,1787,message_data,1787,,
message_data,1788,message_data,1788,,
message_data,1789,message_data,1789,,
message_data,1790,message_data,1790,,
message_data,1791,message_data,1791,,
message_data,1792,message_data,1792,,
message_data,1793,message_data,1793,,
message_data,1794,message_data,1794,,
message_data,1795,message_data,1795,,
message_data,1796,message_data,1796,,
message_data,1797,message_data,1797,,
message_data,1798,message_data,1798,,
message_data,1799,message_data,1799,,
message_data,1800,message_data,1800,,
message_data,1801,message_data,1801,,
message_data,1802,message_data,1802,,
message_data,1803,message_data,1803,,
message_data,1804,message_data,1804,,
message_data,1805,message_data,1805,,
message_data,1806,message_data,1806,,
message_data,1807,message_data,1807,,
message_data,1808,message_data,1808,,
message_data,1809,message_data,1809,,
message_data,1810,message_data,1810,,
message_data,1811,message_data,1811,,
message_data,1812,message_data,1812,,
message_data,1813,message_data,1813,,
message_data,1814,message_data,1814,,
message_data,1815,message_data,1815,,
message_data,1816,message_data,1816,,
message_data,1817,message_data,1817,,
message_data,1818,message_data,1818,,
message_data,1819,message_data,1819,,
message_data,1820,message_data,1820,,
message_data,1821,message_data,1821,,
message_data,1822,message_data,1822,,
message_data,1823,message_data,1823,,
message_data,1824,message_data,1824,,
message_data,1825,message_data,1825,,
message_data,1826,message_data,1826,,
message_data,1827,message_data,1827,,
message_data,1828,message_data,1828,,
message_data,1829,message_data,1829,,
message_data,1830,message_data,1830,,
message_data,1831,message_data,1831,,
message_data,1832,message_data,1832,,
message_data,1833,message_data,1833,,
message_data,1834,message_data,1834,,
message_data,1835,message_data,1835,,
message_data,1836,message_data,1836,,
message_data,1837,message_data,1837,,
message_data,1838,message_data,1838,,
message_data,1839,message_data,1839,,
message_data,1840,message_data,1840,,
message_data,1841,message_data,1841,,
message_data,1842,message_data,1842,,
message_data,1843,message_data,1843,,
message_data,1844,message_data,1844,,
message_data,1845,message_data,1845,,
message_data,1846,message_data,1846,,
message_data,1847,message_data,1847,,
message_data,1848,message_data,1848,,
message_data,1849,message_data,1849,,
message_data,1850,message_data,1850,,
message_data,1851,message_data,1851,,
message_data,1852,message_data,1852,,
message_data,1853,message_data,1853,,
message_data,1854,message_data,1854,,
message_data,1855,message_data,1855,,
message_data,1856,message_data,1856,,
message_data,1857,message_data,1857,,
message_data,1858,message_data,1858,,
message_data,1859,message_data,1859,,
message_data,1860,message_data,1860,,
message_data,1861,message_data,1861,,
message_data,1862,message_data,1862,,
message_data,1863,message_data,1863,,
message_data,1864,message_data,1864,,
message_data,1865,message_data,1865,,
message_data,1866,message_data,1866,,
message_data,1867,message_data,1867,,
message_data,1868,message_data,1868,,
message_data,1869,message_data,1869,,
message_data,1870,message_data,1870,,
message_data,1871,message_data,1871,,
message_data,1872,message_data,1872,,
message_data,1873,message_data,1873,,
message_data,1874,message_data,1874,,
message_data,1875,message_data,1875,,
message_data,1876,message_data,1876,,
message_data,1877,message_data,1877,,
message_data,1878,message_data,1878,,
message_data,1879,message_data,1879,,
message_data,1880,message_data,1880,,
message_data,1881,message_data,1881,,
message_data,1882,message_data,1882,,
message_data,1883,message_data,1883,,
message_data,1884,message_data,1884,,
message_data,1885,message_data,1885,,
message_data,1886,message_data,1886,,
message_data,1887,message_data,1887,,
message_data,1888,message_data,1888,,
message_data,1889,,,,
message_data,1890,message_data,1890,,
message_data,1891,message_data,1891,,
message_data,1892,message_data,1892,,
message_data,1893,message_data,1893,,
message_data,1894,message_data,1894,,
message_data,1895,message_data,1895,,
message_data,1896,message_data,1896,,
message_data,1897,message_data,1897,,
message_data,1898,message_data,1898,,
message_data,1899,message_data,1899,,
message_data,1900,message_data,1900,,
message_data,1901,message_data,1901,,
message_data,1902,message_data,1902,,
message_data,1903,message_data,1903,,
message_data,1904,,,,
message_data,1905,message_data,1905,,
message_data,1906,message_data,1906,,
message_data,1907,message_data,1907,,
message_data,1908,message_data,1908,,
message_data,1909,message_data,1909,,
message_data,1910,message_data,1910,,
message_data,1911,message_data,1911,,
message_data,1912,message_data,1912,,
message_data,1913,message_data,1913,,
message_data,1914,message_data,1914,,
message_data,1915,message_data,1915,,
message_data,1916,message_data,1916,,
message_data,1917,message_data,1917,,
message_data,1918,message_data,1918,,
message_data,1919,message_data,1919,,
message_data,1920,message_data,1920,,
message_data,1921,message_data,1921,,
message_data,1922,message_data,1922,,
message_data,1923,message_data,1923,,
message_data,1924,message_data,1924,,
message_data,1925,message_data,1925,,
message_data,1926,message_data,1926,,
message_data,1927,message_data,1927,,
message_data,1928,message_data,1928,,
message_data,1929,message_data,1929,,
message_data,1930,message_data,1930,,
message_data,1931,message_data,1931,,
message_data,1932,message_data,1932,,
message_data,1933,message_data,1933,,
message_data,1934,message_data,1934,,
message_data,1935,message_data,1935,,
message_data,1936,message_data,1936,,
message_data,1937,message_data,1937,,
message_data,1938,message_data,1938,,
message_data,1939,message_data,1939,,
message_data,1940,message_data,1940,,
message_data,1941,message_data,1941,,
message_data,1942,message_data,1942,,
message_data,1943,message_data,1943,,
message_data,1944,message_data,1944,,
message_data,1945,message_data,1945,,
message_data,1946,message_data,1946,,
message_data,1947,message_data,1947,,
message_data,1948,message_data,1948,,
message_data,1949,message_data,1949,,
message_data,1950,message_data,1950,,
message_data,1951,message_data,1951,,
message_data,1952,message_data,1952,,
message_data,1953,message_data,1953,,
message_data,1954,message_data,1954,,
message_data,1955,message_data,1955,,
message_data,1956,message_data,1956,,
message_data,1957,message_data,1957,,
message_data,1958,message_data,1958,,
message_data,1959,message_data,1959,,
message_data,1960,message_data,1960,,
message_data,1961,message_data,1961,,
message_data,1962,message_data,1962,,
message_data,1963,message_data,1963,,
message_data,1964,message_data,1964,,
message_data,1965,message_data,1965,,
message_data,1966,message_data,1966,,
message_data,1967,message_data,1967,,
message_data,1968,message_data,1968,,
message_data,1969,message_data,1969,,
message_data,1970,message_data,1970,,
message_data,1971,message_data,1971,,
message_data,1972,message_data,1972,,
message_data,1973,message_data,1973,,
message_data,1974,message_data,1974,,
message_data,1975,message_data,1975,,
message_data,1976,message_data,1976,,
message_data,1977,message_data,1977,,
message_data,1978,message_data,1978,,
message_data,1979,message_data,1979,,
message_data,1980,message_data,1980,,
message_data,1981,message_data,1981,,
message_data,1982,message_data,1982,,
message_data,1983,message_data,1983,,
message_data,1984,message_data,1984,,
message_data,1985,message_data,1985,,
message_data,1986,message_data,1986,,
message_data,1987,message_data,1987,,
message_data,1988,message_data,1988,,
message_data,1989,message_data,1989,,
message_data,1990,message_data,1990,,
message_data,1991,message_data,1991,,
message_data,1992,message_data,1992,,
message_data,1993,message_data,1993,,
message_data,1994,message_data,1994,,
message_data,1995,message_data,1995,,
message_data,1996,message_data,1996,,
message_data,1997,message_data,1997,,
message_data,1998,message_data,1998,,
message_data,1999,message_data,1999,,
message_data,2000,message_data,2000,,
message_data,2001,message_data,2001,,
message_data,2002,message_data,2002,,
message_data,2003,message_data,2003,,
message_data,2004,message_data,2004,,
message_data,2005,message_data,2005,,
message_data,2006,message_data,2006,,
message_data,2007,message_data,2007,,
message_data,2008,message_data,2008,,
message_data,2009,message_data,2009,,
message_data,2010,message_data,2011,,
message_data,2011,message_data,2011,,
message_data,2012,message_data,2012,,
message_data,2013,message_data,2013,,
message_data,2014,message_data,2014,,
message_data,2015,message_data,2015,,
message_data,2016,message_data,2016,,
message_data,2017,message_data,2017,,
message_data,2018,message_data,2018,,
message_data,2019,message_data,2019,,
message_data,2020,message_data,2020,,
message_data,2021,message_data,2021,,
message_data,2022,message_data,2022,,
message_data,2023,message_data,2023,,
message_data,2024,message_data,2024,,
message_data,2025,message_data,2025,,
message_data,2026,message_data,2026,,
message_data,2027,message_data,2027,,
message_data,2028,message_data,2028,,
message_data,2029,message_data,2029,,
message_data,2030,message_data,2030,,
message_data,2031,message_data,2031,,
message_data,2032,message_data,2032,,
message_data,2033,message_data,2033,,
message_data,2034,message_data,2034,,
message_data,2035,message_data,2035,,
message_data,2036,message_data,2036,,
message_data,2037,message_data,2037,,
message_data,2038,message_data,2038,,
message_data,2039,message_data,2039,,
message_data,2040,message_data,2040,,
message_data,2041,message_data,2041,,
message_data,2042,message_data,2042,,
message_data,2043,message_data,2043,,
message_data,2044,message_data,2044,,
message_data,2045,message_data,2045,,
message_data,2046,message_data,2046,,
message_data,2047,message_data,2047,,
message_data,2048,message_data,2048,,
message_data,2049,message_data,2049,,
message_data,2050,message_data,2050,,
message_data,2051,message_data,2051,,
message_data,2052,message_data,2052,,
message_data,2053,message_data,2053,,
message_data,2054,message_data,2054,,
message_data,2055,message_data,2055,,
message_data,2056,message_data,2056,,
message_data,2057,message_data,2057,,
message_data,2058,message_data,2058,,
message_data,2059,message_data,2059,,
message_data,2060,message_data,2060,,
message_data,2061,message_data,2061,,
message_data,2062,message_data,2062,,
message_data,2063,message_data,2063,,
message_data,2064,message_data,2064,,
message_data,2065,message_data,2065,,
message_data,2066,message_data,2066,,
message_data,2067,message_data,2067,,
message_data,2068,message_data,2068,,
message_data,2069,message_data,2069,,
message_data,2070,message_data,2070,,
message_data,2071,message_data,2071,,
message_data,2072,message_data,2072,,
message_data,2073,message_data,2073,,
message_data,2074,message_data,2074,,
message_data,2075,message_data,2075,,
message_data,2076,message_data,2076,,
message_data,2077,message_data,2077,,
message_data,2078,message_data,2078,,
message_data,2079,message_data,2079,,
message_data,2080,message_data,2080,,
message_data,2081,message_data,2081,,
message_data,2082,message_data,2082,,
message_data,2083,message_data,2083,,
message_data,2084,message_data,2084,,
message_data,2085,message_data,2085,,
message_data,2086,message_data,2086,,
message_data,2087,message_data,2087,,
message_data,2088,message_data,2088,,
message_data,2089,message_data,2089,,
message_data,2090,message_data,2090,,
message_data,2091,message_data,2091,,
message_data,2092,message_data,2092,,
message_data,2093,message_data,2093,,
message_data,2094,message_data,2094,,
message_data,2095,message_data,2095,,
message_data,2096,message_data,2096,,
message_data,2097,message_data,2097,,
message_data,2098,message_data,2098,,
message_data,2099,message_data,2099,,
message_data,2100,message_data,2100,,
message_data,2101,message_data,2101,,
message_data,2102,message_data,2102,,
message_data,2103,message_data,2103,,
message_data,2104,message_data,2104,,
message_data,2105,message_data,2105,,
message_data,2106,message_data,2106,,
message_data,2107,message_data,2107,,
message_data,2108,message_data,2108,,
message_data,2109,message_data,2109,,
message_data,2110,message_data,2110,,
message_data,2111,message_data,2111,,
message_data,2112,message_data,2112,,
message_data,2113,message_data,2113,,
message_data,2114,message_data,2114,,
message_data,2115,message_data,2115,,
message_data,2116,message_data,2116,,
message_data,2117,message_data,2117,,
message_data,2118,message_data,2118,,
message_data,2119,message_data,2119,,
message_data,2120,message_data,2120,,
message_data,2121,message_data,2121,,
message_data,2122,message_data,2122,,
message_data,2123,message_data,2123,,
message_data,2124,message_data,2124,,
message_data,2125,message_data,2125,,
message_data,2126,message_data,2126,,
message_data,2127,message_data,2127,,
message_data,2128,message_data,2128,,
message_data,2129,message_data,2129,,
message_data,2130,message_data,2130,,
message_data,2131,message_data,2131,,
message_data,2132,message_data,2132,,
message_data,2133,message_data,2133,,
message_data,2134,message_data,2134,,
message_data,2135,message_data,2135,,
message_data,2136,message_data,2136,,
message_data,2137,message_data,2137,,
message_data,2138,message_data,2138,,
message_data,2139,message_data,2139,,
message_data,2140,message_data,2140,,
message_data,2141,message_data,2141,,
message_data,2142,message_data,2142,,
message_data,2143,message_data,2143,,
message_data,2144,message_data,2144,,
message_data,2145,message_data,2145,,
message_data,2146,message_data,2146,,
message_data,2147,message_data,2147,,
message_data,2148,message_data,2148,,
message_data,2149,message_data,2149,,
message_data,2150,message_data,2150,,
message_data,2151,message_data,2151,,
message_data,2152,message_data,2152,,
message_data,2153,message_data,2153,,
message_data,2154,message_data,2154,,
message_data,2155,message_data,2155,,
message_data,2156,message_data,2156,,
message_data,2157,message_data,2157,,
message_data,2158,message_data,2158,,
message_data,2159,message_data,2159,,
message_data,2160,message_data,2160,,
message_data,2161,message_data,2161,,
message_data,2162,message_data,2162,,
message_data,2163,message_data,2163,,
message_data,2164,message_data,2164,,
message_data,2165,message_data,2165,,
message_data,2166,message_data,2166,,
message_data,2167,message_data,2167,,
message_data,2168,message_data,2168,,
message_data,2169,message_data,2169,,
message_data,2170,message_data,2170,,
message_data,2171,message_data,2171,,
message_data,2172,message_data,2172,,
message_data,2173,message_data,2173,,
message_data,2174,message_data,2174,,
message_data,2175,message_data,2175,,
message_data,2176,message_data,2176,,
message_data,2177,message_data,2177,,
message_data,2178,message_data,2178,,
message_data,2179,message_data,2179,,
message_data,2180,message_data,2180,,
message_data,2181,message_data,2181,,
message_data,2182,message_data,2182,,
message_data,2183,message_data,2183,,
message_data,2184,message_data,2184,,
message_data,2185,message_data,2185,,
message_data,2186,message_data,2186,,
message_data,2187,message_data,2187,,
message_data,2188,message_data,2188,,
message_data,2189,message_data,2189,,
message_data,2190,message_data,2190,,
message_data,2191,message_data,2191,,
message_data,2192,message_data,2192,,
message_data,2193,message_data,2193,,
message_data,2194,message_data,2194,,
message_data,2195,message_data,2195,,
message_data,2196,message_data,2196,,
message_data,2197,message_data,2197,,
message_data,2198,message_data,2198,,
message_data,2199,message_data,2199,,
message_data,2200,message_data,2200,,
message_data,2201,message_data,2201,,
message_data,2202,message_data,2202,,
message_data,2203,message_data,2203,,
message_data,2204,message_data,2204,,
message_data,2205,message_data,2205,,
message_data,2206,message_data,2206,,
message_data,2207,message_data,2207,,
message_data,2208,message_data,2208,,
message_data,2209,message_data,2209,,
message_data,2210,message_data,2210,,
message_data,2211,message_data,2211,,
message_data,2212,message_data,2212,,
message_data,2213,message_data,2213,,
message_data,2214,message_data,2214,,
message_data,2215,message_data,2215,,
message_data,2216,message_data,2216,,
message_data,2217,message_data,2217,,
message_data,2218,message_data,2218,,
message_data,2219,message_data,2219,,
message_data,2220,message_data,2220,,
message_data,2221,message_data,2221,,
message_data,2222,message_data,2222,,
message_data,2223,message_data,2223,,
message_data,2224,message_data,2224,,
message_data,2225,message_data,2225,,
message_data,2226,message_data,2226,,
message_data,2227,message_data,2227,,
message_data,2228,message_data,2228,,
message_data,2229,message_data,2229,,
message_data,2230,message_data,2230,,
message_data,2231,message_data,2231,,
message_data,2232,message_data,2232,,
message_data,2233,message_data,2233,,
message_data,2234,message_data,2234,,
message_data,2235,message_data,2235,,
message_data,2236,message_data,2236,,
message_data,2237,message_data,2237,,
message_data,2238,message_data,2238,,
message_data,2239,message_data,2239,,
message_data,2240,message_data,2240,,
message_data,2241,message_data,2241,,
message_data,2242,message_data,2242,,
message_data,2243,message_data,2243,,
message_data,2244,message_data,2244,,
message_data,2245,message_data,2245,,
message_data,2246,message_data,2246,,
message_data,2247,message_data,2247,,
message_data,2248,message_data,2248,,
message_data,2249,message_data,2249,,
message_data,2250,message_data,2250,,
message_data,2251,message_data,2251,,
message_data,2252,message_data,2252,,
message_data,2253,message_data,2253,,
message_data,2254,message_data,2254,,
message_data,2255,message_data,12753,,
message_data,2256,message_data,12754,,
message_data,2257,message_data,12755,,
message_data,2258,message_data,12756,,
message_data,2259,message_data,2259,,
message_data,2260,message_data,2260,,
message_data,2261,message_data,2261,,
message_data,2262,message_data,2262,,
message_data,2263,message_data,2263,,
message_data,2264,message_data,2264,,
message_data,2265,message_data,2265,,
message_data,2266,message_data,2266,,
message_data,2267,message_data,2267,,
message_data,2268,message_data,2268,,
message_data,2269,message_data,12757,,
message_data,2270,message_data,12758,,
message_data,2271,message_data,12759,,
message_data,2272,message_data,12760,,
message_data,2273,message_data,2273,,
message_data,2274,message_data,2274,,
message_data,2275,message_data,2275,,
message_data,2276,message_data,2276,,
message_data,2277,message_data,2277,,
message_data,2278,message_data,2278,,
message_data,2279,,,,
message_data,2280,,,,
message_data,2281,message_data,2281,,
message_data,2282,message_data,2282,,
message_data,2283,,,,
message_data,2284,,,,
message_data,2285,message_data,2285,,
message_data,2286,message_data,2286,,
message_data,2287,message_data,2287,,
message_data,2288,message_data,2288,,
message_data,2289,message_data,2289,,
message_data,2290,message_data,2290,,
message_data,2291,message_data,2291,,
message_data,2292,message_data,2292,,
message_data,2293,message_data,2293,,
message_data,2294,message_data,2294,,
message_data,2295,message_data,2295,,
message_data,2296,message_data,2296,,
message_data,2297,message_data,2297,,
message_data,2298,message_data,2298,,
message_data,2299,message_data,2299,,
message_data,2300,message_data,2300,,
message_data,2301,message_data,2301,,
message_data,2302,message_data,2302,,
message_data,2303,message_data,2303,,
message_data,2304,message_data,2304,,
message_data,2305,message_data,2305,,
message_data,2306,message_data,2306,,
message_data,2307,message_data,2307,,
message_data,2308,message_data,2308,,
message_data,2309,message_data,2309,,
message_data,2310,message_data,2310,,
message_data,2311,message_data,2311,,
message_data,2312,message_data,2312,,
message_data,2313,message_data,2313,,
message_data,2314,message_data,2314,,
message_data,2315,message_data,2315,,
message_data,2316,message_data,2316,,
message_data,2317,message_data,2317,,
message_data,2318,message_data,2318,,
message_data,2319,message_data,2319,,
message_data,2320,message_data,2320,,
message_data,2321,message_data,2321,,
message_data,2322,message_data,2322,,
message_data,2323,message_data,2323,,
message_data,2324,message_data,2324,,
message_data,2325,message_data,2325,,
message_data,2326,message_data,2326,,
message_data,2327,message_data,2327,,
message_data,2328,message_data,2328,,
message_data,2329,message_data,2329,,
message_data,2330,message_data,2330,,
message_data,2331,message_data,2331,,
message_data,2332,message_data,2332,,
message_data,2333,message_data,2333,,
message_data,2334,message_data,2334,,
message_data,2335,message_data,2335,,
message_data,2336,message_data,2336,,
message_data,2337,message_data,2337,,
message_data,2338,message_data,2338,,
message_data,2339,message_data,2339,,
message_data,2340,message_data,2340,,
message_data,2341,message_data,2341,,
message_data,2342,message_data,2342,,
message_data,2343,message_data,2343,,
message_data,2344,message_data,2344,,
message_data,2345,message_data,2345,,
message_data,2346,message_data,2346,,
message_data,2347,message_data,2347,,
message_data,2348,message_data,2348,,
message_data,2349,message_data,2349,,
message_data,2350,message_data,2350,,
message_data,2351,,,,
message_data,2352,,,,
message_data,2353,,,,
message_data,2354,,,,
message_data,2355,message_data,2,,
message_data,2356,message_data,2356,,
message_data,2357,message_data,2357,,
message_data,2358,message_data,2358,,
message_data,2359,message_data,2359,,
message_data,2360,message_data,2361,,
message_data,2361,message_data,2361,,
message_data,2362,message_data,2362,,
message_data,2363,message_data,2363,,
message_data,2364,message_data,2364,,
message_data,2365,message_data,2365,,
message_data,2366,message_data,2366,,
message_data,2367,message_data,2367,,
message_data,2368,message_data,2368,,
message_data,2369,message_data,2369,,
message_data,2370,message_data,2370,,
message_data,2371,message_data,2371,,
message_data,2372,message_data,2372,,
message_data,2373,,,,
message_data,2374,,,,
message_data,2375,,,,
message_data,2376,,,,
message_data,2377,message_data,2377,,
message_data,2378,message_data,2378,,
message_data,2379,message_data,2379,,
message_data,2380,,,,
message_data,2381,,,,
message_data,2382,message_data,2,,
message_data,2383,message_data,2383,,
message_data,2384,message_data,2384,,
message_data,2385,,,,
message_data,2386,,,,
message_data,2387,,,,
message_data,2388,,,,
message_data,2389,,,,
message_data,2390,,,,
message_data,2391,,,,
message_data,2392,message_data,2,,
message_data,2393,message_data,2,,
message_data,2394,message_data,2,,
message_data,2395,message_data,2395,,
message_data,2396,message_data,2396,,
message_data,2397,message_data,2397,,
message_data,2398,,,,
message_data,2399,message_data,2,,
message_data,2400,message_data,2,,
message_data,2401,message_data,2,,
message_data,2402,message_data,2402,,
message_data,2403,message_data,2403,,
message_data,2404,message_data,2404,,
message_data,2405,message_data,2405,,
message_data,2406,message_data,2406,,
message_data,2407,,,,
message_data,2408,message_data,2411,,
message_data,2409,message_data,2411,,
message_data,2410,message_data,2411,,
message_data,2411,message_data,2411,,
message_data,2412,message_data,2412,,
message_data,2413,message_data,2413,,
message_data,2414,message_data,2414,,
message_data,2415,message_data,2415,,
message_data,2416,message_data,2416,,
message_data,2417,message_data,2417,,
message_data,2418,message_data,2418,,
message_data,2419,message_data,2419,,
message_data,2420,message_data,2420,,
message_data,2421,message_data,2421,,
message_data,2422,message_data,2422,,
message_data,2423,message_data,2423,,
message_data,2424,message_data,2424,,
message_data,2425,message_data,2425,,
message_data,2426,message_data,2426,,
message_data,2427,message_data,2427,,
message_data,2428,message_data,2428,,
message_data,2429,message_data,2429,,
message_data,2430,message_data,2430,,
message_data,2431,message_data,2431,,
message_data,2432,message_data,2432,,
message_data,2433,message_data,2433,,
message_data,2434,message_data,2434,,
message_data,2435,message_data,2435,,
message_data,2436,message_data,2436,,
message_data,2437,message_data,2437,,
message_data,2438,message_data,2438,,
message_data,2439,message_data,2439,,
message_data,2440,message_data,2440,,
message_data,2441,message_data,2441,,
message_data,2442,message_data,2442,,
message_data,2443,message_data,2443,,
message_data,2444,message_data,2444,,
message_data,2445,message_data,2445,,
message_data,2446,message_data,2446,,
message_data,2447,message_data,2447,,
message_data,2448,message_data,2448,,
message_data,2449,message_data,2449,,
message_data,2450,message_data,2450,,
message_data,2451,message_data,2451,,
message_data,2452,message_data,2452,,
message_data,2453,message_data,2453,,
message_data,2454,message_data,2454,,
message_data,2455,message_data,2455,,
message_data,2456,message_data,2456,,
message_data,2457,message_data,2457,,
message_data,2458,message_data,2458,,
message_data,2459,message_data,2459,,
message_data,2460,message_data,2460,,
message_data,2461,message_data,2461,,
message_data,2462,message_data,2462,,
message_data,2463,message_data,2463,,
message_data,2464,message_data,2464,,
message_data,2465,message_data,2465,,
message_data,2466,message_data,2466,,
message_data,2467,message_data,2467,,
message_data,2468,message_data,2468,,
message_data,2469,message_data,2469,,
message_data,2470,message_data,2470,,
message_data,2471,message_data,2471,,
message_data,2472,message_data,2472,,
message_data,2473,message_data,2473,,
message_data,2474,message_data,2474,,
message_data,2475,message_data,2475,,
message_data,2476,message_data,2476,,
message_data,2477,message_data,2477,,
message_data,2478,message_data,2478,,
message_data,2479,message_data,2479,,
message_data,2480,message_data,2480,,
message_data,2481,message_data,2481,,
message_data,2482,message_data,2482,,
message_data,2483,message_data,2483,,
message_data,2484,message_data,2484,,
message_data,2485,message_data,2485,,
message_data,2486,message_data,2486,,
message_data,2487,message_data,2487,,
message_data,2488,message_data,2488,,
message_data,2489,message_data,2489,,
message_data,2490,message_data,2490,,
message_data,2491,message_data,2491,,
message_data,2492,message_data,2492,,
message_data,2493,message_data,2493,,
message_data,2494,message_data,2494,,
message_data,2495,message_data,2495,,
message_data,2496,message_data,2496,,
message_data,2497,message_data,2497,,
message_data,2498,message_data,2498,,
message_data,2499,message_data,2499,,
message_data,2500,message_data,2500,,
message_data,2501,message_data,2501,,
message_data,2502,message_data,2502,,
message_data,2503,message_data,2503,,
message_data,2504,message_data,2504,,
message_data,2505,message_data,2505,,
message_data,2506,message_data,2506,,
message_data,2507,message_data,2507,,
message_data,2508,message_data,2508,,
message_data,2509,message_data,2509,,
message_data,2510,message_data,2510,,
message_data,2511,message_data,2511,,
message_data,2512,message_data,2512,,
message_data,2513,,,,
message_data,2514,message_data,5,,
message_data,2515,message_data,5,,
message_data,2516,message_data,5,,
message_data,2517,message_data,5,,
message_data,2518,message_data,5,,
message_data,2519,message_data,5,,
message_data,2520,message_data,5,,
message_data,2521,message_data,5,,
message_data,2522,message_data,5,,
message_data,2523,message_data,5,,
message_data,2524,message_data,5,,
message_data,2525,message_data,5,,
message_data,2526,message_data,5,,
message_data,2527,message_data,5,,
message_data,2528,message_data,5,,
message_data,2529,message_data,5,,
message_data,2530,message_data,5,,
message_data,2531,message_data,5,,
message_data,2532,message_data,5,,
message_data,2533,message_data,5,,
message_data,2534,message_data,5,,
message_data,2535,message_data,5,,
message_data,2536,message_data,5,,
message_data,2537,message_data,2538,,
message_data,2538,message_data,2538,,
message_data,2539,message_data,2539,,
message_data,2540,message_data,2540,,
message_data,2541,message_data,2541,,
message_data,2542,message_data,2542,,
message_data,2543,message_data,2543,,
message_data,2544,message_data,2544,,
message_data,2545,message_data,2545,,
message_data,2546,message_data,2546,,
message_data,2547,message_data,2547,,
message_data,2548,message_data,2548,,
message_data,2549,message_data,2549,,
message_data,2550,message_data,2550,,
message_data,2551,message_data,2551,,
message_data,2552,message_data,2552,,
message_data,2553,message_data,2553,,
message_data,2554,message_data,2554,,
message_data,2555,message_data,2555,,
message_data,2556,message_data,2556,,
message_data,2557,message_data,2557,,
message_data,2558,message_data,2558,,
message_data,2559,message_data,2559,,
message_data,2560,message_data,2560,,
message_data,2561,message_data,2561,,
message_data,2562,message_data,2562,,
message_data,2563,message_data,2563,,
message_data,2564,message_data,2564,,
message_data,2565,message_data,2565,,
message_data,2566,message_data,2566,,
message_data,2567,message_data,2567,,
message_data,2568,message_data,2568,,
message_data,2569,message_data,2569,,
message_data,2570,message_data,2570,,
message_data,2571,message_data,2571,,
message_data,2572,message_data,2572,,
message_data,2573,message_data,2573,,
message_data,2574,message_data,2574,,
message_data,2575,message_data,2575,,
message_data,2576,message_data,2576,,
message_data,2577,message_data,2577,,
message_data,2578,message_data,2578,,
message_data,2579,message_data,2579,,
message_data,2580,message_data,2580,,
message_data,2581,message_data,2581,,
message_data,2582,message_data,2582,,
message_data,2583,message_data,2583,,
message_data,2584,message_data,2584,,
message_data,2585,message_data,2585,,
message_data,2586,message_data,2586,,
message_data,2587,message_data,2587,,
message_data,2588,message_data,2588,,
message_data,2589,message_data,2589,,
message_data,2590,message_data,2590,,
message_data,2591,message_data,2591,,
message_data,2592,message_data,2592,,
message_data,2593,message_data,2593,,
message_data,2594,message_data,2594,,
message_data,2595,message_data,2595,,
message_data,2596,message_data,2596,,
message_data,2597,message_data,2597,,
message_data,2598,message_data,2598,,
message_data,2599,message_data,2599,,
message_data,2600,message_data,2600,,
message_data,2601,message_data,2601,,
message_data,2602,message_data,2602,,
message_data,2603,message_data,2603,,
message_data,2604,message_data,2604,,
message_data,2605,message_data,2605,,
message_data,2606,message_data,2606,,
message_data,2607,message_data,2607,,
message_data,2608,message_data,2608,,
message_data,2609,message_data,2609,,
message_data,2610,message_data,2610,,
message_data,2611,message_data,2611,,
message_data,2612,message_data,2612,,
message_data,2613,message_data,2613,,
message_data,2614,message_data,2614,,
message_data,2615,message_data,2615,,
message_data,2616,message_data,2616,,
message_data,2617,message_data,2617,,
message_data,2618,message_data,2618,,
message_data,2619,message_data,2619,,
message_data,2620,message_data,2620,,
message_data,2621,message_data,2621,,
message_data,2622,message_data,2622,,
message_data,2623,message_data,2623,,
message_data,2624,message_data,2624,,
message_data,2625,message_data,2625,,
message_data,2626,message_data,2626,,
message_data,2627,message_data,2627,,
message_data,2628,message_data,2628,,
message_data,2629,message_data,2629,,
message_data,2630,message_data,2630,,
message_data,2631,message_data,2631,,
message_data,2632,message_data,2632,,
message_data,2633,message_data,2633,,
message_data,2634,message_data,2634,,
message_data,2635,message_data,2635,,
message_data,2636,message_data,2636,,
message_data,2637,message_data,2637,,
message_data,2638,message_data,2638,,
message_data,2639,message_data,2639,,
message_data,2640,message_data,2640,,
message_data,2641,message_data,2641,,
message_data,2642,message_data,2642,,
message_data,2643,message_data,2643,,
message_data,2644,message_data,2644,,
message_data,2645,message_data,2645,,
message_data,2646,message_data,2646,,
message_data,2647,message_data,2647,,
message_data,2648,message_data,2648,,
message_data,2649,message_data,2649,,
message_data,2650,message_data,2650,,
message_data,2651,message_data,2651,,
message_data,2652,message_data,2652,,
message_data,2653,message_data,2653,,
message_data,2654,message_data,2654,,
message_data,2655,message_data,2655,,
message_data,2656,message_data,2656,,
message_data,2657,message_data,2657,,
message_data,2658,message_data,2658,,
message_data,2659,message_data,2659,,
message_data,2660,message_data,2660,,
message_data,2661,message_data,2661,,
message_data,2662,message_data,2662,,
message_data,2663,message_data,2663,,
message_data,2664,message_data,2664,,
message_data,2665,message_data,2665,,
message_data,2666,message_data,2666,,
message_data,2667,message_data,2667,,
message_data,2668,message_data,2668,,
message_data,2669,message_data,2669,,
message_data,2670,message_data,2670,,
message_data,2671,message_data,2671,,
message_data,2672,message_data,2672,,
message_data,2673,message_data,2673,,
message_data,2674,message_data,2674,,
message_data,2675,message_data,2675,,
message_data,2676,message_data,2676,,
message_data,2677,message_data,2677,,
message_data,2678,message_data,2678,,
message_data,2679,message_data,2679,,
message_data,2680,message_data,2680,,
message_data,2681,message_data,2681,,
message_data,2682,message_data,2682,,
message_data,2683,message_data,2683,,
message_data,2684,message_data,2684,,
message_data,2685,message_data,2685,,
message_data,2686,message_data,2686,,
message_data,2687,message_data,2687,,
message_data,2688,message_data,2688,,
message_data,2689,message_data,2689,,
message_data,2690,message_data,2690,,
message_data,2691,message_data,2691,,
message_data,2692,message_data,2692,,
message_data,2693,message_data,2693,,
message_data,2694,message_data,2694,,
message_data,2695,message_data,2695,,
message_data,2696,message_data,2696,,
message_data,2697,message_data,2697,,
message_data,2698,message_data,2698,,
message_data,2699,message_data,2699,,
message_data,2700,message_data,2700,,
message_data,2701,message_data,2701,,
message_data,2702,message_data,2702,,
message_data,2703,message_data,2703,,
message_data,2704,message_data,2704,,
message_data,2705,message_data,2705,,
message_data,2706,message_data,2706,,
message_data,2707,message_data,2707,,
message_data,2708,message_data,2708,,
message_data,2709,message_data,2709,,
message_data,2710,message_data,2710,,
message_data,2711,message_data,2711,,
message_data,2712,message_data,2712,,
message_data,2713,message_data,2713,,
message_data,2714,message_data,2714,,
message_data,2715,message_data,2715,,
message_data,2716,message_data,2716,,
message_data,2717,message_data,2717,,
message_data,2718,message_data,2718,,
message_data,2719,message_data,2719,,
message_data,2720,message_data,2720,,
message_data,2721,message_data,2721,,
message_data,2722,message_data,2722,,
message_data,2723,message_data,2723,,
message_data,2724,message_data,2724,,
message_data,2725,message_data,2725,,
message_data,2726,message_data,2726,,
message_data,2727,message_data,2727,,
message_data,2728,message_data,2728,,
message_data,2729,message_data,2729,,
message_data,2730,message_data,2730,,
message_data,2731,message_data,2731,,
message_data,2732,message_data,2732,,
message_data,2733,message_data,2733,,
message_data,2734,message_data,2734,,
message_data,2735,message_data,2735,,
message_data,2736,message_data,2736,,
message_data,2737,message_data,2737,,
message_data,2738,message_data,2738,,
message_data,2739,message_data,2739,,
message_data,2740,message_data,2740,,
message_data,2741,message_data,2741,,
message_data,2742,message_data,2742,,
message_data,2743,message_data,2743,,
message_data,2744,message_data,2744,,
message_data,2745,message_data,2745,,
message_data,2746,message_data,2746,,
message_data,2747,message_data,2747,,
message_data,2748,message_data,2748,,
message_data,2749,message_data,2749,,
message_data,2750,message_data,2750,,
message_data,2751,message_data,2751,,
message_data,2752,message_data,2752,,
message_data,2753,message_data,2753,,
message_data,2754,message_data,2754,,
message_data,2755,message_data,2755,,
message_data,2756,message_data,2756,,
message_data,2757,message_data,2757,,
message_data,2758,message_data,2758,,
message_data,2759,message_data,2759,,
message_data,2760,message_data,2760,,
message_data,2761,message_data,2761,,
message_data,2762,message_data,2762,,
message_data,2763,message_data,2763,,
message_data,2764,message_data,2764,,
message_data,2765,message_data,2765,,
message_data,2766,message_data,2766,,
message_data,2767,message_data,2767,,
message_data,2768,message_data,2768,,
message_data,2769,message_data,2769,,
message_data,2770,message_data,2770,,
message_data,2771,message_data,2771,,
message_data,2772,message_data,2772,,
message_data,2773,message_data,2773,,
message_data,2774,message_data,2774,,
message_data,2775,message_data,2775,,
message_data,2776,message_data,2776,,
message_data,2777,message_data,2777,,
message_data,2778,message_data,2778,,
message_data,2779,message_data,2779,,
message_data,2780,message_data,2780,,
message_data,2781,message_data,2781,,
message_data,2782,message_data,2782,,
message_data,2783,message_data,2783,,
message_data,2784,message_data,2784,,
message_data,2785,message_data,2785,,
message_data,2786,message_data,2786,,
message_data,2787,message_data,2787,,
message_data,2788,message_data,2788,,
message_data,2789,message_data,2789,,
message_data,2790,message_data,2790,,
message_data,2791,message_data,2791,,
message_data,2792,message_data,2792,,
message_data,2793,message_data,2793,,
message_data,2794,message_data,2794,,
message_data,2795,message_data,2795,,
message_data,2796,message_data,2796,,
message_data,2797,message_data,2797,,
message_data,2798,message_data,2798,,
message_data,2799,message_data,2799,,
message_data,2800,message_data,2800,,
message_data,2801,message_data,2801,,
message_data,2802,message_data,2802,,
message_data,2803,message_data,2803,,
message_data,2804,message_data,2804,,
message_data,2805,message_data,2805,,
message_data,2806,message_data,2806,,
message_data,2807,message_data,2807,,
message_data,2808,message_data,2808,,
message_data,2809,message_data,2809,,
message_data,2810,message_data,2810,,
message_data,2811,message_data,2811,,
message_data,2812,message_data,2812,,
message_data,2813,message_data,2813,,
message_data,2814,message_data,2814,,
message_data,2815,message_data,2815,,
message_data,2816,message_data,2816,,
message_data,2817,message_data,2817,,
message_data,2818,message_data,2818,,
message_data,2819,message_data,2819,,
message_data,2820,message_data,2820,,
message_data,2821,message_data,2821,,
message_data,2822,message_data,2822,,
message_data,2823,message_data,2823,,
message_data,2824,message_data,2824,,
message_data,2825,message_data,2825,,
message_data,2826,message_data,2826,,
message_data,2827,message_data,2827,,
message_data,2828,message_data,2828,,
message_data,2829,message_data,2829,,
message_data,2830,message_data,2830,,
message_data,2831,message_data,2831,,
message_data,2832,message_data,2832,,
message_data,2833,message_data,2833,,
message_data,2834,message_data,2834,,
message_data,2835,message_data,2835,,
message_data,2836,message_data,2836,,
message_data,2837,message_data,2837,,
message_data,2838,message_data,2838,,
message_data,2839,message_data,2839,,
message_data,2840,message_data,2840,,
message_data,2841,message_data,2841,,
message_data,2842,message_data,2842,,
message_data,2843,message_data,2843,,
message_data,2844,message_data,2844,,
message_data,2845,message_data,2845,,
message_data,2846,message_data,2846,,
message_data,2847,message_data,2847,,
message_data,2848,message_data,2848,,
message_data,2849,message_data,2849,,
message_data,2850,message_data,2850,,
message_data,2851,message_data,2851,,
message_data,2852,message_data,2852,,
message_data,2853,message_data,2853,,
message_data,2854,message_data,2854,,
message_data,2855,message_data,2855,,
message_data,2856,message_data,2856,,
message_data,2857,message_data,2857,,
message_data,2858,message_data,2858,,
message_data,2859,message_data,2859,,
message_data,2860,message_data,2860,,
message_data,2861,message_data,2861,,
message_data,2862,message_data,2862,,
message_data,2863,message_data,2863,,
message_data,2864,message_data,2864,,
message_data,2865,message_data,2865,,
message_data,2866,message_data,2866,,
message_data,2867,message_data,2867,,
message_data,2868,message_data,2868,,
message_data,2869,message_data,2869,,
message_data,2870,message_data,2870,,
message_data,2871,message_data,2871,,
message_data,2872,message_data,2872,,
message_data,2873,message_data,2873,,
message_data,2874,message_data,2874,,
message_data,2875,message_data,2875,,
message_data,2876,message_data,2876,,
message_data,2877,message_data,2877,,
message_data,2878,message_data,2878,,
message_data,2879,message_data,2879,,
message_data,2880,message_data,2880,,
message_data,2881,message_data,2881,,
message_data,2882,message_data,2882,,
message_data,2883,message_data,2883,,
message_data,2884,message_data,2884,,
message_data,2885,message_data,2885,,
message_data,2886,message_data,2886,,
message_data,2887,message_data,2887,,
message_data,2888,message_data,2888,,
message_data,2889,message_data,2889,,
message_data,2890,message_data,2890,,
message_data,2891,message_data,2891,,
message_data,2892,message_data,2892,,
message_data,2893,message_data,2893,,
message_data,2894,message_data,2894,,
message_data,2895,message_data,2895,,
message_data,2896,message_data,2896,,
message_data,2897,message_data,2897,,
message_data,2898,message_data,2898,,
message_data,2899,message_data,2899,,
message_data,2900,message_data,2900,,
message_data,2901,message_data,2901,,
message_data,2902,message_data,2902,,
message_data,2903,message_data,2903,,
message_data,2904,message_data,2904,,
message_data,2905,message_data,2905,,
message_data,2906,message_data,2906,,
message_data,2907,message_data,2907,,
message_data,2908,message_data,2908,,
message_data,2909,message_data,2909,,
message_data,2910,message_data,2910,,
message_data,2911,message_data,2911,,
message_data,2912,message_data,2912,,
message_data,2913,message_data,2913,,
message_data,2914,message_data,2914,,
message_data,2915,message_data,2915,,
message_data,2916,message_data,2916,,
message_data,2917,message_data,2917,,
message_data,2918,message_data,2918,,
message_data,2919,message_data,2919,,
message_data,2920,message_data,2920,,
message_data,2921,message_data,2921,,
message_data,2922,message_data,2922,,
message_data,2923,message_data,2923,,
message_data,2924,message_data,2924,,
message_data,2925,message_data,2925,,
message_data,2926,message_data,2926,,
message_data,2927,message_data,2927,,
message_data,2928,message_data,2928,,
message_data,2929,message_data,2929,,
message_data,2930,message_data,2930,,
message_data,2931,message_data,2931,,
message_data,2932,message_data,2932,,
message_data,2933,message_data,2933,,
message_data,2934,message_data,2934,,
message_data,2935,message_data,2935,,
message_data,2936,message_data,2936,,
message_data,2937,message_data,2937,,
message_data,2938,message_data,2938,,
message_data,2939,message_data,2939,,
message_data,2940,message_data,2940,,
message_data,2941,message_data,2941,,
message_data,2942,message_data,2942,,
message_data,2943,message_data,2943,,
message_data,2944,message_data,2944,,
message_data,2945,message_data,2945,,
message_data,2946,message_data,2946,,
message_data,2947,message_data,2947,,
message_data,2948,message_data,2948,,
message_data,2949,message_data,2949,,
message_data,2950,message_data,2950,,
message_data,2951,message_data,2951,,
message_data,2952,message_data,2952,,
message_data,2953,message_data,2953,,
message_data,2954,message_data,2954,,
message_data,2955,message_data,2955,,
message_data,2956,message_data,2956,,
message_data,2957,message_data,2957,,
message_data,2958,message_data,2958,,
message_data,2959,message_data,2959,,
message_data,2960,message_data,2960,,
message_data,2961,message_data,2961,,
message_data,2962,message_data,2962,,
message_data,2963,message_data,2963,,
message_data,2964,message_data,2964,,
message_data,2965,message_data,2965,,
message_data,2966,message_data,2966,,
message_data,2967,message_data,2967,,
message_data,2968,message_data,2968,,
message_data,2969,message_data,2969,,
message_data,2970,message_data,2970,,
message_data,2971,message_data,2971,,
message_data,2972,message_data,2972,,
message_data,2973,message_data,2973,,
message_data,2974,message_data,2974,,
message_data,2975,message_data,2975,,
message_data,2976,message_data,2976,,
message_data,2977,message_data,2977,,
message_data,2978,message_data,2978,,
message_data,2979,message_data,2979,,
message_data,2980,message_data,2980,,
message_data,2981,message_data,2981,,
message_data,2982,message_data,2982,,
message_data,2983,message_data,2983,,
message_data,2984,message_data,2984,,
message_data,2985,message_data,2985,,
message_data,2986,message_data,2986,,
message_data,2987,message_data,2987,,
message_data,2988,message_data,2988,,
message_data,2989,message_data,2989,,
message_data,2990,message_data,2990,,
message_data,2991,message_data,2991,,
message_data,2992,message_data,2992,,
message_data,2993,message_data,2993,,
message_data,2994,message_data,2994,,
message_data,2995,message_data,2995,,
message_data,2996,message_data,2996,,
message_data,2997,message_data,2997,,
message_data,2998,message_data,2998,,
message_data,2999,message_data,2999,,
message_data,3000,message_data,3000,,
message_data,3001,message_data,3001,,
message_data,3002,message_data,3002,,
message_data,3003,message_data,3003,,
message_data,3004,message_data,3004,,
message_data,3005,message_data,3005,,
message_data,3006,message_data,3006,,
message_data,3007,message_data,3007,,
message_data,3008,message_data,3008,,
message_data,3009,message_data,3009,,
message_data,3010,message_data,3010,,
message_data,3011,message_data,3011,,
message_data,3012,message_data,3012,,
message_data,3013,message_data,3013,,
message_data,3014,message_data,3014,,
message_data,3015,message_data,3015,,
message_data,3016,message_data,3016,,
message_data,3017,message_data,3017,,
message_data,3018,message_data,3018,,
message_data,3019,message_data,3019,,
message_data,3020,message_data,3020,,
message_data,3021,message_data,3021,,
message_data,3022,message_data,3022,,
message_data,3023,message_data,3023,,
message_data,3024,message_data,3024,,
message_data,3025,message_data,3025,,
message_data,3026,message_data,3026,,
message_data,3027,message_data,3027,,
message_data,3028,message_data,3028,,
message_data,3029,message_data,3029,,
message_data,3030,message_data,3030,,
message_data,3031,message_data,3031,,
message_data,3032,message_data,3032,,
message_data,3033,message_data,3033,,
message_data,3034,message_data,3034,,
message_data,3035,message_data,3035,,
message_data,3036,message_data,3036,,
message_data,3037,message_data,3037,,
message_data,3038,message_data,3038,,
message_data,3039,message_data,3039,,
message_data,3040,message_data,3040,,
message_data,3041,message_data,3041,,
message_data,3042,message_data,3042,,
message_data,3043,message_data,3043,,
message_data,3044,message_data,3044,,
message_data,3045,message_data,3045,,
message_data,3046,message_data,3046,,
message_data,3047,message_data,3047,,
message_data,3048,message_data,3048,,
message_data,3049,message_data,3049,,
message_data,3050,message_data,3050,,
message_data,3051,message_data,3051,,
message_data,3052,message_data,3052,,
message_data,3053,message_data,3053,,
message_data,3054,message_data,3054,,
message_data,3055,message_data,3055,,
message_data,3056,message_data,3056,,
message_data,3057,message_data,3057,,
message_data,3058,message_data,3058,,
message_data,3059,message_data,3059,,
message_data,3060,message_data,3060,,
message_data,3061,message_data,3061,,
message_data,3062,message_data,3062,,
message_data,3063,message_data,3063,,
message_data,3064,message_data,3064,,
message_data,3065,message_data,3065,,
message_data,3066,message_data,3066,,
message_data,3067,message_data,3067,,
message_data,3068,message_data,3068,,
message_data,3069,message_data,3069,,
message_data,3070,message_data,3070,,
message_data,3071,message_data,3071,,
message_data,3072,message_data,3072,,
message_data,3073,message_data,3073,,
message_data,3074,message_data,3074,,
message_data,3075,message_data,3075,,
message_data,3076,message_data,3076,,
message_data,3077,message_data,3077,,
message_data,3078,message_data,3078,,
message_data,3079,message_data,3079,,
message_data,3080,message_data,3080,,
message_data,3081,message_data,3081,,
message_data,3082,message_data,3082,,
message_data,3083,message_data,3083,,
message_data,3084,message_data,3084,,
message_data,3085,message_data,3085,,
message_data,3086,message_data,3086,,
message_data,3087,message_data,3087,,
message_data,3088,message_data,3088,,
message_data,3089,message_data,3089,,
message_data,3090,message_data,3090,,
message_data,3091,message_data,3091,,
message_data,3092,message_data,3092,,
message_data,3093,message_data,3093,,
message_data,3094,message_data,3094,,
message_data,3095,message_data,3095,,
message_data,3096,message_data,3096,,
message_data,3097,message_data,3097,,
message_data,3098,message_data,3098,,
message_data,3099,message_data,3099,,
message_data,3100,message_data,3100,,
message_data,3101,message_data,3101,,
message_data,3102,message_data,3102,,
message_data,3103,message_data,3103,,
message_data,3104,message_data,3104,,
message_data,3105,message_data,3105,,
message_data,3106,message_data,3106,,
message_data,3107,message_data,3107,,
message_data,3108,message_data,3108,,
message_data,3109,message_data,3109,,
message_data,3110,message_data,3110,,
message_data,3111,message_data,3111,,
message_data,3112,message_data,3112,,
message_data,3113,message_data,3113,,
message_data,3114,message_data,3114,,
message_data,3115,message_data,3115,,
message_data,3116,message_data,3116,,
message_data,3117,message_data,3117,,
message_data,3118,message_data,3118,,
message_data,3119,message_data,3119,,
message_data,3120,message_data,3120,,
message_data,3121,message_data,3121,,
message_data,3122,message_data,3122,,
message_data,3123,message_data,3123,,
message_data,3124,message_data,3124,,
message_data,3125,message_data,3125,,
message_data,3126,message_data,3126,,
message_data,3127,message_data,3127,,
message_data,3128,message_data,3128,,
message_data,3129,message_data,3129,,
message_data,3130,message_data,3130,,
message_data,3131,message_data,3131,,
message_data,3132,message_data,3132,,
message_data,3133,message_data,3133,,
message_data,3134,message_data,3134,,
message_data,3135,message_data,3135,,
message_data,3136,message_data,3136,,
message_data,3137,message_data,3137,,
message_data,3138,message_data,3138,,
message_data,3139,message_data,3139,,
message_data,3140,message_data,3140,,
message_data,3141,message_data,3141,,
message_data,3142,message_data,3142,,
message_data,3143,message_data,3143,,
message_data,3144,message_data,3144,,
message_data,3145,message_data,3145,,
message_data,3146,message_data,3146,,
message_data,3147,message_data,3147,,
message_data,3148,message_data,3148,,
message_data,3149,message_data,3149,,
message_data,3150,message_data,3150,,
message_data,3151,message_data,3151,,
message_data,3152,message_data,3152,,
message_data,3153,message_data,3153,,
message_data,3154,message_data,3154,,
message_data,3155,message_data,3155,,
message_data,3156,message_data,3156,,
message_data,3157,message_data,3157,,
message_data,3158,message_data,3158,,
message_data,3159,message_data,3159,,
message_data,3160,message_data,3160,,
message_data,3161,message_data,3161,,
message_data,3162,message_data,3162,,
message_data,3163,message_data,3163,,
message_data,3164,message_data,3164,,
message_data,3165,message_data,3165,,
message_data,3166,message_data,3166,,
message_data,3167,message_data,3167,,
message_data,3168,message_data,3168,,
message_data,3169,message_data,3169,,
message_data,3170,message_data,3170,,
message_data,3171,message_data,3171,,
message_data,3172,message_data,3172,,
message_data,3173,message_data,3173,,
message_data,3174,message_data,3174,,
message_data,3175,message_data,3175,,
message_data,3176,message_data,3176,,
message_data,3177,message_data,3177,,
message_data,3178,message_data,3178,,
message_data,3179,message_data,3179,,
message_data,3180,message_data,3180,,
message_data,3181,message_data,3181,,
message_data,3182,message_data,3182,,
message_data,3183,message_data,3183,,
message_data,3184,message_data,3184,,
message_data,3185,message_data,3185,,
message_data,3186,message_data,3186,,
message_data,3187,message_data,3187,,
message_data,3188,message_data,3188,,
message_data,3189,message_data,3189,,
message_data,3190,message_data,3190,,
message_data,3191,message_data,3191,,
message_data,3192,message_data,3192,,
message_data,3193,message_data,3193,,
message_data,3194,message_data,3194,,
message_data,3195,message_data,3195,,
message_data,3196,message_data,3196,,
message_data,3197,message_data,3197,,
message_data,3198,message_data,3198,,
message_data,3199,message_data,3199,,
message_data,3200,message_data,3200,,
message_data,3201,message_data,3201,,
message_data,3202,message_data,3202,,
message_data,3203,message_data,3203,,
message_data,3204,message_data,3204,,
message_data,3205,message_data,3205,,
message_data,3206,message_data,3206,,
message_data,3207,message_data,3207,,
message_data,3208,message_data,3208,,
message_data,3209,message_data,3209,,
message_data,3210,message_data,3210,,
message_data,3211,message_data,3211,,
message_data,3212,message_data,3212,,
message_data,3213,message_data,3213,,
message_data,3214,message_data,3214,,
message_data,3215,message_data,3215,,
message_data,3216,message_data,3216,,
message_data,3217,message_data,3217,,
message_data,3218,message_data,3218,,
message_data,3219,message_data,3219,,
message_data,3220,message_data,3220,,
message_data,3221,message_data,3221,,
message_data,3222,message_data,3222,,
message_data,3223,message_data,3223,,
message_data,3224,message_data,3224,,
message_data,3225,message_data,3225,,
message_data,3226,message_data,3226,,
message_data,3227,message_data,3227,,
message_data,3228,message_data,3228,,
message_data,3229,message_data,3229,,
message_data,3230,message_data,3230,,
message_data,3231,message_data,3231,,
message_data,3232,message_data,3232,,
message_data,3233,message_data,3233,,
message_data,3234,message_data,3234,,
message_data,3235,message_data,3235,,
message_data,3236,message_data,3236,,
message_data,3237,message_data,3237,,
message_data,3238,message_data,3238,,
message_data,3239,message_data,3239,,
message_data,3240,message_data,3240,,
message_data,3241,message_data,3241,,
message_data,3242,message_data,3242,,
message_data,3243,message_data,3243,,
message_data,3244,message_data,3244,,
message_data,3245,message_data,3245,,
message_data,3246,message_data,3246,,
message_data,3247,message_data,3247,,
message_data,3248,message_data,3248,,
message_data,3249,message_data,3249,,
message_data,3250,message_data,3250,,
message_data,3251,message_data,3251,,
message_data,3252,message_data,3252,,
message_data,3253,message_data,3253,,
message_data,3254,message_data,3254,,
message_data,3255,message_data,3255,,
message_data,3256,message_data,3256,,
message_data,3257,message_data,3257,,
message_data,3258,message_data,3258,,
message_data,3259,message_data,3259,,
message_data,3260,message_data,3260,,
message_data,3261,message_data,3261,,
message_data,3262,message_data,3262,,
message_data,3263,message_data,3263,,
message_data,3264,message_data,3264,,
message_data,3265,message_data,3265,,
message_data,3266,message_data,3266,,
message_data,3267,message_data,3267,,
message_data,3268,message_data,3268,,
message_data,3269,message_data,3269,,
message_data,3270,message_data,3270,,
message_data,3271,message_data,3271,,
message_data,3272,message_data,3272,,
message_data,3273,message_data,3273,,
message_data,3274,message_data,3274,,
message_data,3275,message_data,3275,,
message_data,3276,message_data,3276,,
message_data,3277,message_data,3277,,
message_data,3278,message_data,3278,,
message_data,3279,message_data,3279,,
message_data,3280,message_data,3280,,
message_data,3281,message_data,3281,,
message_data,3282,message_data,3282,,
message_data,3283,message_data,3283,,
message_data,3284,message_data,3284,,
message_data,3285,message_data,3285,,
message_data,3286,message_data,3286,,
message_data,3287,message_data,3287,,
message_data,3288,message_data,3288,,
message_data,3289,message_data,3289,,
message_data,3290,message_data,3290,,
message_data,3291,message_data,3291,,
message_data,3292,message_data,3292,,
message_data,3293,message_data,3293,,
message_data,3294,message_data,3294,,
message_data,3295,message_data,3295,,
message_data,3296,message_data,3296,,
message_data,3297,message_data,3297,,
message_data,3298,message_data,3298,,
message_data,3299,message_data,3299,,
message_data,3300,message_data,3300,,
message_data,3301,message_data,3301,,
message_data,3302,message_data,3302,,
message_data,3303,message_data,3303,,
message_data,3304,message_data,3304,,
message_data,3305,message_data,3305,,
message_data,3306,message_data,3306,,
message_data,3307,message_data,3307,,
message_data,3308,message_data,3308,,
message_data,3309,message_data,3309,,
message_data,3310,message_data,3310,,
message_data,3311,message_data,3311,,
message_data,3312,message_data,3312,,
message_data,3313,message_data,3313,,
message_data,3314,message_data,3314,,
message_data,3315,message_data,3315,,
message_data,3316,message_data,3316,,
message_data,3317,message_data,3317,,
message_data,3318,message_data,3318,,
message_data,3319,message_data,3319,,
message_data,3320,message_data,3320,,
message_data,3321,message_data,3321,,
message_data,3322,message_data,3322,,
message_data,3323,message_data,3323,,
message_data,3324,message_data,3324,,
message_data,3325,message_data,3325,,
message_data,3326,message_data,3326,,
message_data,3327,message_data,3327,,
message_data,3328,message_data,3328,,
message_data,3329,message_data,3329,,
message_data,3330,message_data,3330,,
message_data,3331,message_data,3331,,
message_data,3332,message_data,3332,,
message_data,3333,message_data,3333,,
message_data,3334,message_data,3334,,
message_data,3335,message_data,3335,,
message_data,3336,message_data,3336,,
message_data,3337,message_data,3337,,
message_data,3338,message_data,3338,,
message_data,3339,message_data,3339,,
message_data,3340,message_data,3340,,
message_data,3341,message_data,3341,,
message_data,3342,message_data,3342,,
message_data,3343,message_data,3343,,
message_data,3344,message_data,3344,,
message_data,3345,message_data,3345,,
message_data,3346,message_data,3346,,
message_data,3347,message_data,3347,,
message_data,3348,message_data,3348,,
message_data,3349,message_data,3349,,
message_data,3350,message_data,3350,,
message_data,3351,message_data,3351,,
message_data,3352,message_data,3352,,
message_data,3353,message_data,3353,,
message_data,3354,message_data,3354,,
message_data,3355,message_data,3355,,
message_data,3356,message_data,3356,,
message_data,3357,message_data,3357,,
message_data,3358,message_data,3358,,
message_data,3359,message_data,3359,,
message_data,3360,message_data,3360,,
message_data,3361,message_data,3361,,
message_data,3362,message_data,3362,,
message_data,3363,message_data,3363,,
message_data,3364,message_data,3364,,
message_data,3365,message_data,3365,,
message_data,3366,message_data,3366,,
message_data,3367,message_data,3367,,
message_data,3368,message_data,3368,,
message_data,3369,message_data,3369,,
message_data,3370,message_data,3370,,
message_data,3371,message_data,3371,,
message_data,3372,message_data,3372,,
message_data,3373,message_data,3373,,
message_data,3374,message_data,3374,,
message_data,3375,message_data,3375,,
message_data,3376,message_data,3376,,
message_data,3377,message_data,3377,,
message_data,3378,message_data,3378,,
message_data,3379,message_data,3379,,
message_data,3380,message_data,3380,,
message_data,3381,message_data,3381,,
message_data,3382,message_data,3382,,
message_data,3383,message_data,3383,,
message_data,3384,message_data,3384,,
message_data,3385,message_data,3385,,
message_data,3386,message_data,3386,,
message_data,3387,message_data,3387,,
message_data,3388,message_data,3388,,
message_data,3389,message_data,3389,,
message_data,3390,message_data,3390,,
message_data,3391,message_data,3391,,
message_data,3392,message_data,3392,,
message_data,3393,message_data,3393,,
message_data,3394,message_data,3394,,
message_data,3395,message_data,3395,,
message_data,3396,message_data,3396,,
message_data,3397,message_data,3397,,
message_data,3398,message_data,3398,,
message_data,3399,message_data,3399,,
message_data,3400,message_data,3400,,
message_data,3401,message_data,3401,,
message_data,3402,message_data,3402,,
message_data,3403,message_data,3403,,
message_data,3404,message_data,3404,,
message_data,3405,message_data,3405,,
message_data,3406,message_data,3406,,
message_data,3407,message_data,3407,,
message_data,3408,message_data,3408,,
message_data,3409,message_data,3409,,
message_data,3410,message_data,3410,,
message_data,3411,message_data,3411,,
message_data,3412,message_data,3412,,
message_data,3413,message_data,3413,,
message_data,3414,message_data,3414,,
message_data,3415,message_data,3415,,
message_data,3416,message_data,3416,,
message_data,3417,message_data,3417,,
message_data,3418,message_data,3418,,
message_data,3419,message_data,3419,,
message_data,3420,message_data,3420,,
message_data,3421,message_data,3421,,
message_data,3422,message_data,3422,,
message_data,3423,message_data,3423,,
message_data,3424,message_data,3424,,
message_data,3425,message_data,3425,,
message_data,3426,message_data,3426,,
message_data,3427,message_data,3427,,
message_data,3428,message_data,3428,,
message_data,3429,message_data,3429,,
message_data,3430,message_data,3430,,
message_data,3431,message_data,3431,,
message_data,3432,message_data,3432,,
message_data,3433,message_data,3433,,
message_data,3434,message_data,3434,,
message_data,3435,message_data,3435,,
message_data,3436,message_data,3436,,
message_data,3437,message_data,3437,,
message_data,3438,message_data,3438,,
message_data,3439,message_data,3439,,
message_data,3440,message_data,3440,,
message_data,3441,message_data,3441,,
message_data,3442,message_data,3442,,
message_data,3443,message_data,3443,,
message_data,3444,message_data,3444,,
message_data,3445,message_data,3445,,
message_data,3446,message_data,3446,,
message_data,3447,message_data,3447,,
message_data,3448,message_data,3448,,
message_data,3449,message_data,3449,,
message_data,3450,message_data,3450,,
message_data,3451,message_data,3451,,
message_data,3452,message_data,3452,,
message_data,3453,message_data,3453,,
message_data,3454,message_data,3454,,
message_data,3455,message_data,3455,,
message_data,3456,message_data,3456,,
message_data,3457,message_data,3457,,
message_data,3458,message_data,3458,,
message_data,3459,message_data,3459,,
message_data,3460,message_data,3460,,
message_data,3461,message_data,3461,,
message_data,3462,message_data,3462,,
message_data,3463,message_data,3463,,
message_data,3464,message_data,3464,,
message_data,3465,message_data,3465,,
message_data,3466,message_data,3466,,
message_data,3467,message_data,3467,,
message_data,3468,message_data,3468,,
message_data,3469,message_data,3469,,
message_data,3470,message_data,3470,,
message_data,3471,message_data,3471,,
message_data,3472,message_data,3472,,
message_data,3473,message_data,3473,,
message_data,3474,message_data,3474,,
message_data,3475,message_data,3475,,
message_data,3476,message_data,3476,,
message_data,3477,message_data,3477,,
message_data,3478,message_data,3478,,
message_data,3479,message_data,3479,,
message_data,3480,message_data,3480,,
message_data,3481,message_data,3481,,
message_data,3482,message_data,3482,,
message_data,3483,message_data,3483,,
message_data,3484,message_data,3484,,
message_data,3485,message_data,3485,,
message_data,3486,message_data,3486,,
message_data,3487,message_data,3487,,
message_data,3488,message_data,3488,,
message_data,3489,message_data,3489,,
message_data,3490,message_data,3490,,
message_data,3491,message_data,3491,,
message_data,3492,message_data,3492,,
message_data,3493,message_data,3493,,
message_data,3494,message_data,3494,,
message_data,3495,message_data,3495,,
message_data,3496,message_data,3496,,
message_data,3497,message_data,3497,,
message_data,3498,message_data,3498,,
message_data,3499,message_data,3499,,
message_data,3500,message_data,3500,,
message_data,3501,message_data,3501,,
message_data,3502,message_data,3502,,
message_data,3503,message_data,3503,,
message_data,3504,message_data,3504,,
message_data,3505,message_data,3505,,
message_data,3506,message_data,3506,,
message_data,3507,message_data,3507,,
message_data,3508,message_data,3508,,
message_data,3509,message_data,3509,,
message_data,3510,message_data,3510,,
message_data,3511,message_data,3511,,
message_data,3512,message_data,3512,,
message_data,3513,message_data,3513,,
message_data,3514,message_data,3514,,
message_data,3515,message_data,3515,,
message_data,3516,message_data,3516,,
message_data,3517,message_data,3517,,
message_data,3518,message_data,3518,,
message_data,3519,message_data,3519,,
message_data,3520,message_data,3520,,
message_data,3521,message_data,3521,,
message_data,3522,message_data,3522,,
message_data,3523,message_data,3523,,
message_data,3524,message_data,3524,,
message_data,3525,message_data,3525,,
message_data,3526,message_data,3526,,
message_data,3527,message_data,3527,,
message_data,3528,message_data,3528,,
message_data,3529,message_data,3529,,
message_data,3530,message_data,3530,,
message_data,3531,message_data,3531,,
message_data,3532,message_data,3532,,
message_data,3533,message_data,3533,,
message_data,3534,message_data,3534,,
message_data,3535,message_data,3535,,
message_data,3536,message_data,3536,,
message_data,3537,message_data,3537,,
message_data,3538,message_data,3538,,
message_data,3539,message_data,3539,,
message_data,3540,message_data,3540,,
message_data,3541,message_data,3541,,
message_data,3542,message_data,3542,,
message_data,3543,message_data,3543,,
message_data,3544,message_data,3544,,
message_data,3545,message_data,3545,,
message_data,3546,message_data,3546,,
message_data,3547,message_data,3547,,
message_data,3548,message_data,3548,,
message_data,3549,message_data,3549,,
message_data,3550,message_data,3550,,
message_data,3551,message_data,3551,,
message_data,3552,message_data,3552,,
message_data,3553,message_data,3553,,
message_data,3554,message_data,3554,,
message_data,3555,message_data,3555,,
message_data,3556,message_data,3556,,
message_data,3557,message_data,3557,,
message_data,3558,message_data,3558,,
message_data,3559,message_data,3559,,
message_data,3560,message_data,3560,,
message_data,3561,message_data,3561,,
message_data,3562,message_data,3562,,
message_data,3563,message_data,3563,,
message_data,3564,message_data,3564,,
message_data,3565,message_data,3565,,
message_data,3566,message_data,3566,,
message_data,3567,message_data,3567,,
message_data,3568,message_data,3568,,
message_data,3569,message_data,3569,,
message_data,3570,message_data,3570,,
message_data,3571,message_data,3571,,
message_data,3572,message_data,3572,,
message_data,3573,message_data,3573,,
message_data,3574,message_data,3574,,
message_data,3575,message_data,3575,,
message_data,3576,message_data,3576,,
message_data,3577,message_data,3577,,
message_data,3578,message_data,3578,,
message_data,3579,message_data,3579,,
message_data,3580,message_data,3580,,
message_data,3581,message_data,3581,,
message_data,3582,message_data,3582,,
message_data,3583,message_data,3583,,
message_data,3584,message_data,3584,,
message_data,3585,message_data,3585,,
message_data,3586,message_data,3586,,
message_data,3587,message_data,3587,,
message_data,3588,message_data,3588,,
message_data,3589,message_data,3589,,
message_data,3590,message_data,3590,,
message_data,3591,message_data,3591,,
message_data,3592,message_data,3592,,
message_data,3593,message_data,3593,,
message_data,3594,message_data,3594,,
message_data,3595,message_data,3595,,
message_data,3596,message_data,3596,,
message_data,3597,message_data,3597,,
message_data,3598,message_data,3598,,
message_data,3599,message_data,3599,,
message_data,3600,message_data,3600,,
message_data,3601,message_data,3601,,
message_data,3602,message_data,3602,,
message_data,3603,message_data,3603,,
message_data,3604,message_data,3604,,
message_data,3605,message_data,3605,,
message_data,3606,message_data,3606,,
message_data,3607,message_data,3607,,
message_data,3608,message_data,3608,,
message_data,3609,message_data,3609,,
message_data,3610,message_data,3610,,
message_data,3611,message_data,3611,,
message_data,3612,message_data,3612,,
message_data,3613,message_data,3613,,
message_data,3614,message_data,3614,,
message_data,3615,message_data,3615,,
message_data,3616,message_data,3616,,
message_data,3617,message_data,3617,,
message_data,3618,message_data,3618,,
message_data,3619,message_data,3619,,
message_data,3620,message_data,3620,,
message_data,3621,message_data,3621,,
message_data,3622,message_data,3622,,
message_data,3623,message_data,3623,,
message_data,3624,message_data,3624,,
message_data,3625,message_data,3625,,
message_data,3626,message_data,3626,,
message_data,3627,message_data,3627,,
message_data,3628,message_data,3628,,
message_data,3629,message_data,3629,,
message_data,3630,message_data,3630,,
message_data,3631,message_data,3631,,
message_data,3632,message_data,3632,,
message_data,3633,message_data,3633,,
message_data,3634,message_data,3634,,
message_data,3635,message_data,3635,,
message_data,3636,message_data,3636,,
message_data,3637,message_data,3637,,
message_data,3638,message_data,3638,,
message_data,3639,message_data,3639,,
message_data,3640,message_data,3640,,
message_data,3641,message_data,3641,,
message_data,3642,message_data,3642,,
message_data,3643,message_data,3643,,
message_data,3644,message_data,3644,,
message_data,3645,message_data,3645,,
message_data,3646,message_data,3646,,
message_data,3647,message_data,3647,,
message_data,3648,message_data,3648,,
message_data,3649,message_data,3649,,
message_data,3650,message_data,3650,,
message_data,3651,message_data,3651,,
message_data,3652,message_data,3652,,
message_data,3653,message_data,3653,,
message_data,3654,message_data,3654,,
message_data,3655,message_data,3655,,
message_data,3656,message_data,3656,,
message_data,3657,message_data,3657,,
message_data,3658,message_data,3658,,
message_data,3659,message_data,3659,,
message_data,3660,message_data,3660,,
message_data,3661,message_data,3661,,
message_data,3662,message_data,3662,,
message_data,3663,message_data,3663,,
message_data,3664,message_data,3664,,
message_data,3665,message_data,3665,,
message_data,3666,message_data,3666,,
message_data,3667,message_data,3667,,
message_data,3668,message_data,3668,,
message_data,3669,message_data,3669,,
message_data,3670,message_data,3670,,
message_data,3671,message_data,3671,,
message_data,3672,message_data,3672,,
message_data,3673,message_data,3673,,
message_data,3674,message_data,3674,,
message_data,3675,message_data,3675,,
message_data,3676,message_data,3676,,
message_data,3677,message_data,3677,,
message_data,3678,message_data,3678,,
message_data,3679,message_data,3679,,
message_data,3680,message_data,3680,,
message_data,3681,message_data,3681,,
message_data,3682,message_data,3682,,
message_data,3683,message_data,3683,,
message_data,3684,message_data,3684,,
message_data,3685,message_data,3685,,
message_data,3686,message_data,3686,,
message_data,3687,message_data,3687,,
message_data,3688,message_data,3688,,
message_data,3689,message_data,3689,,
message_data,3690,message_data,3690,,
message_data,3691,message_data,3691,,
message_data,3692,message_data,3692,,
message_data,3693,message_data,3693,,
message_data,3694,message_data,3694,,
message_data,3695,message_data,3695,,
message_data,3696,message_data,3696,,
message_data,3697,message_data,3697,,
message_data,3698,message_data,3698,,
message_data,3699,message_data,3699,,
message_data,3700,message_data,3700,,
message_data,3701,message_data,3701,,
message_data,3702,message_data,3702,,
message_data,3703,message_data,3703,,
message_data,3704,message_data,3704,,
message_data,3705,message_data,3705,,
message_data,3706,message_data,3706,,
message_data,3707,message_data,3707,,
message_data,3708,message_data,3708,,
message_data,3709,message_data,3709,,
message_data,3710,message_data,3710,,
message_data,3711,message_data,3711,,
message_data,3712,message_data,3712,,
message_data,3713,message_data,3713,,
message_data,3714,message_data,3714,,
message_data,3715,message_data,3715,,
message_data,3716,message_data,3716,,
message_data,3717,message_data,3717,,
message_data,3718,message_data,3718,,
message_data,3719,message_data,3719,,
message_data,3720,message_data,3720,,
message_data,3721,message_data,3721,,
message_data,3722,message_data,3722,,
message_data,3723,message_data,3723,,
message_data,3724,message_data,3724,,
message_data,3725,message_data,3725,,
message_data,3726,message_data,3726,,
message_data,3727,message_data,3727,,
message_data,3728,message_data,3728,,
message_data,3729,message_data,3729,,
message_data,3730,message_data,3730,,
message_data,3731,message_data,3731,,
message_data,3732,message_data,3732,,
message_data,3733,message_data,3733,,
message_data,3734,message_data,3734,,
message_data,3735,message_data,3735,,
message_data,3736,message_data,3736,,
message_data,3737,message_data,3737,,
message_data,3738,message_data,3738,,
message_data,3739,message_data,3739,,
message_data,3740,message_data,3740,,
message_data,3741,message_data,3741,,
message_data,3742,message_data,3742,,
message_data,3743,message_data,3743,,
message_data,3744,message_data,3744,,
message_data,3745,message_data,3745,,
message_data,3746,message_data,3746,,
message_data,3747,message_data,3747,,
message_data,3748,message_data,3748,,
message_data,3749,message_data,3749,,
message_data,3750,message_data,3750,,
message_data,3751,message_data,3751,,
message_data,3752,message_data,3752,,
message_data,3753,message_data,3753,,
message_data,3754,message_data,3754,,
message_data,3755,message_data,3755,,
message_data,3756,message_data,3756,,
message_data,3757,message_data,3757,,
message_data,3758,message_data,3758,,
message_data,3759,message_data,3759,,
message_data,3760,message_data,3760,,
message_data,3761,message_data,3761,,
message_data,3762,message_data,3762,,
message_data,3763,message_data,3763,,
message_data,3764,message_data,3764,,
message_data,3765,message_data,3765,,
message_data,3766,message_data,3766,,
message_data,3767,message_data,3767,,
message_data,3768,message_data,3768,,
message_data,3769,message_data,3769,,
message_data,3770,message_data,3770,,
message_data,3771,message_data,3771,,
message_data,3772,message_data,3772,,
message_data,3773,message_data,3773,,
message_data,3774,message_data,3774,,
message_data,3775,message_data,3775,,
message_data,3776,message_data,3776,,
message_data,3777,message_data,3777,,
message_data,3778,message_data,3778,,
message_data,3779,message_data,3779,,
message_data,3780,message_data,3780,,
message_data,3781,message_data,3781,,
message_data,3782,message_data,3782,,
message_data,3783,message_data,3783,,
message_data,3784,message_data,3784,,
message_data,3785,message_data,3785,,
message_data,3786,message_data,3786,,
message_data,3787,message_data,3787,,
message_data,3788,message_data,3788,,
message_data,3789,message_data,3789,,
message_data,3790,message_data,3790,,
message_data,3791,message_data,3791,,
message_data,3792,message_data,3792,,
message_data,3793,message_data,3793,,
message_data,3794,message_data,3794,,
message_data,3795,message_data,3795,,
message_data,3796,message_data,3796,,
message_data,3797,message_data,3797,,
message_data,3798,message_data,3798,,
message_data,3799,message_data,3799,,
message_data,3800,message_data,3800,,
message_data,3801,message_data,3801,,
message_data,3802,message_data,3802,,
message_data,3803,message_data,3803,,
message_data,3804,message_data,3804,,
message_data,3805,message_data,3805,,
message_data,3806,message_data,3806,,
message_data,3807,message_data,3807,,
message_data,3808,message_data,3808,,
message_data,3809,message_data,3809,,
message_data,3810,message_data,3810,,
message_data,3811,message_data,3811,,
message_data,3812,message_data,3812,,
message_data,3813,message_data,3813,,
message_data,3814,message_data,3814,,
message_data,3815,message_data,3815,,
message_data,3816,message_data,3816,,
message_data,3817,message_data,3817,,
message_data,3818,message_data,3818,,
message_data,3819,message_data,3819,,
message_data,3820,message_data,3820,,
message_data,3821,message_data,3821,,
message_data,3822,message_data,3822,,
message_data,3823,message_data,3823,,
message_data,3824,message_data,3824,,
message_data,3825,message_data,3825,,
message_data,3826,message_data,3826,,
message_data,3827,message_data,3827,,
message_data,3828,message_data,3828,,
message_data,3829,message_data,3829,,
message_data,3830,message_data,3830,,
message_data,3831,message_data,3831,,
message_data,3832,message_data,3832,,
message_data,3833,message_data,3833,,
message_data,3834,message_data,3834,,
message_data,3835,message_data,3835,,
message_data,3836,message_data,3836,,
message_data,3837,message_data,3837,,
message_data,3838,message_data,3838,,
message_data,3839,message_data,3839,,
message_data,3840,message_data,3840,,
message_data,3841,message_data,3841,,
message_data,3842,message_data,3842,,
message_data,3843,message_data,3843,,
message_data,3844,message_data,3844,,
message_data,3845,message_data,3845,,
message_data,3846,message_data,3846,,
message_data,3847,message_data,3847,,
message_data,3848,message_data,3848,,
message_data,3849,message_data,3849,,
message_data,3850,message_data,3850,,
message_data,3851,message_data,3851,,
message_data,3852,message_data,3852,,
message_data,3853,message_data,3853,,
message_data,3854,message_data,3854,,
message_data,3855,message_data,3855,,
message_data,3856,message_data,3856,,
message_data,3857,message_data,3857,,
message_data,3858,message_data,3858,,
message_data,3859,message_data,3859,,
message_data,3860,message_data,3860,,
message_data,3861,message_data,3861,,
message_data,3862,message_data,3862,,
message_data,3863,message_data,3863,,
message_data,3864,message_data,3864,,
message_data,3865,message_data,3865,,
message_data,3866,message_data,3866,,
message_data,3867,message_data,3867,,
message_data,3868,message_data,3868,,
message_data,3869,message_data,3869,,
message_data,3870,message_data,3870,,
message_data,3871,message_data,3871,,
message_data,3872,message_data,3872,,
message_data,3873,message_data,3873,,
message_data,3874,message_data,3874,,
message_data,3875,message_data,3875,,
message_data,3876,message_data,3876,,
message_data,3877,message_data,3877,,
message_data,3878,message_data,3878,,
message_data,3879,message_data,3879,,
message_data,3880,message_data,3880,,
message_data,3881,message_data,3881,,
message_data,3882,message_data,3882,,
message_data,3883,message_data,3883,,
message_data,3884,message_data,3884,,
message_data,3885,message_data,3885,,
message_data,3886,message_data,3886,,
message_data,3887,message_data,3887,,
message_data,3888,message_data,3888,,
message_data,3889,message_data,3889,,
message_data,3890,message_data,3890,,
message_data,3891,message_data,3891,,
message_data,3892,message_data,3892,,
message_data,3893,message_data,3893,,
message_data,3894,message_data,3894,,
message_data,3895,message_data,3895,,
message_data,3896,message_data,3896,,
message_data,3897,message_data,3897,,
message_data,3898,message_data,3898,,
message_data,3899,message_data,3899,,
message_data,3900,message_data,3900,,
message_data,3901,message_data,3901,,
message_data,3902,message_data,3902,,
message_data,3903,message_data,3903,,
message_data,3904,message_data,3904,,
message_data,3905,message_data,3905,,
message_data,3906,message_data,3906,,
message_data,3907,message_data,3907,,
message_data,3908,message_data,3908,,
message_data,3909,message_data,3909,,
message_data,3910,message_data,3910,,
message_data,3911,message_data,3911,,
message_data,3912,message_data,3912,,
message_data,3913,message_data,3913,,
message_data,3914,message_data,3914,,
message_data,3915,message_data,3915,,
message_data,3916,message_data,3916,,
message_data,3917,message_data,3917,,
message_data,3918,message_data,3918,,
message_data,3919,message_data,3919,,
message_data,3920,message_data,3920,,
message_data,3921,message_data,3921,,
message_data,3922,message_data,3922,,
message_data,3923,message_data,3923,,
message_data,3924,message_data,3924,,
message_data,3925,message_data,3925,,
message_data,3926,message_data,3926,,
message_data,3927,message_data,3927,,
message_data,3928,message_data,3928,,
message_data,3929,message_data,3929,,
message_data,3930,message_data,3930,,
message_data,3931,message_data,3931,,
message_data,3932,message_data,3932,,
message_data,3933,message_data,3933,,
message_data,3934,message_data,3934,,
message_data,3935,message_data,3935,,
message_data,3936,message_data,3936,,
message_data,3937,message_data,3937,,
message_data,3938,message_data,3938,,
message_data,3939,message_data,3939,,
message_data,3940,message_data,3940,,
message_data,3941,message_data,3941,,
message_data,3942,message_data,3942,,
message_data,3943,message_data,3943,,
message_data,3944,message_data,3944,,
message_data,3945,message_data,3945,,
message_data,3946,message_data,3946,,
message_data,3947,message_data,3947,,
message_data,3948,message_data,3948,,
message_data,3949,message_data,3949,,
message_data,3950,message_data,3950,,
message_data,3951,message_data,3951,,
message_data,3952,message_data,3952,,
message_data,3953,message_data,3953,,
message_data,3954,message_data,3954,,
message_data,3955,message_data,3955,,
message_data,3956,message_data,3956,,
message_data,3957,message_data,3957,,
message_data,3958,message_data,3958,,
message_data,3959,message_data,3959,,
message_data,3960,message_data,3960,,
message_data,3961,message_data,3961,,
message_data,3962,message_data,3962,,
message_data,3963,message_data,3963,,
message_data,3964,message_data,3964,,
message_data,3965,message_data,3965,,
message_data,3966,message_data,3966,,
message_data,3967,message_data,3967,,
message_data,3968,message_data,3968,,
message_data,3969,message_data,3969,,
message_data,3970,message_data,3970,,
message_data,3971,message_data,3971,,
message_data,3972,message_data,3972,,
message_data,3973,message_data,3973,,
message_data,3974,message_data,3974,,
message_data,3975,message_data,3975,,
message_data,3976,message_data,3976,,
message_data,3977,message_data,3977,,
message_data,3978,message_data,3978,,
message_data,3979,message_data,3979,,
message_data,3980,message_data,3980,,
message_data,3981,message_data,3981,,
message_data,3982,message_data,3982,,
message_data,3983,message_data,3983,,
message_data,3984,message_data,3984,,
message_data,3985,message_data,3985,,
message_data,3986,message_data,3986,,
message_data,3987,message_data,3987,,
message_data,3988,message_data,3988,,
message_data,3989,message_data,3989,,
message_data,3990,message_data,3990,,
message_data,3991,message_data,3991,,
message_data,3992,message_data,3992,,
message_data,3993,message_data,3993,,
message_data,3994,message_data,3994,,
message_data,3995,message_data,3995,,
message_data,3996,message_data,3996,,
message_data,3997,message_data,3997,,
message_data,3998,message_data,3998,,
message_data,3999,message_data,3999,,
message_data,4000,message_data,4000,,
message_data,4001,message_data,4001,,
message_data,4002,message_data,4002,,
message_data,4003,message_data,4003,,
message_data,4004,message_data,4004,,
message_data,4005,message_data,4005,,
message_data,4006,message_data,4006,,
message_data,4007,message_data,4007,,
message_data,4008,,,,
message_data,4009,,,,
message_data,4010,message_data,4010,,
message_data,4011,message_data,4011,,
message_data,4012,,,,
message_data,4013,message_data,4013,,
message_data,4014,message_data,4014,,
message_data,4015,message_data,4015,,
message_data,4016,message_data,4016,,
message_data,4017,message_data,4017,,
message_data,4018,message_data,4018,,
message_data,4019,message_data,4019,,
message_data,4020,message_data,4020,,
message_data,4021,message_data,4021,,
message_data,4022,message_data,4022,,
message_data,4023,message_data,4023,,
message_data,4024,message_data,4024,,
message_data,4025,message_data,4025,,
message_data,4026,message_data,4026,,
message_data,4027,message_data,4027,,
message_data,4028,message_data,4028,,
message_data,4029,message_data,4029,,
message_data,4030,message_data,4030,,
message_data,4031,message_data,4031,,
message_data,4032,message_data,4032,,
message_data,4033,message_data,4033,,
message_data,4034,message_data,4034,,
message_data,4035,message_data,4035,,
message_data,4036,message_data,4036,,
message_data,4037,message_data,4037,,
message_data,4038,message_data,4038,,
message_data,4039,message_data,4039,,
message_data,4040,message_data,4040,,
message_data,4041,message_data,4041,,
message_data,4042,message_data,4042,,
message_data,4043,message_data,4043,,
message_data,4044,message_data,4044,,
message_data,4045,message_data,4045,,
message_data,4046,message_data,4046,,
message_data,4047,message_data,4047,,
message_data,4048,message_data,4048,,
message_data,4049,message_data,4049,,
message_data,4050,message_data,4050,,
message_data,4051,message_data,4051,,
message_data,4052,message_data,4052,,
message_data,4053,message_data,4053,,
message_data,4054,message_data,4054,,
message_data,4055,message_data,4055,,
message_data,4056,message_data,4056,,
message_data,4057,message_data,4057,,
message_data,4058,message_data,4058,,
message_data,4059,message_data,4059,,
message_data,4060,message_data,4060,,
message_data,4061,message_data,4061,,
message_data,4062,message_data,4062,,
message_data,4063,message_data,4063,,
message_data,4064,message_data,4064,,
message_data,4065,message_data,4065,,
message_data,4066,message_data,4066,,
message_data,4067,message_data,4067,,
message_data,4068,message_data,4068,,
message_data,4069,message_data,4069,,
message_data,4070,message_data,4070,,
message_data,4071,message_data,4071,,
message_data,4072,message_data,4072,,
message_data,4073,message_data,4073,,
message_data,4074,message_data,4074,,
message_data,4075,message_data,4075,,
message_data,4076,message_data,4076,,
message_data,4077,message_data,4077,,
message_data,4078,message_data,4078,,
message_data,4079,message_data,4079,,
message_data,4080,message_data,4080,,
message_data,4081,message_data,4081,,
message_data,4082,message_data,4082,,
message_data,4083,message_data,4083,,
message_data,4084,message_data,4084,,
message_data,4085,message_data,4085,,
message_data,4086,message_data,4086,,
message_data,4087,message_data,4087,,
message_data,4088,message_data,4088,,
message_data,4089,message_data,4089,,
message_data,4090,message_data,4090,,
message_data,4091,message_data,4091,,
message_data,4092,message_data,4092,,
message_data,4093,message_data,4093,,
message_data,4094,message_data,4094,,
message_data,4095,message_data,4095,,
message_data,4096,message_data,4096,,
message_data,4097,message_data,4097,,
message_data,4098,message_data,4098,,
message_data,4099,message_data,4099,,
message_data,4100,message_data,4100,,
message_data,4101,message_data,4101,,
message_data,4102,message_data,4102,,
message_data,4103,message_data,4103,,
message_data,4104,message_data,4104,,
message_data,4105,message_data,4105,,
message_data,4106,message_data,4106,,
message_data,4107,message_data,4107,,
message_data,4108,message_data,4108,,
message_data,4109,message_data,4109,,
message_data,4110,message_data,4110,,
message_data,4111,message_data,4111,,
message_data,4112,message_data,4112,,
message_data,4113,message_data,4113,,
message_data,4114,message_data,4114,,
message_data,4115,message_data,4115,,
message_data,4116,message_data,4116,,
message_data,4117,message_data,4117,,
message_data,4118,message_data,4118,,
message_data,4119,message_data,4119,,
message_data,4120,message_data,4120,,
message_data,4121,message_data,4121,,
message_data,4122,message_data,4122,,
message_data,4123,message_data,4123,,
message_data,4124,message_data,4124,,
message_data,4125,message_data,4125,,
message_data,4126,message_data,4126,,
message_data,4127,message_data,4127,,
message_data,4128,message_data,4128,,
message_data,4129,message_data,4129,,
message_data,4130,message_data,4130,,
message_data,4131,message_data,4131,,
message_data,4132,message_data,4132,,
message_data,4133,message_data,4133,,
message_data,4134,message_data,4134,,
message_data,4135,message_data,4135,,
message_data,4136,message_data,4136,,
message_data,4137,message_data,4137,,
message_data,4138,message_data,4138,,
message_data,4139,message_data,4139,,
message_data,4140,message_data,4140,,
message_data,4141,message_data,4141,,
message_data,4142,message_data,4142,,
message_data,4143,message_data,4143,,
message_data,4144,message_data,4144,,
message_data,4145,message_data,4145,,
message_data,4146,message_data,4146,,
message_data,4147,message_data,4147,,
message_data,4148,message_data,4148,,
message_data,4149,message_data,4149,,
message_data,4150,message_data,4150,,
message_data,4151,message_data,4151,,
message_data,4152,message_data,4152,,
message_data,4153,message_data,4153,,
message_data,4154,message_data,4154,,
message_data,4155,message_data,4155,,
message_data,4156,message_data,4156,,
message_data,4157,message_data,4157,,
message_data,4158,message_data,4158,,
message_data,4159,message_data,4159,,
message_data,4160,message_data,4160,,
message_data,4161,message_data,4161,,
message_data,4162,message_data,4162,,
message_data,4163,message_data,4163,,
message_data,4164,message_data,4164,,
message_data,4165,message_data,4165,,
message_data,4166,message_data,4166,,
message_data,4167,message_data,4167,,
message_data,4168,message_data,4168,,
message_data,4169,message_data,4169,,
message_data,4170,message_data,4170,,
message_data,4171,message_data,4171,,
message_data,4172,message_data,4172,,
message_data,4173,message_data,4173,,
message_data,4174,message_data,4174,,
message_data,4175,message_data,4175,,
message_data,4176,message_data,4176,,
message_data,4177,message_data,4177,,
message_data,4178,message_data,4178,,
message_data,4179,message_data,4179,,
message_data,4180,message_data,4180,,
message_data,4181,message_data,4181,,
message_data,4182,message_data,4182,,
message_data,4183,message_data,4183,,
message_data,4184,message_data,4184,,
message_data,4185,message_data,4185,,
message_data,4186,message_data,4186,,
message_data,4187,message_data,4187,,
message_data,4188,message_data,4188,,
message_data,4189,message_data,4189,,
message_data,4190,message_data,4190,,
message_data,4191,message_data,4191,,
message_data,4192,message_data,4192,,
message_data,4193,message_data,4193,,
message_data,4194,message_data,4194,,
message_data,4195,message_data,4195,,
message_data,4196,message_data,4196,,
message_data,4197,message_data,4197,,
message_data,4198,message_data,4198,,
message_data,4199,message_data,4199,,
message_data,4200,message_data,4200,,
message_data,4201,message_data,4201,,
message_data,4202,message_data,4202,,
message_data,4203,message_data,4203,,
message_data,4204,message_data,4204,,
message_data,4205,message_data,4205,,
message_data,4206,message_data,4206,,
message_data,4207,message_data,4207,,
message_data,4208,message_data,4208,,
message_data,4209,message_data,4209,,
message_data,4210,message_data,4210,,
message_data,4211,message_data,4211,,
message_data,4212,message_data,4212,,
message_data,4213,message_data,4213,,
message_data,4214,message_data,4214,,
message_data,4215,message_data,4215,,
message_data,4216,message_data,4216,,
message_data,4217,message_data,4217,,
message_data,4218,message_data,4218,,
message_data,4219,message_data,4219,,
message_data,4220,message_data,4220,,
message_data,4221,message_data,4221,,
message_data,4222,message_data,4222,,
message_data,4223,message_data,4223,,
message_data,4224,message_data,11960,,
message_data,4225,message_data,11961,,
message_data,4226,message_data,4226,,
message_data,4227,message_data,4227,,
message_data,4228,message_data,4228,,
message_data,4229,message_data,4229,,
message_data,4230,message_data,4230,,
message_data,4231,message_data,4231,,
message_data,4232,message_data,4232,,
message_data,4233,message_data,4233,,
message_data,4234,message_data,4234,,
message_data,4235,message_data,4235,,
message_data,4236,message_data,4236,,
message_data,4237,message_data,4237,,
message_data,4238,message_data,4238,,
message_data,4239,message_data,4239,,
message_data,4240,message_data,4240,,
message_data,4241,message_data,4241,,
message_data,4242,message_data,4242,,
message_data,4243,message_data,4243,,
message_data,4244,message_data,4244,,
message_data,4245,message_data,4245,,
message_data,4246,message_data,4246,,
message_data,4247,message_data,4247,,
message_data,4248,message_data,4248,,
message_data,4249,message_data,4249,,
message_data,4250,message_data,4250,,
message_data,4251,message_data,4251,,
message_data,4252,message_data,4252,,
message_data,4253,message_data,4253,,
message_data,4254,message_data,4254,,
message_data,4255,message_data,4255,,
message_data,4256,message_data,4256,,
message_data,4257,message_data,4257,,
message_data,4258,message_data,4258,,
message_data,4259,message_data,4259,,
message_data,4260,message_data,4260,,
message_data,4261,message_data,4261,,
message_data,4262,message_data,4262,,
message_data,4263,message_data,4263,,
message_data,4264,message_data,4264,,
message_data,4265,message_data,4265,,
message_data,4266,message_data,4266,,
message_data,4267,message_data,4267,,
message_data,4268,message_data,4268,,
message_data,4269,message_data,4269,,
message_data,4270,message_data,4270,,
message_data,4271,message_data,4271,,
message_data,4272,message_data,4272,,
message_data,4273,message_data,4273,,
message_data,4274,message_data,4274,,
message_data,4275,message_data,4275,,
message_data,4276,message_data,4276,,
message_data,4277,message_data,4277,,
message_data,4278,message_data,4278,,
message_data,4279,message_data,4279,,
message_data,4280,message_data,4280,,
message_data,4281,message_data,4281,,
message_data,4282,message_data,4282,,
message_data,4283,message_data,4283,,
message_data,4284,message_data,4284,,
message_data,4285,message_data,4285,,
message_data,4286,message_data,4286,,
message_data,4287,message_data,4287,,
message_data,4288,message_data,4288,,
message_data,4289,message_data,4289,,
message_data,4290,message_data,4290,,
message_data,4291,message_data,4291,,
message_data,4292,message_data,4292,,
message_data,4293,message_data,4293,,
message_data,4294,message_data,4294,,
message_data,4295,message_data,4295,,
message_data,4296,message_data,4296,,
message_data,4297,message_data,4297,,
message_data,4298,message_data,4298,,
message_data,4299,message_data,4299,,
message_data,4300,message_data,4300,,
message_data,4301,message_data,4301,,
message_data,4302,message_data,4302,,
message_data,4303,message_data,4303,,
message_data,4304,message_data,4304,,
message_data,4305,message_data,4305,,
message_data,4306,message_data,4306,,
message_data,4307,message_data,4307,,
message_data,4308,message_data,4308,,
message_data,4309,message_data,4309,,
message_data,4310,message_data,4310,,
message_data,4311,message_data,4311,,
message_data,4312,message_data,4312,,
message_data,4313,message_data,4313,,
message_data,4314,message_data,4314,,
message_data,4315,message_data,4315,,
message_data,4316,message_data,4316,,
message_data,4317,message_data,4317,,
message_data,4318,message_data,4318,,
message_data,4319,message_data,4319,,
message_data,4320,message_data,4320,,
message_data,4321,message_data,4321,,
message_data,4322,message_data,4322,,
message_data,4323,message_data,4323,,
message_data,4324,message_data,4324,,
message_data,4325,message_data,4325,,
message_data,4326,message_data,4326,,
message_data,4327,message_data,4327,,
message_data,4328,message_data,4328,,
message_data,4329,message_data,4329,,
message_data,4330,message_data,4330,,
message_data,4331,message_data,4331,,
message_data,4332,message_data,4332,,
message_data,4333,message_data,4333,,
message_data,4334,message_data,4334,,
message_data,4335,message_data,4335,,
message_data,4336,message_data,4336,,
message_data,4337,message_data,4337,,
message_data,4338,message_data,4338,,
message_data,4339,message_data,4339,,
message_data,4340,message_data,4340,,
message_data,4341,message_data,4341,,
message_data,4342,message_data,4342,,
message_data,4343,message_data,4343,,
message_data,4344,message_data,4344,,
message_data,4345,message_data,4345,,
message_data,4346,message_data,4346,,
message_data,4347,message_data,4347,,
message_data,4348,message_data,4348,,
message_data,4349,message_data,4349,,
message_data,4350,message_data,4350,,
message_data,4351,message_data,4351,,
message_data,4352,message_data,4352,,
message_data,4353,message_data,4353,,
message_data,4354,message_data,4354,,
message_data,4355,message_data,4355,,
message_data,4356,message_data,4356,,
message_data,4357,message_data,4357,,
message_data,4358,message_data,4358,,
message_data,4359,message_data,4359,,
message_data,4360,message_data,4360,,
message_data,4361,message_data,4361,,
message_data,4362,message_data,4362,,
message_data,4363,message_data,4363,,
message_data,4364,message_data,4364,,
message_data,4365,message_data,4365,,
message_data,4366,message_data,4366,,
message_data,4367,message_data,4367,,
message_data,4368,message_data,4368,,
message_data,4369,message_data,4369,,
message_data,4370,message_data,4370,,
message_data,4371,message_data,4371,,
message_data,4372,message_data,4372,,
message_data,4373,message_data,4373,,
message_data,4374,message_data,4374,,
message_data,4375,message_data,4375,,
message_data,4376,message_data,4376,,
message_data,4377,message_data,4377,,
message_data,4378,message_data,4378,,
message_data,4379,message_data,4379,,
message_data,4380,message_data,4380,,
message_data,4381,message_data,4381,,
message_data,4382,message_data,4382,,
message_data,4383,message_data,4383,,
message_data,4384,message_data,4384,,
message_data,4385,message_data,4385,,
message_data,4386,message_data,4386,,
message_data,4387,message_data,4387,,
message_data,4388,message_data,4388,,
message_data,4389,message_data,4389,,
message_data,4390,message_data,4390,,
message_data,4391,message_data,4391,,
message_data,4392,message_data,4392,,
message_data,4393,message_data,4393,,
message_data,4394,message_data,4394,,
message_data,4395,message_data,4395,,
message_data,4396,message_data,4396,,
message_data,4397,message_data,4397,,
message_data,4398,message_data,4398,,
message_data,4399,message_data,4399,,
message_data,4400,message_data,4400,,
message_data,4401,message_data,4401,,
message_data,4402,message_data,4402,,
message_data,4403,message_data,4403,,
message_data,4404,message_data,4404,,
message_data,4405,message_data,4405,,
message_data,4406,message_data,4406,,
message_data,4407,message_data,4407,,
message_data,4408,message_data,4408,,
message_data,4409,message_data,4409,,
message_data,4410,message_data,4410,,
message_data,4411,message_data,4411,,
message_data,4412,message_data,4412,,
message_data,4413,message_data,4413,,
message_data,4414,message_data,4414,,
message_data,4415,message_data,4415,,
message_data,4416,message_data,4416,,
message_data,4417,message_data,4417,,
message_data,4418,message_data,4418,,
message_data,4419,message_data,4419,,
message_data,4420,message_data,4420,,
message_data,4421,message_data,4421,,
message_data,4422,message_data,4422,,
message_data,4423,message_data,4423,,
message_data,4424,message_data,4424,,
message_data,4425,message_data,4425,,
message_data,4426,message_data,4426,,
message_data,4427,message_data,4427,,
message_data,4428,message_data,4428,,
message_data,4429,message_data,4429,,
message_data,4430,message_data,4430,,
message_data,4431,message_data,4431,,
message_data,4432,message_data,4432,,
message_data,4433,message_data,4433,,
message_data,4434,message_data,4434,,
message_data,4435,message_data,4435,,
message_data,4436,message_data,4436,,
message_data,4437,message_data,4437,,
message_data,4438,message_data,4438,,
message_data,4439,message_data,4439,,
message_data,4440,message_data,4440,,
message_data,4441,message_data,4441,,
message_data,4442,message_data,4442,,
message_data,4443,message_data,4443,,
message_data,4444,message_data,4444,,
message_data,4445,message_data,4445,,
message_data,4446,message_data,4446,,
message_data,4447,message_data,4447,,
message_data,4448,message_data,4448,,
message_data,4449,message_data,4449,,
message_data,4450,message_data,4450,,
message_data,4451,message_data,4451,,
message_data,4452,message_data,4452,,
message_data,4453,message_data,4453,,
message_data,4454,message_data,4454,,
message_data,4455,message_data,4455,,
message_data,4456,message_data,4456,,
message_data,4457,message_data,4457,,
message_data,4458,message_data,4458,,
message_data,4459,message_data,4459,,
message_data,4460,message_data,4460,,
message_data,4461,message_data,4461,,
message_data,4462,message_data,4462,,
message_data,4463,message_data,4463,,
message_data,4464,message_data,4464,,
message_data,4465,message_data,4465,,
message_data,4466,message_data,4466,,
message_data,4467,message_data,4467,,
message_data,4468,message_data,4468,,
message_data,4469,message_data,4469,,
message_data,4470,message_data,4470,,
message_data,4471,message_data,4471,,
message_data,4472,message_data,4472,,
message_data,4473,message_data,4473,,
message_data,4474,message_data,4474,,
message_data,4475,message_data,4475,,
message_data,4476,message_data,4476,,
message_data,4477,message_data,4477,,
message_data,4478,message_data,4478,,
message_data,4479,message_data,4479,,
message_data,4480,message_data,4480,,
message_data,4481,message_data,4481,,
message_data,4482,message_data,4482,,
message_data,4483,message_data,4483,,
message_data,4484,message_data,4484,,
message_data,4485,message_data,4485,,
message_data,4486,message_data,4486,,
message_data,4487,message_data,4487,,
message_data,4488,message_data,4488,,
message_data,4489,message_data,4489,,
message_data,4490,message_data,4490,,
message_data,4491,message_data,4491,,
message_data,4492,message_data,4492,,
message_data,4493,message_data,4493,,
message_data,4494,message_data,4494,,
message_data,4495,message_data,4495,,
message_data,4496,message_data,4496,,
message_data,4497,message_data,4497,,
message_data,4498,message_data,4498,,
message_data,4499,message_data,4499,,
message_data,4500,message_data,4500,,
message_data,4501,message_data,4501,,
message_data,4502,message_data,4502,,
message_data,4503,message_data,4503,,
message_data,4504,message_data,4504,,
message_data,4505,message_data,4505,,
message_data,4506,message_data,4506,,
message_data,4507,message_data,4507,,
message_data,4508,message_data,4508,,
message_data,4509,message_data,4509,,
message_data,4510,message_data,4510,,
message_data,4511,message_data,4511,,
message_data,4512,message_data,4512,,
message_data,4513,message_data,4513,,
message_data,4514,message_data,4514,,
message_data,4515,message_data,4515,,
message_data,4516,message_data,4516,,
message_data,4517,message_data,4517,,
message_data,4518,message_data,4518,,
message_data,4519,message_data,4519,,
message_data,4520,message_data,4520,,
message_data,4521,message_data,4521,,
message_data,4522,message_data,4522,,
message_data,4523,message_data,4523,,
message_data,4524,message_data,4524,,
message_data,4525,message_data,4525,,
message_data,4526,message_data,4526,,
message_data,4527,message_data,4527,,
message_data,4528,message_data,4528,,
message_data,4529,message_data,4529,,
message_data,4530,message_data,4530,,
message_data,4531,message_data,4531,,
message_data,4532,message_data,4532,,
message_data,4533,message_data,4533,,
message_data,4534,message_data,4534,,
message_data,4535,message_data,4535,,
message_data,4536,message_data,4536,,
message_data,4537,message_data,4537,,
message_data,4538,message_data,4538,,
message_data,4539,message_data,4539,,
message_data,4540,message_data,4540,,
message_data,4541,message_data,4541,,
message_data,4542,message_data,4542,,
message_data,4543,message_data,4543,,
message_data,4544,message_data,4544,,
message_data,4545,message_data,4545,,
message_data,4546,message_data,4546,,
message_data,4547,message_data,4547,,
message_data,4548,message_data,4548,,
message_data,4549,message_data,4549,,
message_data,4550,message_data,4550,,
message_data,4551,message_data,4551,,
message_data,4552,message_data,4552,,
message_data,4553,message_data,4553,,
message_data,4554,message_data,4554,,
message_data,4555,message_data,4555,,
message_data,4556,message_data,4556,,
message_data,4557,message_data,4557,,
message_data,4558,message_data,4558,,
message_data,4559,message_data,4559,,
message_data,4560,message_data,4560,,
message_data,4561,message_data,4561,,
message_data,4562,message_data,4562,,
message_data,4563,message_data,4563,,
message_data,4564,message_data,4564,,
message_data,4565,message_data,4565,,
message_data,4566,message_data,4566,,
message_data,4567,message_data,4567,,
message_data,4568,message_data,4568,,
message_data,4569,message_data,4569,,
message_data,4570,message_data,4570,,
message_data,4571,message_data,4571,,
message_data,4572,message_data,4572,,
message_data,4573,message_data,4573,,
message_data,4574,message_data,4574,,
message_data,4575,message_data,4575,,
message_data,4576,message_data,4576,,
message_data,4577,message_data,4577,,
message_data,4578,message_data,4578,,
message_data,4579,message_data,4579,,
message_data,4580,message_data,4580,,
message_data,4581,message_data,4581,,
message_data,4582,message_data,4582,,
message_data,4583,message_data,4583,,
message_data,4584,message_data,4584,,
message_data,4585,message_data,4585,,
message_data,4586,message_data,4586,,
message_data,4587,message_data,4587,,
message_data,4588,message_data,4588,,
message_data,4589,message_data,4589,,
message_data,4590,message_data,4590,,
message_data,4591,message_data,4591,,
message_data,4592,message_data,4592,,
message_data,4593,,,,
message_data,4594,message_data,4594,,
message_data,4595,message_data,4595,,
message_data,4596,message_data,4596,,
message_data,4597,message_data,4597,,
message_data,4598,message_data,4598,,
message_data,4599,message_data,4599,,
message_data,4600,message_data,4600,,
message_data,4601,message_data,4601,,
message_data,4602,message_data,4602,,
message_data,4603,message_data,4603,,
message_data,4604,message_data,4604,,
message_data,4605,message_data,4605,,
message_data,4606,message_data,4606,,
message_data,4607,message_data,4607,,
message_data,4608,message_data,4608,,
message_data,4609,message_data,4609,,
message_data,4610,message_data,4610,,
message_data,4611,message_data,4611,,
message_data,4612,message_data,4612,,
message_data,4613,message_data,4613,,
message_data,4614,message_data,4614,,
message_data,4615,message_data,4615,,
message_data,4616,message_data,4616,,
message_data,4617,message_data,4617,,
message_data,4618,message_data,4618,,
message_data,4619,message_data,4619,,
message_data,4620,message_data,4620,,
message_data,4621,message_data,4621,,
message_data,4622,message_data,4622,,
message_data,4623,message_data,4623,,
message_data,4624,message_data,4624,,
message_data,4625,message_data,4625,,
message_data,4626,message_data,4626,,
message_data,4627,message_data,4627,,
message_data,4628,message_data,4628,,
message_data,4629,message_data,4629,,
message_data,4630,message_data,4630,,
message_data,4631,message_data,4631,,
message_data,4632,message_data,4632,,
message_data,4633,message_data,4633,,
message_data,4634,message_data,4634,,
message_data,4635,message_data,4635,,
message_data,4636,message_data,4636,,
message_data,4637,message_data,4637,,
message_data,4638,message_data,4638,,
message_data,4639,message_data,4639,,
message_data,4640,message_data,4640,,
message_data,4641,message_data,4641,,
message_data,4642,message_data,4642,,
message_data,4643,message_data,4643,,
message_data,4644,message_data,4644,,
message_data,4645,message_data,4645,,
message_data,4646,message_data,4646,,
message_data,4647,message_data,4647,,
message_data,4648,message_data,4648,,
message_data,4649,message_data,4649,,
message_data,4650,message_data,4650,,
message_data,4651,message_data,4651,,
message_data,4652,message_data,4652,,
message_data,4653,message_data,4653,,
message_data,4654,message_data,4654,,
message_data,4655,message_data,4655,,
message_data,4656,message_data,4656,,
message_data,4657,message_data,4657,,
message_data,4658,message_data,4658,,
message_data,4659,message_data,4659,,
message_data,4660,message_data,4660,,
message_data,4661,message_data,4661,,
message_data,4662,message_data,4662,,
message_data,4663,message_data,4663,,
message_data,4664,message_data,4664,,
message_data,4665,message_data,4665,,
message_data,4666,message_data,4666,,
message_data,4667,message_data,4667,,
message_data,4668,message_data,4668,,
message_data,4669,message_data,4669,,
message_data,4670,message_data,4670,,
message_data,4671,message_data,4671,,
message_data,4672,message_data,4672,,
message_data,4673,message_data,4673,,
message_data,4674,message_data,4674,,
message_data,4675,message_data,4675,,
message_data,4676,message_data,4676,,
message_data,4677,message_data,4677,,
message_data,4678,message_data,4678,,
message_data,4679,message_data,4679,,
message_data,4680,message_data,4680,,
message_data,4681,message_data,4681,,
message_data,4682,message_data,4682,,
message_data,4683,message_data,4683,,
message_data,4684,message_data,4684,,
message_data,4685,message_data,4685,,
message_data,4686,message_data,4686,,
message_data,4687,message_data,4687,,
message_data,4688,message_data,4688,,
message_data,4689,message_data,4689,,
message_data,4690,message_data,4690,,
message_data,4691,message_data,4691,,
message_data,4692,message_data,4692,,
message_data,4693,message_data,4693,,
message_data,4694,message_data,4694,,
message_data,4695,message_data,4695,,
message_data,4696,message_data,4696,,
message_data,4697,message_data,4697,,
message_data,4698,message_data,4698,,
message_data,4699,message_data,4699,,
message_data,4700,message_data,4700,,
message_data,4701,message_data,4701,,
message_data,4702,message_data,4702,,
message_data,4703,message_data,4703,,
message_data,4704,message_data,4704,,
message_data,4705,message_data,4705,,
message_data,4706,message_data,4706,,
message_data,4707,message_data,4707,,
message_data,4708,message_data,4708,,
message_data,4709,message_data,4709,,
message_data,4710,message_data,4710,,
message_data,4711,message_data,4711,,
message_data,4712,message_data,4712,,
message_data,4713,message_data,4713,,
message_data,4714,message_data,4714,,
message_data,4715,message_data,4715,,
message_data,4716,message_data,4716,,
message_data,4717,message_data,4717,,
message_data,4718,message_data,4718,,
message_data,4719,message_data,4719,,
message_data,4720,message_data,4720,,
message_data,4721,message_data,4721,,
message_data,4722,message_data,4722,,
message_data,4723,message_data,4723,,
message_data,4724,message_data,4724,,
message_data,4725,message_data,4725,,
message_data,4726,message_data,4726,,
message_data,4727,message_data,4727,,
message_data,4728,message_data,4728,,
message_data,4729,message_data,4729,,
message_data,4730,message_data,4730,,
message_data,4731,message_data,4731,,
message_data,4732,message_data,4732,,
message_data,4733,message_data,4733,,
message_data,4734,message_data,4734,,
message_data,4735,message_data,4735,,
message_data,4736,message_data,4736,,
message_data,4737,message_data,4737,,
message_data,4738,message_data,4738,,
message_data,4739,message_data,4739,,
message_data,4740,message_data,4740,,
message_data,4741,message_data,4741,,
message_data,4742,message_data,4742,,
message_data,4743,message_data,4743,,
message_data,4744,message_data,4744,,
message_data,4745,message_data,4745,,
message_data,4746,message_data,4746,,
message_data,4747,message_data,4747,,
message_data,4748,message_data,4748,,
message_data,4749,message_data,4749,,
message_data,4750,message_data,4750,,
message_data,4751,message_data,4751,,
message_data,4752,message_data,4752,,
message_data,4753,message_data,4753,,
message_data,4754,message_data,4754,,
message_data,4755,message_data,4755,,
message_data,4756,message_data,4756,,
message_data,4757,message_data,4757,,
message_data,4758,message_data,4758,,
message_data,4759,message_data,4759,,
message_data,4760,message_data,4760,,
message_data,4761,message_data,4761,,
message_data,4762,message_data,4762,,
message_data,4763,message_data,4763,,
message_data,4764,message_data,4764,,
message_data,4765,message_data,4765,,
message_data,4766,message_data,4766,,
message_data,4767,message_data,4767,,
message_data,4768,message_data,4768,,
message_data,4769,message_data,4769,,
message_data,4770,message_data,4770,,
message_data,4771,message_data,4771,,
message_data,4772,message_data,4772,,
message_data,4773,message_data,4773,,
message_data,4774,message_data,4774,,
message_data,4775,message_data,4775,,
message_data,4776,message_data,4776,,
message_data,4777,message_data,4777,,
message_data,4778,message_data,4778,,
message_data,4779,message_data,4779,,
message_data,4780,message_data,4780,,
message_data,4781,message_data,4781,,
message_data,4782,message_data,4782,,
message_data,4783,message_data,4783,,
message_data,4784,message_data,4784,,
message_data,4785,message_data,4785,,
message_data,4786,message_data,4786,,
message_data,4787,message_data,4787,,
message_data,4788,message_data,4788,,
message_data,4789,message_data,4789,,
message_data,4790,message_data,4790,,
message_data,4791,message_data,4791,,
message_data,4792,message_data,4792,,
message_data,4793,message_data,4793,,
message_data,4794,message_data,4794,,
message_data,4795,message_data,4795,,
message_data,4796,message_data,4796,,
message_data,4797,message_data,4797,,
message_data,4798,message_data,4798,,
message_data,4799,message_data,4799,,
message_data,4800,message_data,4800,,
message_data,4801,message_data,4801,,
message_data,4802,message_data,4802,,
message_data,4803,message_data,4803,,
message_data,4804,message_data,4804,,
message_data,4805,message_data,4805,,
message_data,4806,message_data,4806,,
message_data,4807,message_data,4807,,
message_data,4808,message_data,4808,,
message_data,4809,message_data,4809,,
message_data,4810,message_data,4810,,
message_data,4811,message_data,4811,,
message_data,4812,message_data,4812,,
message_data,4813,message_data,4813,,
message_data,4814,message_data,4814,,
message_data,4815,message_data,4815,,
message_data,4816,message_data,4816,,
message_data,4817,message_data,4817,,
message_data,4818,message_data,4818,,
message_data,4819,message_data,4819,,
message_data,4820,message_data,4820,,
message_data,4821,message_data,4821,,
message_data,4822,message_data,4822,,
message_data,4823,message_data,4823,,
message_data,4824,message_data,4824,,
message_data,4825,message_data,4825,,
message_data,4826,message_data,4826,,
message_data,4827,message_data,4827,,
message_data,4828,message_data,4828,,
message_data,4829,message_data,4829,,
message_data,4830,message_data,4830,,
message_data,4831,message_data,4831,,
message_data,4832,message_data,4832,,
message_data,4833,message_data,4833,,
message_data,4834,message_data,4834,,
message_data,4835,message_data,4835,,
message_data,4836,message_data,4836,,
message_data,4837,message_data,4837,,
message_data,4838,message_data,4838,,
message_data,4839,message_data,4839,,
message_data,4840,message_data,4840,,
message_data,4841,message_data,4841,,
message_data,4842,message_data,4842,,
message_data,4843,message_data,4843,,
message_data,4844,message_data,4844,,
message_data,4845,message_data,4845,,
message_data,4846,message_data,4846,,
message_data,4847,message_data,4847,,
message_data,4848,message_data,4848,,
message_data,4849,message_data,4849,,
message_data,4850,message_data,4850,,
message_data,4851,message_data,4851,,
message_data,4852,message_data,4852,,
message_data,4853,message_data,4853,,
message_data,4854,message_data,4854,,
message_data,4855,message_data,4855,,
message_data,4856,message_data,4856,,
message_data,4857,message_data,4857,,
message_data,4858,message_data,4858,,
message_data,4859,message_data,4859,,
message_data,4860,message_data,4860,,
message_data,4861,message_data,4861,,
message_data,4862,message_data,4862,,
message_data,4863,message_data,4863,,
message_data,4864,message_data,4864,,
message_data,4865,message_data,4865,,
message_data,4866,message_data,4866,,
message_data,4867,message_data,4867,,
message_data,4868,message_data,4868,,
message_data,4869,message_data,4869,,
message_data,4870,message_data,4870,,
message_data,4871,message_data,4871,,
message_data,4872,message_data,4872,,
message_data,4873,message_data,4873,,
message_data,4874,message_data,4874,,
message_data,4875,message_data,4875,,
message_data,4876,message_data,4876,,
message_data,4877,message_data,4877,,
message_data,4878,message_data,4878,,
message_data,4879,message_data,4879,,
message_data,4880,message_data,4880,,
message_data,4881,message_data,4881,,
message_data,4882,message_data,4882,,
message_data,4883,message_data,4883,,
message_data,4884,message_data,4884,,
message_data,4885,message_data,4885,,
message_data,4886,message_data,4886,,
message_data,4887,message_data,4887,,
message_data,4888,message_data,4888,,
message_data,4889,message_data,4889,,
message_data,4890,message_data,4890,,
message_data,4891,message_data,4891,,
message_data,4892,message_data,4892,,
message_data,4893,message_data,4893,,
message_data,4894,message_data,4894,,
message_data,4895,message_data,4895,,
message_data,4896,message_data,4896,,
message_data,4897,message_data,4897,,
message_data,4898,message_data,4898,,
message_data,4899,message_data,4899,,
message_data,4900,message_data,4900,,
message_data,4901,message_data,4901,,
message_data,4902,message_data,4902,,
message_data,4903,message_data,4903,,
message_data,4904,message_data,4904,,
message_data,4905,message_data,4905,,
message_data,4906,message_data,4906,,
message_data,4907,message_data,4907,,
message_data,4908,message_data,4908,,
message_data,4909,message_data,4909,,
message_data,4910,message_data,4910,,
message_data,4911,message_data,4911,,
message_data,4912,message_data,4912,,
message_data,4913,message_data,4913,,
message_data,4914,message_data,4914,,
message_data,4915,message_data,4915,,
message_data,4916,message_data,4916,,
message_data,4917,message_data,4917,,
message_data,4918,message_data,4918,,
message_data,4919,message_data,4919,,
message_data,4920,message_data,4920,,
message_data,4921,message_data,4921,,
message_data,4922,message_data,4922,,
message_data,4923,message_data,4923,,
message_data,4924,message_data,4924,,
message_data,4925,message_data,4925,,
message_data,4926,message_data,4926,,
message_data,4927,message_data,4927,,
message_data,4928,message_data,4928,,
message_data,4929,message_data,4929,,
message_data,4930,message_data,4930,,
message_data,4931,message_data,4931,,
message_data,4932,message_data,4932,,
message_data,4933,message_data,4933,,
message_data,4934,message_data,4934,,
message_data,4935,message_data,4935,,
message_data,4936,message_data,4936,,
message_data,4937,message_data,4937,,
message_data,4938,message_data,4938,,
message_data,4939,message_data,4939,,
message_data,4940,message_data,4940,,
message_data,4941,message_data,4941,,
message_data,4942,message_data,4942,,
message_data,4943,message_data,4943,,
message_data,4944,message_data,4944,,
message_data,4945,message_data,4945,,
message_data,4946,message_data,4946,,
message_data,4947,message_data,4947,,
message_data,4948,message_data,4948,,
message_data,4949,message_data,4949,,
message_data,4950,message_data,4950,,
message_data,4951,message_data,4951,,
message_data,4952,message_data,4952,,
message_data,4953,message_data,4953,,
message_data,4954,message_data,4954,,
message_data,4955,message_data,4955,,
message_data,4956,message_data,4956,,
message_data,4957,message_data,4957,,
message_data,4958,message_data,4958,,
message_data,4959,message_data,4959,,
message_data,4960,message_data,4960,,
message_data,4961,message_data,4961,,
message_data,4962,message_data,4962,,
message_data,4963,message_data,4963,,
message_data,4964,message_data,4964,,
message_data,4965,message_data,4965,,
message_data,4966,message_data,4966,,
message_data,4967,message_data,4967,,
message_data,4968,message_data,4968,,
message_data,4969,message_data,4969,,
message_data,4970,message_data,4970,,
message_data,4971,message_data,4971,,
message_data,4972,message_data,4972,,
message_data,4973,message_data,4973,,
message_data,4974,message_data,4974,,
message_data,4975,message_data,4975,,
message_data,4976,message_data,4976,,
message_data,4977,message_data,4977,,
message_data,4978,message_data,4978,,
message_data,4979,message_data,4979,,
message_data,4980,message_data,4980,,
message_data,4981,message_data,4981,,
message_data,4982,message_data,4982,,
message_data,4983,message_data,4983,,
message_data,4984,message_data,4984,,
message_data,4985,message_data,4985,,
message_data,4986,message_data,4986,,
message_data,4987,message_data,4987,,
message_data,4988,message_data,4988,,
message_data,4989,message_data,4989,,
message_data,4990,message_data,4990,,
message_data,4991,message_data,4991,,
message_data,4992,message_data,4992,,
message_data,4993,message_data,4993,,
message_data,4994,message_data,4994,,
message_data,4995,message_data,4995,,
message_data,4996,message_data,4996,,
message_data,4997,message_data,4997,,
message_data,4998,message_data,4998,,
message_data,4999,message_data,4999,,
message_data,5000,message_data,5000,,
message_data,5001,message_data,5001,,
message_data,5002,message_data,5002,,
message_data,5003,message_data,5003,,
message_data,5004,message_data,5004,,
message_data,5005,message_data,5005,,
message_data,5006,message_data,5006,,
message_data,5007,message_data,5007,,
message_data,5008,message_data,5008,,
message_data,5009,message_data,5009,,
message_data,5010,message_data,5010,,
message_data,5011,message_data,5011,,
message_data,5012,message_data,5012,,
message_data,5013,message_data,5013,,
message_data,5014,message_data,5014,,
message_data,5015,message_data,5015,,
message_data,5016,message_data,5016,,
message_data,5017,message_data,5017,,
message_data,5018,message_data,5018,,
message_data,5019,message_data,5019,,
message_data,5020,message_data,5020,,
message_data,5021,message_data,5021,,
message_data,5022,message_data,5022,,
message_data,5023,message_data,5023,,
message_data,5024,message_data,5024,,
message_data,5025,message_data,5025,,
message_data,5026,message_data,5026,,
message_data,5027,message_data,5027,,
message_data,5028,message_data,5028,,
message_data,5029,message_data,5029,,
message_data,5030,message_data,5030,,
message_data,5031,message_data,5031,,
message_data,5032,message_data,5032,,
message_data,5033,message_data,5033,,
message_data,5034,message_data,5034,,
message_data,5035,message_data,5035,,
message_data,5036,message_data,5036,,
message_data,5037,message_data,5037,,
message_data,5038,message_data,5038,,
message_data,5039,message_data,5039,,
message_data,5040,message_data,5040,,
message_data,5041,message_data,5041,,
message_data,5042,message_data,5042,,
message_data,5043,message_data,5043,,
message_data,5044,message_data,5044,,
message_data,5045,message_data,5045,,
message_data,5046,message_data,5046,,
message_data,5047,message_data,5047,,
message_data,5048,message_data,5048,,
message_data,5049,message_data,5049,,
message_data,5050,message_data,5050,,
message_data,5051,message_data,5051,,
message_data,5052,message_data,5052,,
message_data,5053,message_data,5053,,
message_data,5054,message_data,5054,,
message_data,5055,message_data,5055,,
message_data,5056,message_data,5056,,
message_data,5057,message_data,5057,,
message_data,5058,message_data,5058,,
message_data,5059,message_data,5059,,
message_data,5060,message_data,5060,,
message_data,5061,message_data,5061,,
message_data,5062,message_data,5062,,
message_data,5063,message_data,5063,,
message_data,5064,message_data,5064,,
message_data,5065,message_data,5065,,
message_data,5066,message_data,5066,,
message_data,5067,message_data,5067,,
message_data,5068,message_data,5068,,
message_data,5069,message_data,5069,,
message_data,5070,message_data,5070,,
message_data,5071,message_data,5071,,
message_data,5072,message_data,5072,,
message_data,5073,message_data,5073,,
message_data,5074,message_data,5074,,
message_data,5075,message_data,5075,,
message_data,5076,message_data,5076,,
message_data,5077,message_data,5077,,
message_data,5078,message_data,5078,,
message_data,5079,message_data,5079,,
message_data,5080,message_data,5080,,
message_data,5081,message_data,5081,,
message_data,5082,message_data,5082,,
message_data,5083,message_data,5083,,
message_data,5084,message_data,5084,,
message_data,5085,message_data,5085,,
message_data,5086,message_data,5086,,
message_data,5087,message_data,5087,,
message_data,5088,message_data,5088,,
message_data,5089,message_data,5089,,
message_data,5090,message_data,5090,,
message_data,5091,message_data,5091,,
message_data,5092,message_data,5092,,
message_data,5093,message_data,5093,,
message_data,5094,message_data,5094,,
message_data,5095,message_data,5095,,
message_data,5096,message_data,5096,,
message_data,5097,message_data,5097,,
message_data,5098,message_data,5098,,
message_data,5099,message_data,5099,,
message_data,5100,message_data,5100,,
message_data,5101,message_data,5101,,
message_data,5102,message_data,5102,,
message_data,5103,message_data,5103,,
message_data,5104,message_data,5104,,
message_data,5105,message_data,5105,,
message_data,5106,message_data,5106,,
message_data,5107,message_data,5107,,
message_data,5108,message_data,5108,,
message_data,5109,message_data,5109,,
message_data,5110,message_data,5110,,
message_data,5111,message_data,5111,,
message_data,5112,message_data,5112,,
message_data,5113,message_data,5113,,
message_data,5114,message_data,5114,,
message_data,5115,message_data,5115,,
message_data,5116,message_data,5116,,
message_data,5117,message_data,5117,,
message_data,5118,message_data,5118,,
message_data,5119,message_data,5119,,
message_data,5120,message_data,5120,,
message_data,5121,message_data,5121,,
message_data,5122,message_data,5122,,
message_data,5123,message_data,5123,,
message_data,5124,message_data,5124,,
message_data,5125,message_data,5125,,
message_data,5126,message_data,5126,,
message_data,5127,message_data,5127,,
message_data,5128,message_data,5128,,
message_data,5129,message_data,5129,,
message_data,5130,message_data,5130,,
message_data,5131,message_data,5131,,
message_data,5132,,,,
message_data,5133,message_data,5133,,
message_data,5134,message_data,5134,,
message_data,5135,message_data,5135,,
message_data,5136,message_data,5136,,
message_data,5137,message_data,5137,,
message_data,5138,message_data,5138,,
message_data,5139,message_data,5139,,
message_data,5140,message_data,5140,,
message_data,5141,message_data,5141,,
message_data,5142,message_data,5142,,
message_data,5143,message_data,5143,,
message_data,5144,message_data,5144,,
message_data,5145,message_data,2,,
message_data,5146,message_data,5146,,
message_data,5147,message_data,5147,,
message_data,5148,message_data,5148,,
message_data,5149,message_data,5149,,
message_data,5150,message_data,5150,,
message_data,5151,message_data,5151,,
message_data,5152,message_data,5152,,
message_data,5153,message_data,5153,,
message_data,5154,message_data,5154,,
message_data,5155,message_data,5155,,
message_data,5156,message_data,5156,,
message_data,5157,message_data,5157,,
message_data,5158,message_data,5158,,
message_data,5159,message_data,5159,,
message_data,5160,message_data,5160,,
message_data,5161,message_data,5161,,
message_data,5162,message_data,5162,,
message_data,5163,message_data,5163,,
message_data,5164,message_data,5164,,
message_data,5165,message_data,5165,,
message_data,5166,message_data,5166,,
message_data,5167,message_data,5167,,
message_data,5168,message_data,5168,,
message_data,5169,message_data,5169,,
message_data,5170,message_data,5170,,
message_data,5171,message_data,5171,,
message_data,5172,,,,
message_data,5173,message_data,5173,,
message_data,5174,message_data,5174,,
message_data,5175,message_data,5175,,
message_data,5176,message_data,5176,,
message_data,5177,message_data,5177,,
message_data,5178,message_data,5178,,
message_data,5179,message_data,5179,,
message_data,5180,message_data,5180,,
message_data,5181,message_data,5181,,
message_data,5182,message_data,5182,,
message_data,5183,message_data,5183,,
message_data,5184,message_data,5184,,
message_data,5185,message_data,2,,
message_data,5186,message_data,5186,,
message_data,5187,message_data,5187,,
message_data,5188,message_data,5188,,
message_data,5189,message_data,5189,,
message_data,5190,message_data,5190,,
message_data,5191,message_data,5191,,
message_data,5192,message_data,5192,,
message_data,5193,message_data,5193,,
message_data,5194,message_data,5194,,
message_data,5195,message_data,5195,,
message_data,5196,message_data,5196,,
message_data,5197,message_data,5197,,
message_data,5198,message_data,5198,,
message_data,5199,message_data,5199,,
message_data,5200,message_data,5200,,
message_data,5201,message_data,5201,,
message_data,5202,message_data,5202,,
message_data,5203,message_data,5203,,
message_data,5204,message_data,5204,,
message_data,5205,message_data,5205,,
message_data,5206,message_data,5206,,
message_data,5207,message_data,5207,,
message_data,5208,message_data,5208,,
message_data,5209,message_data,5209,,
message_data,5210,message_data,5210,,
message_data,5211,message_data,5211,,
message_data,5212,,,,
message_data,5213,message_data,5213,,
message_data,5214,message_data,5214,,
message_data,5215,message_data,5215,,
message_data,5216,message_data,5216,,
message_data,5217,message_data,5217,,
message_data,5218,message_data,5218,,
message_data,5219,message_data,5219,,
message_data,5220,message_data,5220,,
message_data,5221,message_data,5221,,
message_data,5222,message_data,5222,,
message_data,5223,message_data,5223,,
message_data,5224,message_data,5224,,
message_data,5225,message_data,2,,
message_data,5226,message_data,5226,,
message_data,5227,message_data,5227,,
message_data,5228,message_data,5228,,
message_data,5229,message_data,5229,,
message_data,5230,message_data,5230,,
message_data,5231,message_data,5231,,
message_data,5232,message_data,5232,,
message_data,5233,message_data,5233,,
message_data,5234,message_data,5234,,
message_data,5235,message_data,5235,,
message_data,5236,message_data,5236,,
message_data,5237,message_data,5237,,
message_data,5238,message_data,5238,,
message_data,5239,message_data,5239,,
message_data,5240,message_data,5240,,
message_data,5241,message_data,5241,,
message_data,5242,message_data,5242,,
message_data,5243,message_data,5243,,
message_data,5244,message_data,5244,,
message_data,5245,message_data,5245,,
message_data,5246,message_data,5246,,
message_data,5247,message_data,5247,,
message_data,5248,message_data,5248,,
message_data,5249,message_data,5249,,
message_data,5250,message_data,5250,,
message_data,5251,message_data,5251,,
message_data,5252,,,,
message_data,5253,message_data,5253,,
message_data,5254,message_data,5254,,
message_data,5255,message_data,5255,,
message_data,5256,message_data,5256,,
message_data,5257,message_data,5257,,
message_data,5258,message_data,5258,,
message_data,5259,message_data,5259,,
message_data,5260,message_data,5260,,
message_data,5261,message_data,5261,,
message_data,5262,message_data,5262,,
message_data,5263,message_data,5263,,
message_data,5264,message_data,5264,,
message_data,5265,message_data,2,,
message_data,5266,message_data,5266,,
message_data,5267,message_data,5267,,
message_data,5268,message_data,5268,,
message_data,5269,message_data,5269,,
message_data,5270,message_data,5270,,
message_data,5271,message_data,5271,,
message_data,5272,message_data,5272,,
message_data,5273,message_data,5273,,
message_data,5274,message_data,5274,,
message_data,5275,message_data,5275,,
message_data,5276,message_data,5276,,
message_data,5277,message_data,5277,,
message_data,5278,message_data,5278,,
message_data,5279,message_data,5279,,
message_data,5280,message_data,5280,,
message_data,5281,message_data,5281,,
message_data,5282,message_data,5282,,
message_data,5283,message_data,5283,,
message_data,5284,message_data,5284,,
message_data,5285,message_data,5285,,
message_data,5286,message_data,5286,,
message_data,5287,message_data,5287,,
message_data,5288,message_data,5288,,
message_data,5289,message_data,5289,,
message_data,5290,message_data,5290,,
message_data,5291,message_data,5291,,
message_data,5292,,,,
message_data,5293,message_data,5293,,
message_data,5294,message_data,5294,,
message_data,5295,message_data,5295,,
message_data,5296,,,,
message_data,5297,message_data,5297,,
message_data,5298,message_data,5298,,
message_data,5299,message_data,5299,,
message_data,5300,message_data,5300,,
message_data,5301,message_data,5301,,
message_data,5302,message_data,5302,,
message_data,5303,message_data,5303,,
message_data,5304,message_data,5304,,
message_data,5305,message_data,2,,
message_data,5306,message_data,5306,,
message_data,5307,message_data,5307,,
message_data,5308,message_data,5308,,
message_data,5309,message_data,5309,,
message_data,5310,message_data,5310,,
message_data,5311,message_data,5311,,
message_data,5312,message_data,5312,,
message_data,5313,message_data,5313,,
message_data,5314,message_data,5314,,
message_data,5315,message_data,5315,,
message_data,5316,message_data,5316,,
message_data,5317,message_data,5317,,
message_data,5318,message_data,5318,,
message_data,5319,message_data,5319,,
message_data,5320,message_data,5320,,
message_data,5321,message_data,5321,,
message_data,5322,message_data,5322,,
message_data,5323,message_data,5323,,
message_data,5324,message_data,5324,,
message_data,5325,message_data,5325,,
message_data,5326,message_data,5326,,
message_data,5327,message_data,5327,,
message_data,5328,message_data,5328,,
message_data,5329,message_data,5329,,
message_data,5330,message_data,5330,,
message_data,5331,message_data,5331,,
message_data,5332,,,,
message_data,5333,message_data,5333,,
message_data,5334,message_data,5334,,
message_data,5335,message_data,5335,,
message_data,5336,message_data,5336,,
message_data,5337,message_data,5337,,
message_data,5338,message_data,5338,,
message_data,5339,message_data,5339,,
message_data,5340,message_data,5340,,
message_data,5341,message_data,5341,,
message_data,5342,message_data,5342,,
message_data,5343,message_data,5343,,
message_data,5344,message_data,5344,,
message_data,5345,message_data,5364,,
message_data,5346,message_data,5346,,
message_data,5347,message_data,5347,,
message_data,5348,message_data,5348,,
message_data,5349,message_data,5349,,
message_data,5350,message_data,5350,,
message_data,5351,message_data,5351,,
message_data,5352,message_data,5352,,
message_data,5353,message_data,5353,,
message_data,5354,message_data,5354,,
message_data,5355,message_data,5355,,
message_data,5356,message_data,5356,,
message_data,5357,message_data,5357,,
message_data,5358,message_data,5358,,
message_data,5359,message_data,5359,,
message_data,5360,message_data,5360,,
message_data,5361,message_data,5361,,
message_data,5362,message_data,5362,,
message_data,5363,message_data,5363,,
message_data,5364,message_data,5364,,
message_data,5365,message_data,5365,,
message_data,5366,message_data,5366,,
message_data,5367,message_data,5367,,
message_data,5368,message_data,5368,,
message_data,5369,message_data,5369,,
message_data,5370,message_data,5370,,
message_data,5371,message_data,5371,,
message_data,5372,message_data,5372,,
message_data,5373,message_data,5373,,
message_data,5374,,,,
message_data,5375,message_data,5375,,
message_data,5376,message_data,5376,,
message_data,5377,message_data,5377,,
message_data,5378,message_data,5378,,
message_data,5379,message_data,5379,,
message_data,5380,message_data,5380,,
message_data,5381,message_data,5381,,
message_data,5382,message_data,5382,,
message_data,5383,message_data,5383,,
message_data,5384,message_data,5384,,
message_data,5385,message_data,5387,,
message_data,5386,message_data,5387,,
message_data,5387,message_data,5387,,
message_data,5388,message_data,5388,,
message_data,5389,message_data,5389,,
message_data,5390,message_data,5390,,
message_data,5391,message_data,5391,,
message_data,5392,message_data,5392,,
message_data,5393,message_data,5393,,
message_data,5394,message_data,5394,,
message_data,5395,message_data,5395,,
message_data,5396,message_data,5396,,
message_data,5397,message_data,5397,,
message_data,5398,message_data,5398,,
message_data,5399,message_data,5399,,
message_data,5400,message_data,5400,,
message_data,5401,message_data,5401,,
message_data,5402,message_data,5402,,
message_data,5403,message_data,5403,,
message_data,5404,message_data,5404,,
message_data,5405,message_data,5405,,
message_data,5406,message_data,5406,,
message_data,5407,message_data,5407,,
message_data,5408,message_data,5408,,
message_data,5409,message_data,5409,,
message_data,5410,message_data,5410,,
message_data,5411,message_data,5411,,
message_data,5412,message_data,5412,,
message_data,5413,message_data,5413,,
message_data,5414,message_data,5414,,
message_data,5415,message_data,5415,,
message_data,5416,message_data,5416,,
message_data,5417,message_data,5417,,
message_data,5418,message_data,5418,,
message_data,5419,message_data,5419,,
message_data,5420,message_data,5420,,
message_data,5421,message_data,5421,,
message_data,5422,message_data,5422,,
message_data,5423,message_data,5423,,
message_data,5424,message_data,5424,,
message_data,5425,message_data,5425,,
message_data,5426,message_data,5426,,
message_data,5427,message_data,5427,,
message_data,5428,message_data,5428,,
message_data,5429,message_data,5429,,
message_data,5430,message_data,5430,,
message_data,5431,message_data,5431,,
message_data,5432,message_data,5432,,
message_data,5433,message_data,5433,,
message_data,5434,message_data,5434,,
message_data,5435,message_data,5435,,
message_data,5436,message_data,5436,,
message_data,5437,message_data,5437,,
message_data,5438,message_data,5438,,
message_data,5439,message_data,5439,,
message_data,5440,message_data,5440,,
message_data,5441,message_data,5441,,
message_data,5442,message_data,5442,,
message_data,5443,message_data,5443,,
message_data,5444,message_data,5444,,
message_data,5445,message_data,5445,,
message_data,5446,message_data,5446,,
message_data,5447,message_data,5447,,
message_data,5448,message_data,5448,,
message_data,5449,message_data,5449,,
message_data,5450,message_data,5450,,
message_data,5451,message_data,5451,,
message_data,5452,message_data,5452,,
message_data,5453,message_data,5453,,
message_data,5454,message_data,5454,,
message_data,5455,message_data,5455,,
message_data,5456,message_data,5456,,
message_data,5457,message_data,5457,,
message_data,5458,message_data,5458,,
message_data,5459,message_data,5459,,
message_data,5460,message_data,5460,,
message_data,5461,message_data,5461,,
message_data,5462,message_data,5462,,
message_data,5463,message_data,5463,,
message_data,5464,message_data,5464,,
message_data,5465,message_data,5465,,
message_data,5466,message_data,5466,,
message_data,5467,message_data,5467,,
message_data,5468,message_data,5468,,
message_data,5469,message_data,5469,,
message_data,5470,message_data,5470,,
message_data,5471,message_data,5471,,
message_data,5472,message_data,5472,,
message_data,5473,message_data,5473,,
message_data,5474,message_data,5474,,
message_data,5475,message_data,5475,,
message_data,5476,message_data,5476,,
message_data,5477,message_data,5477,,
message_data,5478,message_data,5478,,
message_data,5479,message_data,5479,,
message_data,5480,message_data,5480,,
message_data,5481,message_data,5481,,
message_data,5482,message_data,5482,,
message_data,5483,message_data,5483,,
message_data,5484,message_data,5484,,
message_data,5485,message_data,5485,,
message_data,5486,message_data,5486,,
message_data,5487,message_data,5487,,
message_data,5488,message_data,5488,,
message_data,5489,message_data,5489,,
message_data,5490,message_data,5490,,
message_data,5491,message_data,5491,,
message_data,5492,message_data,5492,,
message_data,5493,message_data,5493,,
message_data,5494,message_data,5494,,
message_data,5495,message_data,5495,,
message_data,5496,message_data,5496,,
message_data,5497,message_data,5497,,
message_data,5498,message_data,5498,,
message_data,5499,message_data,5499,,
message_data,5500,message_data,5500,,
message_data,5501,message_data,5501,,
message_data,5502,message_data,5502,,
message_data,5503,message_data,5503,,
message_data,5504,message_data,5504,,
message_data,5505,message_data,5505,,
message_data,5506,message_data,5506,,
message_data,5507,message_data,5507,,
message_data,5508,message_data,5508,,
message_data,5509,message_data,5509,,
message_data,5510,message_data,5510,,
message_data,5511,message_data,5511,,
message_data,5512,message_data,5512,,
message_data,5513,message_data,5513,,
message_data,5514,message_data,5514,,
message_data,5515,message_data,5515,,
message_data,5516,message_data,5516,,
message_data,5517,message_data,5517,,
message_data,5518,message_data,5518,,
message_data,5519,message_data,5519,,
message_data,5520,message_data,5520,,
message_data,5521,message_data,5521,,
message_data,5522,message_data,5522,,
message_data,5523,message_data,5523,,
message_data,5524,message_data,5524,,
message_data,5525,message_data,5525,,
message_data,5526,message_data,5526,,
message_data,5527,message_data,5527,,
message_data,5528,message_data,5528,,
message_data,5529,message_data,5529,,
message_data,5530,message_data,5530,,
message_data,5531,message_data,5531,,
message_data,5532,message_data,5532,,
message_data,5533,message_data,5533,,
message_data,5534,message_data,5534,,
message_data,5535,message_data,5535,,
message_data,5536,message_data,5536,,
message_data,5537,message_data,5537,,
message_data,5538,message_data,5538,,
message_data,5539,message_data,5539,,
message_data,5540,message_data,5540,,
message_data,5541,message_data,5541,,
message_data,5542,message_data,5542,,
message_data,5543,message_data,5543,,
message_data,5544,message_data,5544,,
message_data,5545,message_data,5545,,
message_data,5546,message_data,5546,,
message_data,5547,message_data,5547,,
message_data,5548,message_data,5548,,
message_data,5549,message_data,5549,,
message_data,5550,message_data,5550,,
message_data,5551,message_data,5551,,
message_data,5552,message_data,5552,,
message_data,5553,message_data,5553,,
message_data,5554,message_data,5554,,
message_data,5555,message_data,5555,,
message_data,5556,message_data,5556,,
message_data,5557,message_data,5557,,
message_data,5558,message_data,5558,,
message_data,5559,message_data,5559,,
message_data,5560,message_data,5560,,
message_data,5561,message_data,5561,,
message_data,5562,message_data,5562,,
message_data,5563,message_data,5563,,
message_data,5564,message_data,5564,,
message_data,5565,message_data,5565,,
message_data,5566,message_data,5566,,
message_data,5567,message_data,5567,,
message_data,5568,message_data,5568,,
message_data,5569,message_data,5569,,
message_data,5570,message_data,5570,,
message_data,5571,message_data,5571,,
message_data,5572,message_data,5572,,
message_data,5573,message_data,5573,,
message_data,5574,message_data,5574,,
message_data,5575,message_data,5575,,
message_data,5576,message_data,5576,,
message_data,5577,message_data,5577,,
message_data,5578,message_data,5578,,
message_data,5579,message_data,5579,,
message_data,5580,message_data,5580,,
message_data,5581,message_data,5581,,
message_data,5582,message_data,5582,,
message_data,5583,message_data,5583,,
message_data,5584,message_data,5584,,
message_data,5585,message_data,5585,,
message_data,5586,message_data,5586,,
message_data,5587,message_data,5587,,
message_data,5588,message_data,5588,,
message_data,5589,message_data,5589,,
message_data,5590,message_data,5590,,
message_data,5591,message_data,5591,,
message_data,5592,message_data,5592,,
message_data,5593,message_data,5593,,
message_data,5594,message_data,5594,,
message_data,5595,message_data,5595,,
message_data,5596,message_data,5596,,
message_data,5597,message_data,5597,,
message_data,5598,message_data,5598,,
message_data,5599,message_data,5599,,
message_data,5600,message_data,5600,,
message_data,5601,message_data,5601,,
message_data,5602,message_data,5602,,
message_data,5603,message_data,5603,,
message_data,5604,message_data,5604,,
message_data,5605,message_data,5605,,
message_data,5606,message_data,5606,,
message_data,5607,message_data,5607,,
message_data,5608,message_data,5608,,
message_data,5609,message_data,5609,,
message_data,5610,message_data,5610,,
message_data,5611,message_data,5611,,
message_data,5612,message_data,5612,,
message_data,5613,message_data,5613,,
message_data,5614,message_data,5614,,
message_data,5615,message_data,5615,,
message_data,5616,message_data,5616,,
message_data,5617,message_data,5617,,
message_data,5618,message_data,5618,,
message_data,5619,message_data,5619,,
message_data,5620,message_data,5620,,
message_data,5621,message_data,5621,,
message_data,5622,message_data,5622,,
message_data,5623,message_data,5623,,
message_data,5624,message_data,5624,,
message_data,5625,message_data,5625,,
message_data,5626,message_data,5626,,
message_data,5627,message_data,5627,,
message_data,5628,message_data,5628,,
message_data,5629,message_data,5629,,
message_data,5630,message_data,5630,,
message_data,5631,message_data,5631,,
message_data,5632,message_data,5632,,
message_data,5633,message_data,5633,,
message_data,5634,message_data,5634,,
message_data,5635,message_data,5635,,
message_data,5636,message_data,5636,,
message_data,5637,message_data,5637,,
message_data,5638,message_data,5638,,
message_data,5639,message_data,5639,,
message_data,5640,message_data,5640,,
message_data,5641,message_data,5641,,
message_data,5642,message_data,5642,,
message_data,5643,message_data,5643,,
message_data,5644,message_data,5644,,
message_data,5645,message_data,5645,,
message_data,5646,message_data,5646,,
message_data,5647,message_data,5647,,
message_data,5648,message_data,5648,,
message_data,5649,message_data,5649,,
message_data,5650,message_data,5650,,
message_data,5651,message_data,5651,,
message_data,5652,message_data,5652,,
message_data,5653,message_data,5653,,
message_data,5654,message_data,5654,,
message_data,5655,message_data,5655,,
message_data,5656,message_data,5656,,
message_data,5657,message_data,5657,,
message_data,5658,message_data,5658,,
message_data,5659,message_data,5659,,
message_data,5660,message_data,5660,,
message_data,5661,message_data,5661,,
message_data,5662,message_data,5662,,
message_data,5663,message_data,5663,,
message_data,5664,message_data,5664,,
message_data,5665,message_data,5665,,
message_data,5666,message_data,5666,,
message_data,5667,message_data,5667,,
message_data,5668,message_data,5668,,
message_data,5669,message_data,5669,,
message_data,5670,message_data,5670,,
message_data,5671,message_data,5671,,
message_data,5672,message_data,5672,,
message_data,5673,message_data,5673,,
message_data,5674,message_data,5674,,
message_data,5675,message_data,5675,,
message_data,5676,message_data,5676,,
message_data,5677,message_data,5677,,
message_data,5678,message_data,5678,,
message_data,5679,message_data,5679,,
message_data,5680,message_data,5680,,
message_data,5681,message_data,5681,,
message_data,5682,message_data,5682,,
message_data,5683,message_data,5683,,
message_data,5684,message_data,5684,,
message_data,5685,message_data,5685,,
message_data,5686,message_data,5686,,
message_data,5687,message_data,5687,,
message_data,5688,message_data,5688,,
message_data,5689,message_data,5689,,
message_data,5690,message_data,5690,,
message_data,5691,message_data,5691,,
message_data,5692,message_data,5692,,
message_data,5693,message_data,5693,,
message_data,5694,message_data,5694,,
message_data,5695,message_data,5695,,
message_data,5696,message_data,5696,,
message_data,5697,message_data,5697,,
message_data,5698,message_data,5698,,
message_data,5699,message_data,5699,,
message_data,5700,message_data,5700,,
message_data,5701,message_data,5701,,
message_data,5702,message_data,5702,,
message_data,5703,message_data,5703,,
message_data,5704,message_data,5704,,
message_data,5705,message_data,5705,,
message_data,5706,message_data,5706,,
message_data,5707,message_data,5707,,
message_data,5708,message_data,5708,,
message_data,5709,message_data,5709,,
message_data,5710,message_data,5710,,
message_data,5711,message_data,5711,,
message_data,5712,message_data,5712,,
message_data,5713,message_data,5713,,
message_data,5714,message_data,5714,,
message_data,5715,message_data,5715,,
message_data,5716,message_data,5716,,
message_data,5717,message_data,5717,,
message_data,5718,message_data,5718,,
message_data,5719,message_data,5719,,
message_data,5720,message_data,5720,,
message_data,5721,message_data,5721,,
message_data,5722,message_data,5722,,
message_data,5723,message_data,5723,,
message_data,5724,message_data,5724,,
message_data,5725,message_data,5725,,
message_data,5726,message_data,5726,,
message_data,5727,message_data,5727,,
message_data,5728,message_data,5728,,
message_data,5729,message_data,5729,,
message_data,5730,message_data,5730,,
message_data,5731,message_data,5731,,
message_data,5732,message_data,5732,,
message_data,5733,message_data,5733,,
message_data,5734,message_data,5734,,
message_data,5735,message_data,5735,,
message_data,5736,message_data,5736,,
message_data,5737,message_data,5737,,
message_data,5738,message_data,5738,,
message_data,5739,message_data,5739,,
message_data,5740,message_data,5740,,
message_data,5741,message_data,5741,,
message_data,5742,message_data,5742,,
message_data,5743,message_data,5743,,
message_data,5744,message_data,5744,,
message_data,5745,message_data,5745,,
message_data,5746,message_data,5746,,
message_data,5747,message_data,5747,,
message_data,5748,message_data,5748,,
message_data,5749,message_data,5749,,
message_data,5750,message_data,5750,,
message_data,5751,message_data,5751,,
message_data,5752,message_data,5752,,
message_data,5753,message_data,5753,,
message_data,5754,message_data,5754,,
message_data,5755,message_data,5755,,
message_data,5756,message_data,5756,,
message_data,5757,message_data,5757,,
message_data,5758,message_data,5758,,
message_data,5759,message_data,5759,,
message_data,5760,message_data,5760,,
message_data,5761,message_data,5761,,
message_data,5762,message_data,5762,,
message_data,5763,message_data,5763,,
message_data,5764,message_data,5764,,
message_data,5765,message_data,5765,,
message_data,5766,message_data,5766,,
message_data,5767,message_data,5767,,
message_data,5768,message_data,5768,,
message_data,5769,message_data,5769,,
message_data,5770,message_data,5770,,
message_data,5771,message_data,5771,,
message_data,5772,message_data,5772,,
message_data,5773,message_data,5773,,
message_data,5774,message_data,5774,,
message_data,5775,message_data,5775,,
message_data,5776,message_data,5776,,
message_data,5777,message_data,5777,,
message_data,5778,message_data,5778,,
message_data,5779,message_data,5779,,
message_data,5780,message_data,5780,,
message_data,5781,message_data,5781,,
message_data,5782,message_data,5782,,
message_data,5783,message_data,5783,,
message_data,5784,message_data,5784,,
message_data,5785,message_data,5785,,
message_data,5786,message_data,5786,,
message_data,5787,message_data,5787,,
message_data,5788,message_data,5788,,
message_data,5789,message_data,5789,,
message_data,5790,message_data,5790,,
message_data,5791,message_data,5791,,
message_data,5792,message_data,5792,,
message_data,5793,message_data,5793,,
message_data,5794,message_data,5794,,
message_data,5795,message_data,5795,,
message_data,5796,message_data,5796,,
message_data,5797,message_data,5797,,
message_data,5798,message_data,5798,,
message_data,5799,message_data,5799,,
message_data,5800,message_data,5800,,
message_data,5801,message_data,5801,,
message_data,5802,message_data,5802,,
message_data,5803,message_data,5803,,
message_data,5804,message_data,5804,,
message_data,5805,message_data,5805,,
message_data,5806,message_data,5806,,
message_data,5807,message_data,5807,,
message_data,5808,message_data,5808,,
message_data,5809,message_data,5809,,
message_data,5810,message_data,5810,,
message_data,5811,message_data,5811,,
message_data,5812,message_data,5812,,
message_data,5813,message_data,5813,,
message_data,5814,message_data,5814,,
message_data,5815,message_data,5815,,
message_data,5816,message_data,5816,,
message_data,5817,message_data,5817,,
message_data,5818,message_data,5818,,
message_data,5819,message_data,5819,,
message_data,5820,message_data,5820,,
message_data,5821,message_data,5821,,
message_data,5822,message_data,5822,,
message_data,5823,message_data,5823,,
message_data,5824,message_data,5824,,
message_data,5825,message_data,5825,,
message_data,5826,message_data,5826,,
message_data,5827,message_data,5827,,
message_data,5828,message_data,5828,,
message_data,5829,message_data,5829,,
message_data,5830,message_data,5830,,
message_data,5831,message_data,5831,,
message_data,5832,message_data,5832,,
message_data,5833,message_data,5833,,
message_data,5834,message_data,5834,,
message_data,5835,message_data,5835,,
message_data,5836,message_data,5836,,
message_data,5837,message_data,5837,,
message_data,5838,message_data,5838,,
message_data,5839,message_data,5839,,
message_data,5840,message_data,5840,,
message_data,5841,message_data,5841,,
message_data,5842,message_data,5842,,
message_data,5843,message_data,5843,,
message_data,5844,message_data,5844,,
message_data,5845,message_data,5845,,
message_data,5846,message_data,5846,,
message_data,5847,message_data,5847,,
message_data,5848,message_data,5848,,
message_data,5849,message_data,5849,,
message_data,5850,message_data,5850,,
message_data,5851,message_data,5851,,
message_data,5852,message_data,5852,,
message_data,5853,message_data,5853,,
message_data,5854,message_data,5854,,
message_data,5855,message_data,5855,,
message_data,5856,message_data,5856,,
message_data,5857,message_data,5857,,
message_data,5858,message_data,5858,,
message_data,5859,message_data,5859,,
message_data,5860,message_data,5860,,
message_data,5861,message_data,5861,,
message_data,5862,message_data,5862,,
message_data,5863,message_data,5863,,
message_data,5864,message_data,5864,,
message_data,5865,message_data,5865,,
message_data,5866,message_data,5866,,
message_data,5867,message_data,5867,,
message_data,5868,message_data,5868,,
message_data,5869,message_data,5869,,
message_data,5870,message_data,5870,,
message_data,5871,message_data,5871,,
message_data,5872,message_data,5872,,
message_data,5873,message_data,5873,,
message_data,5874,message_data,5874,,
message_data,5875,message_data,5875,,
message_data,5876,message_data,5876,,
message_data,5877,message_data,5877,,
message_data,5878,message_data,5878,,
message_data,5879,message_data,5879,,
message_data,5880,message_data,5880,,
message_data,5881,message_data,5881,,
message_data,5882,message_data,5882,,
message_data,5883,message_data,5883,,
message_data,5884,message_data,5884,,
message_data,5885,message_data,5885,,
message_data,5886,message_data,5886,,
message_data,5887,message_data,5887,,
message_data,5888,message_data,5888,,
message_data,5889,message_data,5889,,
message_data,5890,message_data,5890,,
message_data,5891,message_data,5891,,
message_data,5892,message_data,5892,,
message_data,5893,message_data,5893,,
message_data,5894,message_data,5894,,
message_data,5895,message_data,5895,,
message_data,5896,message_data,5896,,
message_data,5897,message_data,5897,,
message_data,5898,message_data,5898,,
message_data,5899,message_data,5899,,
message_data,5900,message_data,5900,,
message_data,5901,message_data,5901,,
message_data,5902,message_data,5902,,
message_data,5903,message_data,5903,,
message_data,5904,message_data,5904,,
message_data,5905,message_data,5905,,
message_data,5906,message_data,5906,,
message_data,5907,message_data,5907,,
message_data,5908,message_data,5908,,
message_data,5909,message_data,5909,,
message_data,5910,message_data,5910,,
message_data,5911,message_data,5911,,
message_data,5912,message_data,5912,,
message_data,5913,message_data,5913,,
message_data,5914,message_data,5914,,
message_data,5915,message_data,5915,,
message_data,5916,message_data,5916,,
message_data,5917,message_data,5917,,
message_data,5918,message_data,5918,,
message_data,5919,message_data,5919,,
message_data,5920,message_data,5920,,
message_data,5921,message_data,5921,,
message_data,5922,message_data,5922,,
message_data,5923,message_data,5923,,
message_data,5924,message_data,5924,,
message_data,5925,message_data,5925,,
message_data,5926,message_data,5926,,
message_data,5927,message_data,5927,,
message_data,5928,message_data,5928,,
message_data,5929,message_data,5929,,
message_data,5930,message_data,5930,,
message_data,5931,message_data,5931,,
message_data,5932,message_data,5932,,
message_data,5933,message_data,5933,,
message_data,5934,message_data,5934,,
message_data,5935,message_data,5935,,
message_data,5936,message_data,5936,,
message_data,5937,message_data,5937,,
message_data,5938,message_data,5938,,
message_data,5939,message_data,5939,,
message_data,5940,message_data,5940,,
message_data,5941,message_data,5941,,
message_data,5942,message_data,5942,,
message_data,5943,message_data,5943,,
message_data,5944,message_data,5944,,
message_data,5945,message_data,5945,,
message_data,5946,message_data,5946,,
message_data,5947,message_data,5947,,
message_data,5948,message_data,5948,,
message_data,5949,message_data,5949,,
message_data,5950,message_data,5950,,
message_data,5951,message_data,5951,,
message_data,5952,message_data,5952,,
message_data,5953,message_data,5953,,
message_data,5954,message_data,5954,,
message_data,5955,message_data,5955,,
message_data,5956,message_data,5956,,
message_data,5957,message_data,5957,,
message_data,5958,message_data,5958,,
message_data,5959,message_data,5959,,
message_data,5960,message_data,5960,,
message_data,5961,message_data,5961,,
message_data,5962,message_data,5962,,
message_data,5963,message_data,5963,,
message_data,5964,message_data,5964,,
message_data,5965,message_data,5965,,
message_data,5966,message_data,5966,,
message_data,5967,message_data,5967,,
message_data,5968,message_data,5968,,
message_data,5969,message_data,5969,,
message_data,5970,message_data,5970,,
message_data,5971,message_data,5971,,
message_data,5972,message_data,5972,,
message_data,5973,message_data,5973,,
message_data,5974,message_data,5974,,
message_data,5975,message_data,5975,,
message_data,5976,message_data,5976,,
message_data,5977,message_data,5977,,
message_data,5978,message_data,5978,,
message_data,5979,message_data,5979,,
message_data,5980,message_data,5980,,
message_data,5981,message_data,5981,,
message_data,5982,message_data,5982,,
message_data,5983,message_data,5983,,
message_data,5984,message_data,5984,,
message_data,5985,message_data,5985,,
message_data,5986,message_data,5986,,
message_data,5987,message_data,5987,,
message_data,5988,message_data,5988,,
message_data,5989,message_data,5989,,
message_data,5990,message_data,5990,,
message_data,5991,message_data,5991,,
message_data,5992,message_data,5992,,
message_data,5993,message_data,5993,,
message_data,5994,message_data,5994,,
message_data,5995,message_data,5995,,
message_data,5996,message_data,5996,,
message_data,5997,message_data,5997,,
message_data,5998,message_data,5998,,
message_data,5999,message_data,5999,,
message_data,6000,message_data,6000,,
message_data,6001,message_data,6001,,
message_data,6002,message_data,6002,,
message_data,6003,message_data,6003,,
message_data,6004,message_data,6004,,
message_data,6005,message_data,6005,,
message_data,6006,message_data,6006,,
message_data,6007,message_data,6007,,
message_data,6008,message_data,6008,,
message_data,6009,message_data,6009,,
message_data,6010,message_data,6010,,
message_data,6011,message_data,6011,,
message_data,6012,message_data,6012,,
message_data,6013,message_data,6013,,
message_data,6014,message_data,6014,,
message_data,6015,message_data,6015,,
message_data,6016,message_data,6016,,
message_data,6017,message_data,6017,,
message_data,6018,message_data,6018,,
message_data,6019,message_data,6019,,
message_data,6020,message_data,6020,,
message_data,6021,message_data,6021,,
message_data,6022,message_data,6022,,
message_data,6023,message_data,6023,,
message_data,6024,message_data,6024,,
message_data,6025,message_data,6025,,
message_data,6026,message_data,6026,,
message_data,6027,message_data,6027,,
message_data,6028,message_data,6028,,
message_data,6029,message_data,6029,,
message_data,6030,message_data,6030,,
message_data,6031,message_data,6031,,
message_data,6032,message_data,6032,,
message_data,6033,message_data,6033,,
message_data,6034,message_data,6034,,
message_data,6035,message_data,6035,,
message_data,6036,message_data,6036,,
message_data,6037,message_data,6037,,
message_data,6038,message_data,6038,,
message_data,6039,message_data,6039,,
message_data,6040,message_data,6040,,
message_data,6041,message_data,6041,,
message_data,6042,message_data,6042,,
message_data,6043,message_data,6043,,
message_data,6044,message_data,6044,,
message_data,6045,message_data,6045,,
message_data,6046,message_data,6046,,
message_data,6047,message_data,6047,,
message_data,6048,message_data,6048,,
message_data,6049,message_data,6049,,
message_data,6050,message_data,6050,,
message_data,6051,message_data,6051,,
message_data,6052,message_data,6052,,
message_data,6053,message_data,6053,,
message_data,6054,message_data,6054,,
message_data,6055,message_data,6055,,
message_data,6056,message_data,6056,,
message_data,6057,message_data,6057,,
message_data,6058,message_data,6058,,
message_data,6059,message_data,6059,,
message_data,6060,message_data,6060,,
message_data,6061,message_data,6061,,
message_data,6062,message_data,6062,,
message_data,6063,message_data,6063,,
message_data,6064,message_data,6064,,
message_data,6065,message_data,6065,,
message_data,6066,message_data,6066,,
message_data,6067,message_data,6067,,
message_data,6068,message_data,6068,,
message_data,6069,message_data,6069,,
message_data,6070,message_data,6070,,
message_data,6071,message_data,6071,,
message_data,6072,message_data,6072,,
message_data,6073,message_data,6073,,
message_data,6074,message_data,6074,,
message_data,6075,message_data,6075,,
message_data,6076,message_data,6076,,
message_data,6077,message_data,6077,,
message_data,6078,message_data,6078,,
message_data,6079,message_data,6079,,
message_data,6080,message_data,6080,,
message_data,6081,message_data,6081,,
message_data,6082,message_data,6082,,
message_data,6083,message_data,6083,,
message_data,6084,message_data,6084,,
message_data,6085,message_data,6085,,
message_data,6086,message_data,6086,,
message_data,6087,message_data,6087,,
message_data,6088,message_data,6088,,
message_data,6089,message_data,6089,,
message_data,6090,message_data,6090,,
message_data,6091,message_data,6091,,
message_data,6092,message_data,6092,,
message_data,6093,message_data,6093,,
message_data,6094,message_data,6094,,
message_data,6095,message_data,6095,,
message_data,6096,message_data,6096,,
message_data,6097,message_data,6097,,
message_data,6098,message_data,6098,,
message_data,6099,message_data,6099,,
message_data,6100,message_data,6100,,
message_data,6101,message_data,6101,,
message_data,6102,message_data,6102,,
message_data,6103,message_data,6103,,
message_data,6104,message_data,6104,,
message_data,6105,message_data,6105,,
message_data,6106,message_data,6106,,
message_data,6107,message_data,6107,,
message_data,6108,message_data,6108,,
message_data,6109,message_data,6109,,
message_data,6110,message_data,6110,,
message_data,6111,message_data,6111,,
message_data,6112,message_data,6112,,
message_data,6113,message_data,6113,,
message_data,6114,message_data,6114,,
message_data,6115,message_data,6115,,
message_data,6116,message_data,6116,,
message_data,6117,message_data,6117,,
message_data,6118,message_data,6118,,
message_data,6119,message_data,6119,,
message_data,6120,message_data,6120,,
message_data,6121,message_data,6121,,
message_data,6122,message_data,6122,,
message_data,6123,message_data,6123,,
message_data,6124,message_data,6124,,
message_data,6125,message_data,6125,,
message_data,6126,message_data,6126,,
message_data,6127,message_data,6127,,
message_data,6128,message_data,6128,,
message_data,6129,message_data,6129,,
message_data,6130,message_data,6130,,
message_data,6131,message_data,6131,,
message_data,6132,message_data,6132,,
message_data,6133,message_data,6133,,
message_data,6134,message_data,6134,,
message_data,6135,message_data,6135,,
message_data,6136,message_data,6136,,
message_data,6137,message_data,6137,,
message_data,6138,message_data,6138,,
message_data,6139,message_data,6139,,
message_data,6140,message_data,6140,,
message_data,6141,message_data,6141,,
message_data,6142,message_data,6142,,
message_data,6143,message_data,6143,,
message_data,6144,message_data,6144,,
message_data,6145,message_data,6145,,
message_data,6146,message_data,6146,,
message_data,6147,message_data,6147,,
message_data,6148,message_data,6148,,
message_data,6149,message_data,6149,,
message_data,6150,message_data,6150,,
message_data,6151,message_data,6151,,
message_data,6152,message_data,6152,,
message_data,6153,message_data,6153,,
message_data,6154,message_data,6154,,
message_data,6155,message_data,6155,,
message_data,6156,message_data,6156,,
message_data,6157,message_data,6157,,
message_data,6158,message_data,6158,,
message_data,6159,message_data,6159,,
message_data,6160,message_data,6160,,
message_data,6161,message_data,6161,,
message_data,6162,message_data,6162,,
message_data,6163,message_data,6163,,
message_data,6164,message_data,6164,,
message_data,6165,message_data,6165,,
message_data,6166,message_data,6166,,
message_data,6167,message_data,6167,,
message_data,6168,message_data,6168,,
message_data,6169,message_data,6169,,
message_data,6170,message_data,6170,,
message_data,6171,message_data,6171,,
message_data,6172,message_data,6172,,
message_data,6173,message_data,6173,,
message_data,6174,message_data,6174,,
message_data,6175,message_data,6175,,
message_data,6176,message_data,6176,,
message_data,6177,message_data,6177,,
message_data,6178,message_data,6178,,
message_data,6179,message_data,6179,,
message_data,6180,message_data,6180,,
message_data,6181,message_data,6181,,
message_data,6182,message_data,6182,,
message_data,6183,message_data,6183,,
message_data,6184,message_data,6184,,
message_data,6185,message_data,6185,,
message_data,6186,message_data,6186,,
message_data,6187,message_data,6187,,
message_data,6188,message_data,6188,,
message_data,6189,message_data,6189,,
message_data,6190,message_data,6190,,
message_data,6191,message_data,6191,,
message_data,6192,message_data,6192,,
message_data,6193,message_data,6193,,
message_data,6194,message_data,6194,,
message_data,6195,message_data,6195,,
message_data,6196,message_data,6196,,
message_data,6197,message_data,6197,,
message_data,6198,message_data,6198,,
message_data,6199,message_data,6199,,
message_data,6200,message_data,6200,,
message_data,6201,message_data,6201,,
message_data,6202,message_data,6202,,
message_data,6203,message_data,6203,,
message_data,6204,message_data,6204,,
message_data,6205,message_data,6205,,
message_data,6206,message_data,6206,,
message_data,6207,message_data,6207,,
message_data,6208,message_data,6208,,
message_data,6209,message_data,6209,,
message_data,6210,message_data,6210,,
message_data,6211,message_data,6211,,
message_data,6212,message_data,6212,,
message_data,6213,message_data,6213,,
message_data,6214,message_data,6214,,
message_data,6215,message_data,6215,,
message_data,6216,message_data,6216,,
message_data,6217,message_data,6217,,
message_data,6218,message_data,6218,,
message_data,6219,message_data,6219,,
message_data,6220,message_data,6220,,
message_data,6221,message_data,6221,,
message_data,6222,message_data,6222,,
message_data,6223,message_data,6223,,
message_data,6224,message_data,6224,,
message_data,6225,message_data,6225,,
message_data,6226,message_data,6226,,
message_data,6227,message_data,6227,,
message_data,6228,message_data,6228,,
message_data,6229,message_data,6229,,
message_data,6230,message_data,6230,,
message_data,6231,message_data,6231,,
message_data,6232,message_data,6232,,
message_data,6233,message_data,6233,,
message_data,6234,message_data,6234,,
message_data,6235,message_data,6235,,
message_data,6236,message_data,6236,,
message_data,6237,message_data,6237,,
message_data,6238,message_data,6238,,
message_data,6239,message_data,6239,,
message_data,6240,message_data,6240,,
message_data,6241,message_data,6241,,
message_data,6242,message_data,6242,,
message_data,6243,message_data,6243,,
message_data,6244,message_data,6244,,
message_data,6245,message_data,6245,,
message_data,6246,message_data,6246,,
message_data,6247,message_data,6247,,
message_data,6248,message_data,6248,,
message_data,6249,message_data,6249,,
message_data,6250,message_data,6250,,
message_data,6251,message_data,6251,,
message_data,6252,message_data,6252,,
message_data,6253,message_data,6253,,
message_data,6254,message_data,6254,,
message_data,6255,message_data,6255,,
message_data,6256,message_data,6256,,
message_data,6257,message_data,6257,,
message_data,6258,message_data,6258,,
message_data,6259,message_data,6259,,
message_data,6260,message_data,6260,,
message_data,6261,message_data,6261,,
message_data,6262,message_data,6262,,
message_data,6263,message_data,6263,,
message_data,6264,message_data,6264,,
message_data,6265,message_data,6265,,
message_data,6266,message_data,6266,,
message_data,6267,message_data,6267,,
message_data,6268,message_data,6268,,
message_data,6269,message_data,6269,,
message_data,6270,message_data,6270,,
message_data,6271,message_data,6271,,
message_data,6272,message_data,6272,,
message_data,6273,message_data,6273,,
message_data,6274,message_data,6274,,
message_data,6275,message_data,6275,,
message_data,6276,message_data,6276,,
message_data,6277,message_data,6277,,
message_data,6278,message_data,6278,,
message_data,6279,message_data,6279,,
message_data,6280,message_data,6280,,
message_data,6281,message_data,6281,,
message_data,6282,message_data,6282,,
message_data,6283,message_data,6283,,
message_data,6284,message_data,6284,,
message_data,6285,message_data,6285,,
message_data,6286,message_data,6286,,
message_data,6287,message_data,6287,,
message_data,6288,message_data,6288,,
message_data,6289,message_data,6289,,
message_data,6290,message_data,6290,,
message_data,6291,message_data,6291,,
message_data,6292,message_data,6292,,
message_data,6293,message_data,6293,,
message_data,6294,message_data,6294,,
message_data,6295,message_data,6295,,
message_data,6296,message_data,6296,,
message_data,6297,message_data,6297,,
message_data,6298,message_data,6298,,
message_data,6299,message_data,6299,,
message_data,6300,message_data,6300,,
message_data,6301,message_data,6301,,
message_data,6302,message_data,6302,,
message_data,6303,message_data,6303,,
message_data,6304,message_data,6304,,
message_data,6305,message_data,6305,,
message_data,6306,message_data,6306,,
message_data,6307,message_data,6307,,
message_data,6308,message_data,6308,,
message_data,6309,message_data,6309,,
message_data,6310,message_data,6310,,
message_data,6311,message_data,6311,,
message_data,6312,message_data,6312,,
message_data,6313,message_data,6313,,
message_data,6314,message_data,6314,,
message_data,6315,message_data,6315,,
message_data,6316,message_data,6316,,
message_data,6317,message_data,6317,,
message_data,6318,message_data,6318,,
message_data,6319,message_data,6319,,
message_data,6320,message_data,6320,,
message_data,6321,message_data,6321,,
message_data,6322,message_data,6322,,
message_data,6323,message_data,6323,,
message_data,6324,message_data,6324,,
message_data,6325,message_data,6325,,
message_data,6326,message_data,6326,,
message_data,6327,message_data,6327,,
message_data,6328,message_data,6328,,
message_data,6329,message_data,6329,,
message_data,6330,message_data,6330,,
message_data,6331,message_data,6331,,
message_data,6332,message_data,6332,,
message_data,6333,message_data,6333,,
message_data,6334,message_data,6334,,
message_data,6335,message_data,6335,,
message_data,6336,message_data,6336,,
message_data,6337,message_data,6337,,
message_data,6338,message_data,6338,,
message_data,6339,message_data,6339,,
message_data,6340,message_data,6340,,
message_data,6341,message_data,6341,,
message_data,6342,message_data,6342,,
message_data,6343,message_data,6343,,
message_data,6344,message_data,6344,,
message_data,6345,message_data,6345,,
message_data,6346,message_data,6346,,
message_data,6347,message_data,6347,,
message_data,6348,message_data,6348,,
message_data,6349,message_data,6349,,
message_data,6350,message_data,6350,,
message_data,6351,message_data,6351,,
message_data,6352,message_data,6352,,
message_data,6353,message_data,6353,,
message_data,6354,message_data,6354,,
message_data,6355,message_data,6355,,
message_data,6356,message_data,6356,,
message_data,6357,message_data,6357,,
message_data,6358,message_data,6358,,
message_data,6359,message_data,6359,,
message_data,6360,message_data,6360,,
message_data,6361,message_data,6361,,
message_data,6362,message_data,6362,,
message_data,6363,message_data,6363,,
message_data,6364,message_data,6364,,
message_data,6365,message_data,6365,,
message_data,6366,message_data,6366,,
message_data,6367,message_data,6367,,
message_data,6368,message_data,6368,,
message_data,6369,message_data,6369,,
message_data,6370,message_data,6370,,
message_data,6371,message_data,6371,,
message_data,6372,message_data,6372,,
message_data,6373,message_data,6373,,
message_data,6374,message_data,6374,,
message_data,6375,message_data,6375,,
message_data,6376,message_data,6376,,
message_data,6377,message_data,6377,,
message_data,6378,message_data,6378,,
message_data,6379,message_data,6379,,
message_data,6380,message_data,6380,,
message_data,6381,message_data,6381,,
message_data,6382,message_data,6382,,
message_data,6383,message_data,6383,,
message_data,6384,message_data,6384,,
message_data,6385,message_data,6385,,
message_data,6386,message_data,6386,,
message_data,6387,message_data,6387,,
message_data,6388,message_data,6388,,
message_data,6389,message_data,6389,,
message_data,6390,message_data,6390,,
message_data,6391,message_data,6391,,
message_data,6392,message_data,6392,,
message_data,6393,message_data,6393,,
message_data,6394,message_data,6394,,
message_data,6395,message_data,6395,,
message_data,6396,message_data,6396,,
message_data,6397,message_data,6397,,
message_data,6398,message_data,6398,,
message_data,6399,message_data,6399,,
message_data,6400,message_data,6400,,
message_data,6401,message_data,6401,,
message_data,6402,message_data,6402,,
message_data,6403,message_data,6403,,
message_data,6404,message_data,6404,,
message_data,6405,message_data,6405,,
message_data,6406,message_data,6406,,
message_data,6407,message_data,6407,,
message_data,6408,message_data,6408,,
message_data,6409,message_data,6409,,
message_data,6410,message_data,6410,,
message_data,6411,message_data,6411,,
message_data,6412,message_data,6412,,
message_data,6413,message_data,6413,,
message_data,6414,message_data,6414,,
message_data,6415,message_data,6415,,
message_data,6416,message_data,6416,,
message_data,6417,message_data,6417,,
message_data,6418,message_data,6418,,
message_data,6419,message_data,6419,,
message_data,6420,message_data,6420,,
message_data,6421,message_data,6421,,
message_data,6422,message_data,6422,,
message_data,6423,message_data,6423,,
message_data,6424,message_data,6424,,
message_data,6425,message_data,6425,,
message_data,6426,message_data,6426,,
message_data,6427,message_data,6427,,
message_data,6428,message_data,6428,,
message_data,6429,message_data,6429,,
message_data,6430,message_data,6430,,
message_data,6431,message_data,6431,,
message_data,6432,message_data,6432,,
message_data,6433,message_data,6433,,
message_data,6434,message_data,6434,,
message_data,6435,message_data,6435,,
message_data,6436,message_data,6436,,
message_data,6437,message_data,6437,,
message_data,6438,message_data,6438,,
message_data,6439,message_data,6439,,
message_data,6440,message_data,6440,,
message_data,6441,message_data,6441,,
message_data,6442,message_data,6442,,
message_data,6443,message_data,6443,,
message_data,6444,message_data,6444,,
message_data,6445,message_data,6445,,
message_data,6446,message_data,6446,,
message_data,6447,message_data,6447,,
message_data,6448,message_data,6448,,
message_data,6449,message_data,6449,,
message_data,6450,message_data,6450,,
message_data,6451,message_data,6451,,
message_data,6452,message_data,6452,,
message_data,6453,message_data,6453,,
message_data,6454,message_data,6454,,
message_data,6455,message_data,6455,,
message_data,6456,message_data,6456,,
message_data,6457,message_data,6457,,
message_data,6458,message_data,6458,,
message_data,6459,message_data,6459,,
message_data,6460,message_data,6460,,
message_data,6461,message_data,6461,,
message_data,6462,message_data,6462,,
message_data,6463,message_data,6463,,
message_data,6464,message_data,6464,,
message_data,6465,message_data,6465,,
message_data,6466,message_data,6466,,
message_data,6467,message_data,6467,,
message_data,6468,message_data,6468,,
message_data,6469,message_data,6469,,
message_data,6470,message_data,6470,,
message_data,6471,message_data,6471,,
message_data,6472,message_data,6472,,
message_data,6473,message_data,6473,,
message_data,6474,message_data,6474,,
message_data,6475,message_data,6475,,
message_data,6476,message_data,6476,,
message_data,6477,message_data,6477,,
message_data,6478,message_data,6478,,
message_data,6479,message_data,6479,,
message_data,6480,message_data,6480,,
message_data,6481,message_data,6481,,
message_data,6482,message_data,6482,,
message_data,6483,message_data,6483,,
message_data,6484,message_data,6484,,
message_data,6485,message_data,6485,,
message_data,6486,message_data,6486,,
message_data,6487,message_data,6487,,
message_data,6488,message_data,6488,,
message_data,6489,message_data,6489,,
message_data,6490,message_data,6490,,
message_data,6491,message_data,6491,,
message_data,6492,message_data,6492,,
message_data,6493,message_data,6493,,
message_data,6494,message_data,6494,,
message_data,6495,message_data,6495,,
message_data,6496,message_data,6496,,
message_data,6497,message_data,6497,,
message_data,6498,message_data,6498,,
message_data,6499,message_data,6499,,
message_data,6500,message_data,6500,,
message_data,6501,message_data,6501,,
message_data,6502,message_data,6502,,
message_data,6503,message_data,6503,,
message_data,6504,message_data,6504,,
message_data,6505,message_data,6505,,
message_data,6506,message_data,6506,,
message_data,6507,message_data,6507,,
message_data,6508,message_data,6508,,
message_data,6509,message_data,6509,,
message_data,6510,message_data,6510,,
message_data,6511,message_data,6511,,
message_data,6512,message_data,6512,,
message_data,6513,message_data,6513,,
message_data,6514,message_data,6514,,
message_data,6515,message_data,6515,,
message_data,6516,message_data,6516,,
message_data,6517,message_data,6517,,
message_data,6518,message_data,6518,,
message_data,6519,message_data,6519,,
message_data,6520,message_data,6520,,
message_data,6521,message_data,6521,,
message_data,6522,message_data,6522,,
message_data,6523,message_data,6523,,
message_data,6524,message_data,6524,,
message_data,6525,message_data,6525,,
message_data,6526,message_data,6526,,
message_data,6527,message_data,6527,,
message_data,6528,message_data,6528,,
message_data,6529,message_data,6529,,
message_data,6530,message_data,6530,,
message_data,6531,message_data,6531,,
message_data,6532,message_data,6532,,
message_data,6533,message_data,6533,,
message_data,6534,message_data,6534,,
message_data,6535,message_data,6535,,
message_data,6536,message_data,6536,,
message_data,6537,message_data,6537,,
message_data,6538,message_data,6538,,
message_data,6539,message_data,6539,,
message_data,6540,message_data,6540,,
message_data,6541,message_data,6541,,
message_data,6542,message_data,6542,,
message_data,6543,message_data,6543,,
message_data,6544,message_data,6544,,
message_data,6545,message_data,6545,,
message_data,6546,message_data,6546,,
message_data,6547,message_data,6547,,
message_data,6548,message_data,6548,,
message_data,6549,message_data,6549,,
message_data,6550,message_data,6550,,
message_data,6551,message_data,6551,,
message_data,6552,message_data,6552,,
message_data,6553,message_data,6553,,
message_data,6554,message_data,6554,,
message_data,6555,message_data,6555,,
message_data,6556,message_data,6556,,
message_data,6557,message_data,6557,,
message_data,6558,message_data,6558,,
message_data,6559,message_data,6559,,
message_data,6560,message_data,6560,,
message_data,6561,message_data,6561,,
message_data,6562,message_data,6562,,
message_data,6563,message_data,6563,,
message_data,6564,message_data,6564,,
message_data,6565,message_data,6565,,
message_data,6566,message_data,6566,,
message_data,6567,message_data,6567,,
message_data,6568,message_data,6568,,
message_data,6569,message_data,6569,,
message_data,6570,message_data,6570,,
message_data,6571,message_data,6571,,
message_data,6572,message_data,6572,,
message_data,6573,message_data,6573,,
message_data,6574,message_data,6574,,
message_data,6575,message_data,6575,,
message_data,6576,message_data,6576,,
message_data,6577,message_data,6577,,
message_data,6578,message_data,6578,,
message_data,6579,message_data,6579,,
message_data,6580,message_data,6580,,
message_data,6581,message_data,6581,,
message_data,6582,message_data,6582,,
message_data,6583,message_data,6583,,
message_data,6584,message_data,6584,,
message_data,6585,message_data,6585,,
message_data,6586,message_data,6586,,
message_data,6587,message_data,6587,,
message_data,6588,message_data,6588,,
message_data,6589,message_data,6589,,
message_data,6590,message_data,6590,,
message_data,6591,message_data,6591,,
message_data,6592,message_data,6592,,
message_data,6593,message_data,6593,,
message_data,6594,message_data,6594,,
message_data,6595,message_data,6595,,
message_data,6596,message_data,6596,,
message_data,6597,message_data,6597,,
message_data,6598,message_data,6598,,
message_data,6599,message_data,6599,,
message_data,6600,message_data,6600,,
message_data,6601,message_data,6601,,
message_data,6602,message_data,6602,,
message_data,6603,message_data,6603,,
message_data,6604,message_data,6604,,
message_data,6605,message_data,6605,,
message_data,6606,message_data,6606,,
message_data,6607,message_data,6607,,
message_data,6608,message_data,6608,,
message_data,6609,message_data,6609,,
message_data,6610,message_data,6610,,
message_data,6611,message_data,6611,,
message_data,6612,message_data,6612,,
message_data,6613,message_data,6613,,
message_data,6614,message_data,6614,,
message_data,6615,message_data,6615,,
message_data,6616,message_data,6616,,
message_data,6617,message_data,6617,,
message_data,6618,message_data,6618,,
message_data,6619,message_data,6619,,
message_data,6620,message_data,6620,,
message_data,6621,message_data,6621,,
message_data,6622,message_data,6622,,
message_data,6623,message_data,6623,,
message_data,6624,message_data,6624,,
message_data,6625,message_data,6625,,
message_data,6626,message_data,6626,,
message_data,6627,message_data,6627,,
message_data,6628,message_data,6628,,
message_data,6629,message_data,6629,,
message_data,6630,message_data,6630,,
message_data,6631,message_data,6631,,
message_data,6632,message_data,6632,,
message_data,6633,message_data,6633,,
message_data,6634,message_data,6634,,
message_data,6635,message_data,6635,,
message_data,6636,message_data,6636,,
message_data,6637,message_data,6637,,
message_data,6638,message_data,6638,,
message_data,6639,message_data,6639,,
message_data,6640,message_data,6640,,
message_data,6641,message_data,6641,,
message_data,6642,message_data,6642,,
message_data,6643,message_data,6643,,
message_data,6644,message_data,6644,,
message_data,6645,message_data,6645,,
message_data,6646,message_data,6646,,
message_data,6647,message_data,6647,,
message_data,6648,message_data,6648,,
message_data,6649,message_data,6649,,
message_data,6650,message_data,6650,,
message_data,6651,message_data,6651,,
message_data,6652,message_data,6652,,
message_data,6653,message_data,6653,,
message_data,6654,message_data,6654,,
message_data,6655,message_data,6655,,
message_data,6656,message_data,6656,,
message_data,6657,message_data,6657,,
message_data,6658,message_data,6658,,
message_data,6659,message_data,6659,,
message_data,6660,message_data,6660,,
message_data,6661,message_data,6661,,
message_data,6662,message_data,6662,,
message_data,6663,message_data,6663,,
message_data,6664,message_data,6664,,
message_data,6665,message_data,6665,,
message_data,6666,message_data,6666,,
message_data,6667,message_data,6667,,
message_data,6668,message_data,6668,,
message_data,6669,message_data,6669,,
message_data,6670,message_data,6670,,
message_data,6671,message_data,6671,,
message_data,6672,message_data,6672,,
message_data,6673,message_data,6673,,
message_data,6674,message_data,6674,,
message_data,6675,message_data,6675,,
message_data,6676,message_data,6676,,
message_data,6677,message_data,6677,,
message_data,6678,message_data,6678,,
message_data,6679,message_data,6679,,
message_data,6680,message_data,6680,,
message_data,6681,message_data,6681,,
message_data,6682,message_data,6682,,
message_data,6683,message_data,6683,,
message_data,6684,message_data,6684,,
message_data,6685,message_data,6685,,
message_data,6686,message_data,6686,,
message_data,6687,message_data,6687,,
message_data,6688,message_data,6688,,
message_data,6689,message_data,6689,,
message_data,6690,message_data,6690,,
message_data,6691,message_data,6691,,
message_data,6692,message_data,6692,,
message_data,6693,message_data,6693,,
message_data,6694,message_data,6694,,
message_data,6695,message_data,6695,,
message_data,6696,message_data,6696,,
message_data,6697,message_data,6697,,
message_data,6698,message_data,6698,,
message_data,6699,message_data,6699,,
message_data,6700,message_data,6700,,
message_data,6701,message_data,6701,,
message_data,6702,message_data,6702,,
message_data,6703,message_data,6703,,
message_data,6704,message_data,6704,,
message_data,6705,message_data,6705,,
message_data,6706,message_data,6706,,
message_data,6707,message_data,6707,,
message_data,6708,message_data,6708,,
message_data,6709,message_data,6709,,
message_data,6710,message_data,6710,,
message_data,6711,message_data,6711,,
message_data,6712,message_data,6712,,
message_data,6713,message_data,6713,,
message_data,6714,message_data,6714,,
message_data,6715,message_data,6715,,
message_data,6716,message_data,6716,,
message_data,6717,message_data,6717,,
message_data,6718,message_data,6718,,
message_data,6719,message_data,6719,,
message_data,6720,message_data,6720,,
message_data,6721,message_data,6721,,
message_data,6722,message_data,6722,,
message_data,6723,message_data,6723,,
message_data,6724,message_data,6724,,
message_data,6725,message_data,6725,,
message_data,6726,message_data,6726,,
message_data,6727,message_data,6727,,
message_data,6728,message_data,6728,,
message_data,6729,message_data,6729,,
message_data,6730,message_data,6730,,
message_data,6731,message_data,6731,,
message_data,6732,message_data,6732,,
message_data,6733,message_data,6733,,
message_data,6734,message_data,6734,,
message_data,6735,message_data,6735,,
message_data,6736,message_data,6736,,
message_data,6737,message_data,6737,,
message_data,6738,message_data,6738,,
message_data,6739,message_data,6739,,
message_data,6740,message_data,6740,,
message_data,6741,message_data,6741,,
message_data,6742,message_data,6742,,
message_data,6743,message_data,6743,,
message_data,6744,message_data,6744,,
message_data,6745,message_data,6745,,
message_data,6746,message_data,6746,,
message_data,6747,message_data,6747,,
message_data,6748,message_data,6748,,
message_data,6749,message_data,6749,,
message_data,6750,message_data,6750,,
message_data,6751,message_data,6751,,
message_data,6752,message_data,6752,,
message_data,6753,message_data,6753,,
message_data,6754,message_data,6754,,
message_data,6755,message_data,6755,,
message_data,6756,message_data,6756,,
message_data,6757,message_data,6757,,
message_data,6758,message_data,6758,,
message_data,6759,message_data,6759,,
message_data,6760,message_data,6760,,
message_data,6761,message_data,6761,,
message_data,6762,message_data,6762,,
message_data,6763,message_data,6763,,
message_data,6764,message_data,6764,,
message_data,6765,message_data,6765,,
message_data,6766,message_data,6766,,
message_data,6767,message_data,6767,,
message_data,6768,message_data,6768,,
message_data,6769,message_data,6769,,
message_data,6770,message_data,6770,,
message_data,6771,message_data,6771,,
message_data,6772,message_data,6772,,
message_data,6773,message_data,6773,,
message_data,6774,message_data,6774,,
message_data,6775,message_data,6775,,
message_data,6776,message_data,6776,,
message_data,6777,message_data,6777,,
message_data,6778,message_data,6778,,
message_data,6779,message_data,6779,,
message_data,6780,message_data,6780,,
message_data,6781,message_data,6781,,
message_data,6782,message_data,6782,,
message_data,6783,message_data,6783,,
message_data,6784,message_data,6784,,
message_data,6785,message_data,6785,,
message_data,6786,message_data,6786,,
message_data,6787,message_data,6787,,
message_data,6788,message_data,6788,,
message_data,6789,message_data,6789,,
message_data,6790,message_data,6790,,
message_data,6791,message_data,6791,,
message_data,6792,message_data,6792,,
message_data,6793,message_data,6793,,
message_data,6794,message_data,6794,,
message_data,6795,message_data,6795,,
message_data,6796,message_data,6796,,
message_data,6797,message_data,6797,,
message_data,6798,message_data,6798,,
message_data,6799,message_data,6799,,
message_data,6800,message_data,6800,,
message_data,6801,message_data,6801,,
message_data,6802,message_data,6802,,
message_data,6803,message_data,6803,,
message_data,6804,message_data,6804,,
message_data,6805,message_data,6805,,
message_data,6806,message_data,6806,,
message_data,6807,message_data,6807,,
message_data,6808,message_data,6808,,
message_data,6809,message_data,6809,,
message_data,6810,message_data,6810,,
message_data,6811,message_data,6811,,
message_data,6812,message_data,6812,,
message_data,6813,message_data,6813,,
message_data,6814,message_data,6814,,
message_data,6815,message_data,6815,,
message_data,6816,message_data,6816,,
message_data,6817,message_data,6817,,
message_data,6818,message_data,6818,,
message_data,6819,message_data,6819,,
message_data,6820,message_data,6820,,
message_data,6821,message_data,6821,,
message_data,6822,message_data,6822,,
message_data,6823,message_data,6823,,
message_data,6824,message_data,6824,,
message_data,6825,message_data,6825,,
message_data,6826,message_data,6826,,
message_data,6827,message_data,6827,,
message_data,6828,message_data,6828,,
message_data,6829,message_data,6829,,
message_data,6830,message_data,6830,,
message_data,6831,message_data,6831,,
message_data,6832,message_data,6832,,
message_data,6833,message_data,6833,,
message_data,6834,message_data,6834,,
message_data,6835,message_data,6835,,
message_data,6836,message_data,6836,,
message_data,6837,message_data,6837,,
message_data,6838,message_data,6838,,
message_data,6839,message_data,6839,,
message_data,6840,message_data,6840,,
message_data,6841,message_data,6841,,
message_data,6842,message_data,6842,,
message_data,6843,message_data,6843,,
message_data,6844,message_data,6844,,
message_data,6845,message_data,6845,,
message_data,6846,message_data,6846,,
message_data,6847,message_data,6847,,
message_data,6848,message_data,6848,,
message_data,6849,message_data,6849,,
message_data,6850,message_data,6850,,
message_data,6851,message_data,6851,,
message_data,6852,message_data,6852,,
message_data,6853,message_data,6853,,
message_data,6854,message_data,6854,,
message_data,6855,message_data,6855,,
message_data,6856,message_data,6856,,
message_data,6857,message_data,6857,,
message_data,6858,message_data,6858,,
message_data,6859,message_data,6859,,
message_data,6860,message_data,6860,,
message_data,6861,message_data,6861,,
message_data,6862,message_data,6862,,
message_data,6863,message_data,6863,,
message_data,6864,message_data,6864,,
message_data,6865,message_data,6865,,
message_data,6866,message_data,6866,,
message_data,6867,message_data,6867,,
message_data,6868,message_data,6868,,
message_data,6869,message_data,6869,,
message_data,6870,message_data,6870,,
message_data,6871,message_data,6871,,
message_data,6872,message_data,6872,,
message_data,6873,message_data,6873,,
message_data,6874,message_data,6874,,
message_data,6875,message_data,6875,,
message_data,6876,message_data,6876,,
message_data,6877,message_data,6877,,
message_data,6878,message_data,6878,,
message_data,6879,message_data,6879,,
message_data,6880,message_data,6880,,
message_data,6881,message_data,6881,,
message_data,6882,message_data,6882,,
message_data,6883,message_data,6883,,
message_data,6884,message_data,6884,,
message_data,6885,message_data,6885,,
message_data,6886,message_data,6886,,
message_data,6887,message_data,6887,,
message_data,6888,message_data,6888,,
message_data,6889,message_data,6889,,
message_data,6890,message_data,6890,,
message_data,6891,message_data,6891,,
message_data,6892,message_data,6892,,
message_data,6893,message_data,6893,,
message_data,6894,message_data,6894,,
message_data,6895,message_data,6895,,
message_data,6896,message_data,6896,,
message_data,6897,message_data,6897,,
message_data,6898,message_data,6898,,
message_data,6899,message_data,6899,,
message_data,6900,message_data,6900,,
message_data,6901,message_data,6901,,
message_data,6902,message_data,6902,,
message_data,6903,message_data,6903,,
message_data,6904,message_data,6904,,
message_data,6905,message_data,6905,,
message_data,6906,message_data,6906,,
message_data,6907,message_data,6907,,
message_data,6908,message_data,6908,,
message_data,6909,message_data,6909,,
message_data,6910,message_data,6910,,
message_data,6911,message_data,6911,,
message_data,6912,message_data,6912,,
message_data,6913,message_data,6913,,
message_data,6914,message_data,6914,,
message_data,6915,message_data,6915,,
message_data,6916,message_data,6916,,
message_data,6917,message_data,6917,,
message_data,6918,message_data,6918,,
message_data,6919,message_data,6919,,
message_data,6920,message_data,6920,,
message_data,6921,message_data,6921,,
message_data,6922,message_data,6922,,
message_data,6923,message_data,6923,,
message_data,6924,message_data,6924,,
message_data,6925,message_data,6925,,
message_data,6926,message_data,6926,,
message_data,6927,message_data,6927,,
message_data,6928,message_data,6928,,
message_data,6929,message_data,6929,,
message_data,6930,message_data,6930,,
message_data,6931,message_data,6931,,
message_data,6932,message_data,6932,,
message_data,6933,message_data,6933,,
message_data,6934,message_data,6934,,
message_data,6935,message_data,6935,,
message_data,6936,message_data,6936,,
message_data,6937,message_data,6937,,
message_data,6938,message_data,6938,,
message_data,6939,message_data,6939,,
message_data,6940,message_data,6940,,
message_data,6941,message_data,6941,,
message_data,6942,message_data,6942,,
message_data,6943,message_data,6943,,
message_data,6944,message_data,6944,,
message_data,6945,message_data,6945,,
message_data,6946,message_data,6946,,
message_data,6947,message_data,6947,,
message_data,6948,message_data,6948,,
message_data,6949,message_data,6949,,
message_data,6950,message_data,6950,,
message_data,6951,message_data,6951,,
message_data,6952,message_data,6952,,
message_data,6953,message_data,6953,,
message_data,6954,message_data,6954,,
message_data,6955,message_data,6955,,
message_data,6956,message_data,6956,,
message_data,6957,message_data,6957,,
message_data,6958,message_data,6958,,
message_data,6959,message_data,6959,,
message_data,6960,message_data,6960,,
message_data,6961,message_data,6961,,
message_data,6962,message_data,6962,,
message_data,6963,message_data,6963,,
message_data,6964,message_data,6964,,
message_data,6965,message_data,6965,,
message_data,6966,message_data,6966,,
message_data,6967,message_data,6967,,
message_data,6968,message_data,6968,,
message_data,6969,message_data,6969,,
message_data,6970,message_data,6970,,
message_data,6971,message_data,6971,,
message_data,6972,message_data,6972,,
message_data,6973,message_data,6973,,
message_data,6974,message_data,6974,,
message_data,6975,message_data,6975,,
message_data,6976,message_data,6976,,
message_data,6977,message_data,6977,,
message_data,6978,message_data,6978,,
message_data,6979,message_data,6979,,
message_data,6980,message_data,6980,,
message_data,6981,message_data,6981,,
message_data,6982,message_data,6982,,
message_data,6983,message_data,6983,,
message_data,6984,message_data,6984,,
message_data,6985,message_data,6985,,
message_data,6986,message_data,6986,,
message_data,6987,message_data,6987,,
message_data,6988,message_data,6988,,
message_data,6989,message_data,6989,,
message_data,6990,message_data,6990,,
message_data,6991,message_data,6991,,
message_data,6992,message_data,6992,,
message_data,6993,message_data,6993,,
message_data,6994,message_data,6994,,
message_data,6995,message_data,6995,,
message_data,6996,message_data,6996,,
message_data,6997,message_data,6997,,
message_data,6998,message_data,6998,,
message_data,6999,message_data,6999,,
message_data,7000,message_data,7000,,
message_data,7001,message_data,7001,,
message_data,7002,message_data,7002,,
message_data,7003,message_data,7003,,
message_data,7004,message_data,7004,,
message_data,7005,message_data,7005,,
message_data,7006,message_data,7006,,
message_data,7007,message_data,7007,,
message_data,7008,message_data,7008,,
message_data,7009,message_data,7009,,
message_data,7010,message_data,7010,,
message_data,7011,message_data,7011,,
message_data,7012,message_data,7012,,
message_data,7013,message_data,7013,,
message_data,7014,message_data,7014,,
message_data,7015,message_data,7015,,
message_data,7016,message_data,7016,,
message_data,7017,message_data,7017,,
message_data,7018,message_data,7018,,
message_data,7019,message_data,7019,,
message_data,7020,message_data,7020,,
message_data,7021,message_data,7021,,
message_data,7022,message_data,7022,,
message_data,7023,message_data,7023,,
message_data,7024,message_data,7024,,
message_data,7025,message_data,7025,,
message_data,7026,message_data,7026,,
message_data,7027,message_data,7027,,
message_data,7028,message_data,7028,,
message_data,7029,message_data,7029,,
message_data,7030,message_data,7030,,
message_data,7031,message_data,7031,,
message_data,7032,message_data,7032,,
message_data,7033,message_data,7033,,
message_data,7034,message_data,7034,,
message_data,7035,message_data,7035,,
message_data,7036,message_data,7036,,
message_data,7037,message_data,7037,,
message_data,7038,message_data,7038,,
message_data,7039,message_data,7039,,
message_data,7040,message_data,7040,,
message_data,7041,message_data,7041,,
message_data,7042,message_data,7042,,
message_data,7043,message_data,7043,,
message_data,7044,message_data,7044,,
message_data,7045,message_data,7045,,
message_data,7046,message_data,7046,,
message_data,7047,message_data,7047,,
message_data,7048,message_data,7048,,
message_data,7049,message_data,7049,,
message_data,7050,message_data,7050,,
message_data,7051,message_data,7051,,
message_data,7052,message_data,7052,,
message_data,7053,message_data,7053,,
message_data,7054,message_data,7054,,
message_data,7055,message_data,7055,,
message_data,7056,message_data,7056,,
message_data,7057,message_data,7057,,
message_data,7058,message_data,7058,,
message_data,7059,message_data,7059,,
message_data,7060,message_data,7060,,
message_data,7061,message_data,7061,,
message_data,7062,message_data,7062,,
message_data,7063,message_data,7063,,
message_data,7064,message_data,7064,,
message_data,7065,message_data,7065,,
message_data,7066,message_data,7066,,
message_data,7067,message_data,7067,,
message_data,7068,message_data,7068,,
message_data,7069,message_data,7069,,
message_data,7070,message_data,7070,,
message_data,7071,message_data,7071,,
message_data,7072,message_data,7072,,
message_data,7073,message_data,7073,,
message_data,7074,message_data,7074,,
message_data,7075,message_data,7075,,
message_data,7076,message_data,7076,,
message_data,7077,message_data,7077,,
message_data,7078,message_data,7078,,
message_data,7079,message_data,7079,,
message_data,7080,message_data,7080,,
message_data,7081,message_data,7081,,
message_data,7082,message_data,7082,,
message_data,7083,message_data,7083,,
message_data,7084,message_data,7084,,
message_data,7085,message_data,7085,,
message_data,7086,message_data,7086,,
message_data,7087,message_data,7087,,
message_data,7088,message_data,7088,,
message_data,7089,message_data,7089,,
message_data,7090,message_data,7090,,
message_data,7091,message_data,7091,,
message_data,7092,message_data,7092,,
message_data,7093,message_data,7093,,
message_data,7094,message_data,7094,,
message_data,7095,message_data,7095,,
message_data,7096,message_data,7096,,
message_data,7097,message_data,7097,,
message_data,7098,message_data,7098,,
message_data,7099,message_data,7099,,
message_data,7100,message_data,7100,,
message_data,7101,message_data,7101,,
message_data,7102,message_data,7102,,
message_data,7103,message_data,7103,,
message_data,7104,message_data,7104,,
message_data,7105,message_data,7105,,
message_data,7106,message_data,7106,,
message_data,7107,message_data,7107,,
message_data,7108,message_data,7108,,
message_data,7109,message_data,7109,,
message_data,7110,message_data,7110,,
message_data,7111,message_data,7111,,
message_data,7112,message_data,7112,,
message_data,7113,message_data,7113,,
message_data,7114,message_data,7114,,
message_data,7115,message_data,7115,,
message_data,7116,message_data,7116,,
message_data,7117,message_data,7117,,
message_data,7118,message_data,7118,,
message_data,7119,message_data,7119,,
message_data,7120,message_data,7120,,
message_data,7121,message_data,7121,,
message_data,7122,message_data,7122,,
message_data,7123,message_data,7123,,
message_data,7124,message_data,7124,,
message_data,7125,,,,
message_data,7126,,,,
message_data,7127,message_data,7127,,
message_data,7128,message_data,7128,,
message_data,7129,,,,
message_data,7130,,,,
message_data,7131,,,,
message_data,7132,,,,
message_data,7133,,,,
message_data,7134,,,,
message_data,7135,,,,
message_data,7136,,,,
message_data,7137,,,,
message_data,7138,,,,
message_data,7139,,,,
message_data,7140,,,,
message_data,7141,,,,
message_data,7142,,,,
message_data,7143,message_data,7143,,
message_data,7144,message_data,7144,,
message_data,7145,message_data,7142,,
message_data,7146,message_data,7142,,
message_data,7147,message_data,7147,,
message_data,7148,message_data,7148,,
message_data,7149,message_data,7149,,
message_data,7150,message_data,7150,,
message_data,7151,message_data,7151,,
message_data,7152,message_data,7152,,
message_data,7153,message_data,7153,,
message_data,7154,message_data,7154,,
message_data,7155,message_data,7155,,
message_data,7156,message_data,7156,,
message_data,7157,message_data,7157,,
message_data,7158,message_data,7158,,
message_data,7159,message_data,7159,,
message_data,7160,message_data,7160,,
message_data,7161,message_data,7161,,
message_data,7162,message_data,7162,,
message_data,7163,message_data,7163,,
message_data,7164,message_data,7164,,
message_data,7165,message_data,7165,,
message_data,7166,message_data,7166,,
message_data,7167,message_data,7167,,
message_data,7168,message_data,7168,,
message_data,7169,message_data,7169,,
message_data,7170,message_data,7170,,
message_data,7171,message_data,7171,,
message_data,7172,message_data,7172,,
message_data,7173,message_data,7173,,
message_data,7174,message_data,7174,,
message_data,7175,message_data,7175,,
message_data,7176,message_data,7176,,
message_data,7177,message_data,7177,,
message_data,7178,message_data,7178,,
message_data,7179,message_data,7179,,
message_data,7180,message_data,7180,,
message_data,7181,message_data,7181,,
message_data,7182,message_data,7182,,
message_data,7183,message_data,7183,,
message_data,7184,message_data,7184,,
message_data,7185,message_data,7185,,
message_data,7186,message_data,7186,,
message_data,7187,message_data,7187,,
message_data,7188,message_data,7188,,
message_data,7189,message_data,7189,,
message_data,7190,message_data,7190,,
message_data,7191,message_data,7191,,
message_data,7192,message_data,7192,,
message_data,7193,message_data,7193,,
message_data,7194,message_data,7194,,
message_data,7195,message_data,7195,,
message_data,7196,message_data,7196,,
message_data,7197,message_data,7197,,
message_data,7198,message_data,7198,,
message_data,7199,message_data,7199,,
message_data,7200,message_data,7200,,
message_data,7201,message_data,7201,,
message_data,7202,message_data,7202,,
message_data,7203,message_data,7203,,
message_data,7204,message_data,7204,,
message_data,7205,message_data,7205,,
message_data,7206,message_data,7206,,
message_data,7207,message_data,7207,,
message_data,7208,message_data,7208,,
message_data,7209,message_data,7209,,
message_data,7210,message_data,7210,,
message_data,7211,message_data,7211,,
message_data,7212,message_data,7212,,
message_data,7213,message_data,7213,,
message_data,7214,message_data,7214,,
message_data,7215,message_data,7215,,
message_data,7216,message_data,7216,,
message_data,7217,message_data,7217,,
message_data,7218,message_data,7218,,
message_data,7219,message_data,7219,,
message_data,7220,message_data,7220,,
message_data,7221,message_data,7221,,
message_data,7222,message_data,7222,,
message_data,7223,message_data,7223,,
message_data,7224,message_data,7224,,
message_data,7225,message_data,7225,,
message_data,7226,message_data,7226,,
message_data,7227,message_data,7227,,
message_data,7228,message_data,7228,,
message_data,7229,message_data,7229,,
message_data,7230,message_data,7230,,
message_data,7231,message_data,7231,,
message_data,7232,message_data,7232,,
message_data,7233,message_data,7233,,
message_data,7234,message_data,7234,,
message_data,7235,message_data,7235,,
message_data,7236,message_data,7236,,
message_data,7237,message_data,7237,,
message_data,7238,message_data,7238,,
message_data,7239,message_data,7239,,
message_data,7240,message_data,7240,,
message_data,7241,message_data,7241,,
message_data,7242,message_data,7242,,
message_data,7243,message_data,7243,,
message_data,7244,message_data,7244,,
message_data,7245,message_data,7245,,
message_data,7246,message_data,7246,,
message_data,7247,message_data,7247,,
message_data,7248,message_data,7248,,
message_data,7249,message_data,7249,,
message_data,7250,message_data,7250,,
message_data,7251,message_data,7251,,
message_data,7252,message_data,7252,,
message_data,7253,message_data,7253,,
message_data,7254,message_data,7254,,
message_data,7255,message_data,7255,,
message_data,7256,message_data,7256,,
message_data,7257,message_data,7257,,
message_data,7258,message_data,7258,,
message_data,7259,message_data,7259,,
message_data,7260,message_data,7260,,
message_data,7261,message_data,7261,,
message_data,7262,message_data,7262,,
message_data,7263,message_data,7263,,
message_data,7264,message_data,7264,,
message_data,7265,message_data,7265,,
message_data,7266,message_data,7266,,
message_data,7267,message_data,7267,,
message_data,7268,message_data,7268,,
message_data,7269,message_data,7269,,
message_data,7270,message_data,7270,,
message_data,7271,message_data,7271,,
message_data,7272,message_data,7272,,
message_data,7273,message_data,7273,,
message_data,7274,message_data,7274,,
message_data,7275,message_data,7275,,
message_data,7276,message_data,7276,,
message_data,7277,message_data,7277,,
message_data,7278,message_data,7278,,
message_data,7279,message_data,7279,,
message_data,7280,message_data,7280,,
message_data,7281,message_data,7281,,
message_data,7282,message_data,7283,,
message_data,7283,message_data,7283,,
message_data,7284,message_data,7284,,
message_data,7285,message_data,7285,,
message_data,7286,message_data,7286,,
message_data,7287,message_data,7287,,
message_data,7288,message_data,7288,,
message_data,7289,message_data,7289,,
message_data,7290,message_data,7290,,
message_data,7291,message_data,7291,,
message_data,7292,message_data,7292,,
message_data,7293,message_data,7293,,
message_data,7294,message_data,7294,,
message_data,7295,message_data,7295,,
message_data,7296,message_data,7296,,
message_data,7297,message_data,7297,,
message_data,7298,message_data,7298,,
message_data,7299,message_data,7299,,
message_data,7300,message_data,7300,,
message_data,7301,message_data,7301,,
message_data,7302,message_data,7302,,
message_data,7303,message_data,7303,,
message_data,7304,message_data,7304,,
message_data,7305,message_data,7305,,
message_data,7306,message_data,7306,,
message_data,7307,message_data,7307,,
message_data,7308,message_data,7308,,
message_data,7309,message_data,7309,,
message_data,7310,message_data,7310,,
message_data,7311,message_data,7311,,
message_data,7312,message_data,7312,,
message_data,7313,message_data,7313,,
message_data,7314,message_data,7314,,
message_data,7315,message_data,7315,,
message_data,7316,message_data,7316,,
message_data,7317,message_data,7317,,
message_data,7318,message_data,7318,,
message_data,7319,message_data,7319,,
message_data,7320,message_data,7320,,
message_data,7321,message_data,7321,,
message_data,7322,message_data,7322,,
message_data,7323,message_data,7323,,
message_data,7324,message_data,7324,,
message_data,7325,message_data,7325,,
message_data,7326,message_data,7326,,
message_data,7327,message_data,7327,,
message_data,7328,message_data,7328,,
message_data,7329,message_data,7329,,
message_data,7330,message_data,7330,,
message_data,7331,message_data,7331,,
message_data,7332,message_data,7332,,
message_data,7333,message_data,7333,,
message_data,7334,message_data,7334,,
message_data,7335,message_data,7335,,
message_data,7336,message_data,7336,,
message_data,7337,message_data,7337,,
message_data,7338,message_data,7338,,
message_data,7339,message_data,7339,,
message_data,7340,message_data,7340,,
message_data,7341,message_data,7341,,
message_data,7342,message_data,7342,,
message_data,7343,message_data,7343,,
message_data,7344,message_data,7344,,
message_data,7345,message_data,7345,,
message_data,7346,message_data,7346,,
message_data,7347,message_data,7347,,
message_data,7348,message_data,7348,,
message_data,7349,message_data,7349,,
message_data,7350,message_data,7350,,
message_data,7351,message_data,7351,,
message_data,7352,message_data,7352,,
message_data,7353,message_data,7353,,
message_data,7354,message_data,7354,,
message_data,7355,message_data,7355,,
message_data,7356,message_data,7356,,
message_data,7357,message_data,7357,,
message_data,7358,message_data,7358,,
message_data,7359,message_data,7359,,
message_data,7360,message_data,7360,,
message_data,7361,message_data,7361,,
message_data,7362,message_data,7362,,
message_data,7363,message_data,7363,,
message_data,7364,message_data,7364,,
message_data,7365,message_data,7365,,
message_data,7366,message_data,7366,,
message_data,7367,message_data,7367,,
message_data,7368,message_data,7368,,
message_data,7369,message_data,7369,,
message_data,7370,message_data,7370,,
message_data,7371,message_data,7371,,
message_data,7372,message_data,7372,,
message_data,7373,message_data,7373,,
message_data,7374,message_data,7374,,
message_data,7375,message_data,7375,,
message_data,7376,message_data,7376,,
message_data,7377,message_data,7377,,
message_data,7378,message_data,7378,,
message_data,7379,message_data,7379,,
message_data,7380,message_data,7380,,
message_data,7381,message_data,7381,,
message_data,7382,message_data,7382,,
message_data,7383,message_data,7383,,
message_data,7384,message_data,7384,,
message_data,7385,message_data,7385,,
message_data,7386,message_data,7387,,
message_data,7387,message_data,7387,,
message_data,7388,message_data,7388,,
message_data,7389,message_data,7389,,
message_data,7390,message_data,7390,,
message_data,7391,message_data,7391,,
message_data,7392,message_data,7392,,
message_data,7393,message_data,7393,,
message_data,7394,message_data,7394,,
message_data,7395,message_data,7395,,
message_data,7396,message_data,7398,,
message_data,7397,message_data,7398,,
message_data,7398,message_data,7398,,
message_data,7399,message_data,7399,,
message_data,7400,message_data,7400,,
message_data,7401,message_data,7401,,
message_data,7402,message_data,7402,,
message_data,7403,message_data,7403,,
message_data,7404,message_data,7404,,
message_data,7405,message_data,7405,,
message_data,7406,message_data,7406,,
message_data,7407,message_data,7407,,
message_data,7408,message_data,7408,,
message_data,7409,message_data,7409,,
message_data,7410,message_data,7410,,
message_data,7411,message_data,7411,,
message_data,7412,message_data,7412,,
message_data,7413,message_data,7413,,
message_data,7414,message_data,7414,,
message_data,7415,message_data,7415,,
message_data,7416,message_data,7416,,
message_data,7417,message_data,7417,,
message_data,7418,message_data,7418,,
message_data,7419,message_data,7419,,
message_data,7420,message_data,7420,,
message_data,7421,message_data,7421,,
message_data,7422,message_data,7422,,
message_data,7423,message_data,7423,,
message_data,7424,message_data,7424,,
message_data,7425,message_data,7425,,
message_data,7426,message_data,7426,,
message_data,7427,message_data,7427,,
message_data,7428,message_data,7428,,
message_data,7429,message_data,7429,,
message_data,7430,message_data,7430,,
message_data,7431,message_data,7431,,
message_data,7432,message_data,7432,,
message_data,7433,message_data,7433,,
message_data,7434,message_data,7434,,
message_data,7435,message_data,7435,,
message_data,7436,message_data,7436,,
message_data,7437,message_data,7437,,
message_data,7438,message_data,7438,,
message_data,7439,message_data,7439,,
message_data,7440,message_data,7440,,
message_data,7441,message_data,7441,,
message_data,7442,message_data,7442,,
message_data,7443,message_data,7443,,
message_data,7444,message_data,7444,,
message_data,7445,message_data,7445,,
message_data,7446,message_data,7446,,
message_data,7447,message_data,7447,,
message_data,7448,message_data,7448,,
message_data,7449,message_data,7449,,
message_data,7450,message_data,7450,,
message_data,7451,message_data,7451,,
message_data,7452,message_data,7452,,
message_data,7453,message_data,7453,,
message_data,7454,message_data,7454,,
message_data,7455,message_data,7455,,
message_data,7456,message_data,7456,,
message_data,7457,message_data,7457,,
message_data,7458,message_data,7458,,
message_data,7459,message_data,7459,,
message_data,7460,message_data,7460,,
message_data,7461,message_data,7461,,
message_data,7462,message_data,7462,,
message_data,7463,message_data,7463,,
message_data,7464,message_data,7464,,
message_data,7465,message_data,7465,,
message_data,7466,message_data,7466,,
message_data,7467,message_data,7467,,
message_data,7468,message_data,7468,,
message_data,7469,message_data,7469,,
message_data,7470,message_data,7470,,
message_data,7471,message_data,7471,,
message_data,7472,message_data,7472,,
message_data,7473,message_data,7473,,
message_data,7474,message_data,7474,,
message_data,7475,message_data,7475,,
message_data,7476,message_data,7476,,
message_data,7477,message_data,7477,,
message_data,7478,message_data,7478,,
message_data,7479,message_data,7479,,
message_data,7480,message_data,7480,,
message_data,7481,message_data,7481,,
message_data,7482,message_data,7482,,
message_data,7483,message_data,7483,,
message_data,7484,message_data,7484,,
message_data,7485,message_data,7485,,
message_data,7486,message_data,7486,,
message_data,7487,message_data,7487,,
message_data,7488,message_data,7488,,
message_data,7489,message_data,7489,,
message_data,7490,message_data,7490,,
message_data,7491,message_data,7491,,
message_data,7492,message_data,7492,,
message_data,7493,message_data,7493,,
message_data,7494,message_data,7494,,
message_data,7495,message_data,7495,,
message_data,7496,message_data,7496,,
message_data,7497,message_data,7497,,
message_data,7498,message_data,7498,,
message_data,7499,message_data,7499,,
message_data,7500,message_data,7500,,
message_data,7501,message_data,7501,,
message_data,7502,message_data,7502,,
message_data,7503,message_data,7503,,
message_data,7504,message_data,7504,,
message_data,7505,message_data,7505,,
message_data,7506,message_data,7506,,
message_data,7507,message_data,7507,,
message_data,7508,message_data,7508,,
message_data,7509,message_data,7509,,
message_data,7510,message_data,7510,,
message_data,7511,message_data,7511,,
message_data,7512,message_data,7512,,
message_data,7513,message_data,7513,,
message_data,7514,message_data,7514,,
message_data,7515,message_data,7515,,
message_data,7516,message_data,7516,,
message_data,7517,message_data,7517,,
message_data,7518,message_data,7518,,
message_data,7519,message_data,7519,,
message_data,7520,message_data,7520,,
message_data,7521,message_data,7521,,
message_data,7522,message_data,7522,,
message_data,7523,message_data,7523,,
message_data,7524,message_data,7524,,
message_data,7525,message_data,7525,,
message_data,7526,message_data,7526,,
message_data,7527,message_data,7527,,
message_data,7528,message_data,7528,,
message_data,7529,message_data,7529,,
message_data,7530,message_data,7530,,
message_data,7531,message_data,7531,,
message_data,7532,message_data,7532,,
message_data,7533,message_data,7533,,
message_data,7534,message_data,7534,,
message_data,7535,message_data,7535,,
message_data,7536,message_data,7536,,
message_data,7537,message_data,7537,,
message_data,7538,message_data,7538,,
message_data,7539,message_data,7539,,
message_data,7540,message_data,7540,,
message_data,7541,message_data,7541,,
message_data,7542,message_data,7542,,
message_data,7543,message_data,7543,,
message_data,7544,message_data,7544,,
message_data,7545,message_data,7545,,
message_data,7546,message_data,7546,,
message_data,7547,message_data,7547,,
message_data,7548,message_data,7548,,
message_data,7549,message_data,7549,,
message_data,7550,message_data,7550,,
message_data,7551,message_data,7551,,
message_data,7552,message_data,7552,,
message_data,7553,message_data,7553,,
message_data,7554,message_data,7554,,
message_data,7555,message_data,7555,,
message_data,7556,message_data,7556,,
message_data,7557,message_data,7557,,
message_data,7558,message_data,7558,,
message_data,7559,message_data,7559,,
message_data,7560,message_data,7560,,
message_data,7561,message_data,7561,,
message_data,7562,message_data,7562,,
message_data,7563,message_data,7563,,
message_data,7564,message_data,7564,,
message_data,7565,message_data,7565,,
message_data,7566,message_data,7566,,
message_data,7567,message_data,7567,,
message_data,7568,message_data,7568,,
message_data,7569,message_data,7569,,
message_data,7570,message_data,7570,,
message_data,7571,message_data,7571,,
message_data,7572,message_data,7572,,
message_data,7573,message_data,7573,,
message_data,7574,message_data,7574,,
message_data,7575,message_data,7575,,
message_data,7576,message_data,7576,,
message_data,7577,message_data,7577,,
message_data,7578,message_data,7578,,
message_data,7579,message_data,7579,,
message_data,7580,message_data,7580,,
message_data,7581,message_data,7581,,
message_data,7582,message_data,7582,,
message_data,7583,message_data,7583,,
message_data,7584,message_data,7584,,
message_data,7585,message_data,7585,,
message_data,7586,message_data,7586,,
message_data,7587,message_data,7587,,
message_data,7588,message_data,7588,,
message_data,7589,message_data,7589,,
message_data,7590,message_data,7590,,
message_data,7591,message_data,7591,,
message_data,7592,message_data,7592,,
message_data,7593,message_data,7593,,
message_data,7594,message_data,7594,,
message_data,7595,message_data,7595,,
message_data,7596,message_data,7596,,
message_data,7597,message_data,7597,,
message_data,7598,message_data,7598,,
message_data,7599,message_data,7599,,
message_data,7600,message_data,7600,,
message_data,7601,message_data,7601,,
message_data,7602,message_data,7602,,
message_data,7603,message_data,7603,,
message_data,7604,message_data,7604,,
message_data,7605,message_data,7605,,
message_data,7606,message_data,7606,,
message_data,7607,message_data,7607,,
message_data,7608,message_data,7608,,
message_data,7609,message_data,7609,,
message_data,7610,message_data,7610,,
message_data,7611,message_data,7611,,
message_data,7612,message_data,7612,,
message_data,7613,message_data,7613,,
message_data,7614,message_data,7614,,
message_data,7615,message_data,7615,,
message_data,7616,message_data,7616,,
message_data,7617,message_data,7617,,
message_data,7618,message_data,7618,,
message_data,7619,message_data,7619,,
message_data,7620,message_data,7620,,
message_data,7621,message_data,7621,,
message_data,7622,message_data,7622,,
message_data,7623,message_data,7623,,
message_data,7624,message_data,7624,,
message_data,7625,message_data,7625,,
message_data,7626,message_data,7626,,
message_data,7627,message_data,7627,,
message_data,7628,message_data,7628,,
message_data,7629,message_data,7629,,
message_data,7630,message_data,7630,,
message_data,7631,message_data,7631,,
message_data,7632,message_data,7632,,
message_data,7633,message_data,7633,,
message_data,7634,message_data,7634,,
message_data,7635,message_data,7635,,
message_data,7636,message_data,7636,,
message_data,7637,message_data,7637,,
message_data,7638,message_data,7638,,
message_data,7639,message_data,7639,,
message_data,7640,message_data,7640,,
message_data,7641,message_data,7641,,
message_data,7642,message_data,7642,,
message_data,7643,message_data,7643,,
message_data,7644,message_data,7644,,
message_data,7645,message_data,7645,,
message_data,7646,message_data,7646,,
message_data,7647,message_data,7647,,
message_data,7648,message_data,7648,,
message_data,7649,message_data,7649,,
message_data,7650,message_data,7650,,
message_data,7651,message_data,7651,,
message_data,7652,message_data,7652,,
message_data,7653,message_data,7653,,
message_data,7654,message_data,7654,,
message_data,7655,message_data,7655,,
message_data,7656,message_data,7656,,
message_data,7657,message_data,7657,,
message_data,7658,message_data,7658,,
message_data,7659,message_data,7659,,
message_data,7660,message_data,7660,,
message_data,7661,message_data,7661,,
message_data,7662,message_data,7662,,
message_data,7663,message_data,7663,,
message_data,7664,message_data,7664,,
message_data,7665,message_data,7665,,
message_data,7666,message_data,7666,,
message_data,7667,message_data,7667,,
message_data,7668,message_data,7668,,
message_data,7669,message_data,7669,,
message_data,7670,message_data,7670,,
message_data,7671,message_data,7671,,
message_data,7672,message_data,7672,,
message_data,7673,message_data,7673,,
message_data,7674,message_data,7674,,
message_data,7675,message_data,7675,,
message_data,7676,message_data,7676,,
message_data,7677,message_data,7677,,
message_data,7678,message_data,7678,,
message_data,7679,message_data,7679,,
message_data,7680,message_data,7680,,
message_data,7681,message_data,7681,,
message_data,7682,message_data,7682,,
message_data,7683,message_data,7683,,
message_data,7684,message_data,7684,,
message_data,7685,message_data,7685,,
message_data,7686,message_data,7686,,
message_data,7687,message_data,7687,,
message_data,7688,message_data,7688,,
message_data,7689,message_data,7689,,
message_data,7690,message_data,7690,,
message_data,7691,message_data,7691,,
message_data,7692,message_data,7692,,
message_data,7693,message_data,7693,,
message_data,7694,message_data,7694,,
message_data,7695,message_data,7695,,
message_data,7696,message_data,7696,,
message_data,7697,message_data,7697,,
message_data,7698,message_data,7698,,
message_data,7699,message_data,7699,,
message_data,7700,message_data,7700,,
message_data,7701,message_data,7701,,
message_data,7702,message_data,7702,,
message_data,7703,message_data,7703,,
message_data,7704,message_data,7704,,
message_data,7705,message_data,7705,,
message_data,7706,message_data,7706,,
message_data,7707,message_data,7707,,
message_data,7708,message_data,7708,,
message_data,7709,message_data,7709,,
message_data,7710,message_data,7710,,
message_data,7711,message_data,7711,,
message_data,7712,message_data,7712,,
message_data,7713,message_data,7713,,
message_data,7714,message_data,7714,,
message_data,7715,message_data,7715,,
message_data,7716,message_data,7716,,
message_data,7717,message_data,7717,,
message_data,7718,message_data,7718,,
message_data,7719,message_data,7719,,
message_data,7720,message_data,7720,,
message_data,7721,message_data,7721,,
message_data,7722,message_data,7722,,
message_data,7723,message_data,7723,,
message_data,7724,message_data,7724,,
message_data,7725,message_data,7725,,
message_data,7726,message_data,7726,,
message_data,7727,message_data,7727,,
message_data,7728,message_data,7728,,
message_data,7729,message_data,7729,,
message_data,7730,message_data,7730,,
message_data,7731,message_data,7731,,
message_data,7732,message_data,7732,,
message_data,7733,message_data,7733,,
message_data,7734,message_data,7734,,
message_data,7735,message_data,7735,,
message_data,7736,message_data,7736,,
message_data,7737,message_data,7737,,
message_data,7738,message_data,7738,,
message_data,7739,message_data,7739,,
message_data,7740,message_data,7740,,
message_data,7741,message_data,7741,,
message_data,7742,message_data,7742,,
message_data,7743,message_data,7743,,
message_data,7744,message_data,7744,,
message_data,7745,message_data,7745,,
message_data,7746,message_data,7746,,
message_data,7747,message_data,7747,,
message_data,7748,message_data,7748,,
message_data,7749,message_data,7749,,
message_data,7750,message_data,7750,,
message_data,7751,message_data,7751,,
message_data,7752,message_data,7752,,
message_data,7753,message_data,7753,,
message_data,7754,message_data,7754,,
message_data,7755,message_data,7755,,
message_data,7756,message_data,7756,,
message_data,7757,message_data,7757,,
message_data,7758,message_data,7758,,
message_data,7759,message_data,7759,,
message_data,7760,message_data,7760,,
message_data,7761,message_data,7761,,
message_data,7762,message_data,7762,,
message_data,7763,message_data,7763,,
message_data,7764,message_data,7764,,
message_data,7765,message_data,7765,,
message_data,7766,message_data,7766,,
message_data,7767,message_data,7767,,
message_data,7768,message_data,7768,,
message_data,7769,message_data,7769,,
message_data,7770,message_data,7770,,
message_data,7771,message_data,7771,,
message_data,7772,message_data,7772,,
message_data,7773,message_data,7773,,
message_data,7774,message_data,7774,,
message_data,7775,message_data,7775,,
message_data,7776,message_data,7776,,
message_data,7777,message_data,7777,,
message_data,7778,message_data,7778,,
message_data,7779,message_data,7779,,
message_data,7780,message_data,7780,,
message_data,7781,message_data,7781,,
message_data,7782,message_data,7782,,
message_data,7783,message_data,7783,,
message_data,7784,message_data,7784,,
message_data,7785,message_data,7785,,
message_data,7786,message_data,7786,,
message_data,7787,message_data,7787,,
message_data,7788,message_data,7788,,
message_data,7789,message_data,7789,,
message_data,7790,message_data,7790,,
message_data,7791,message_data,7791,,
message_data,7792,message_data,7792,,
message_data,7793,message_data,7793,,
message_data,7794,message_data,7794,,
message_data,7795,message_data,7795,,
message_data,7796,message_data,7796,,
message_data,7797,message_data,7797,,
message_data,7798,message_data,7798,,
message_data,7799,message_data,7799,,
message_data,7800,message_data,7800,,
message_data,7801,message_data,7801,,
message_data,7802,message_data,7802,,
message_data,7803,message_data,7803,,
message_data,7804,message_data,7804,,
message_data,7805,message_data,7805,,
message_data,7806,message_data,7806,,
message_data,7807,message_data,7807,,
message_data,7808,message_data,7808,,
message_data,7809,message_data,7809,,
message_data,7810,message_data,7810,,
message_data,7811,message_data,7811,,
message_data,7812,message_data,7812,,
message_data,7813,message_data,7813,,
message_data,7814,message_data,7814,,
message_data,7815,message_data,7815,,
message_data,7816,message_data,7816,,
message_data,7817,message_data,7817,,
message_data,7818,message_data,7818,,
message_data,7819,message_data,7819,,
message_data,7820,message_data,7820,,
message_data,7821,message_data,7821,,
message_data,7822,message_data,7822,,
message_data,7823,message_data,7823,,
message_data,7824,message_data,7824,,
message_data,7825,message_data,7825,,
message_data,7826,message_data,7826,,
message_data,7827,message_data,7827,,
message_data,7828,message_data,7828,,
message_data,7829,message_data,7829,,
message_data,7830,message_data,7830,,
message_data,7831,message_data,7831,,
message_data,7832,message_data,7832,,
message_data,7833,message_data,7833,,
message_data,7834,message_data,7834,,
message_data,7835,message_data,7835,,
message_data,7836,message_data,7836,,
message_data,7837,message_data,7837,,
message_data,7838,message_data,7838,,
message_data,7839,message_data,7839,,
message_data,7840,message_data,7840,,
message_data,7841,message_data,7841,,
message_data,7842,message_data,7842,,
message_data,7843,message_data,7843,,
message_data,7844,message_data,7844,,
message_data,7845,message_data,7845,,
message_data,7846,message_data,7846,,
message_data,7847,message_data,7847,,
message_data,7848,message_data,7848,,
message_data,7849,message_data,7849,,
message_data,7850,message_data,7850,,
message_data,7851,message_data,7851,,
message_data,7852,message_data,7852,,
message_data,7853,message_data,7853,,
message_data,7854,message_data,7854,,
message_data,7855,message_data,7855,,
message_data,7856,message_data,7856,,
message_data,7857,message_data,7857,,
message_data,7858,message_data,7858,,
message_data,7859,message_data,7859,,
message_data,7860,message_data,7860,,
message_data,7861,message_data,7861,,
message_data,7862,message_data,7862,,
message_data,7863,message_data,7863,,
message_data,7864,message_data,7864,,
message_data,7865,message_data,7865,,
message_data,7866,message_data,7866,,
message_data,7867,message_data,7867,,
message_data,7868,message_data,7868,,
message_data,7869,message_data,7869,,
message_data,7870,message_data,7870,,
message_data,7871,message_data,7871,,
message_data,7872,message_data,7872,,
message_data,7873,message_data,7873,,
message_data,7874,message_data,7874,,
message_data,7875,message_data,7875,,
message_data,7876,message_data,7876,,
message_data,7877,message_data,7877,,
message_data,7878,message_data,7878,,
message_data,7879,message_data,7879,,
message_data,7880,message_data,7880,,
message_data,7881,message_data,7881,,
message_data,7882,message_data,7882,,
message_data,7883,message_data,7883,,
message_data,7884,message_data,7884,,
message_data,7885,message_data,7885,,
message_data,7886,message_data,7886,,
message_data,7887,message_data,7887,,
message_data,7888,message_data,7888,,
message_data,7889,message_data,7889,,
message_data,7890,message_data,7890,,
message_data,7891,message_data,7891,,
message_data,7892,message_data,7892,,
message_data,7893,message_data,7893,,
message_data,7894,message_data,7894,,
message_data,7895,message_data,7895,,
message_data,7896,message_data,7896,,
message_data,7897,message_data,7897,,
message_data,7898,message_data,7898,,
message_data,7899,message_data,7899,,
message_data,7900,message_data,7900,,
message_data,7901,message_data,7901,,
message_data,7902,message_data,7902,,
message_data,7903,message_data,7903,,
message_data,7904,message_data,7904,,
message_data,7905,message_data,7905,,
message_data,7906,message_data,7906,,
message_data,7907,message_data,7907,,
message_data,7908,message_data,7908,,
message_data,7909,message_data,7909,,
message_data,7910,message_data,7910,,
message_data,7911,message_data,7911,,
message_data,7912,message_data,7912,,
message_data,7913,message_data,7913,,
message_data,7914,message_data,7914,,
message_data,7915,message_data,7915,,
message_data,7916,message_data,7916,,
message_data,7917,message_data,7917,,
message_data,7918,message_data,7918,,
message_data,7919,message_data,7919,,
message_data,7920,message_data,7920,,
message_data,7921,message_data,7921,,
message_data,7922,message_data,7922,,
message_data,7923,message_data,7923,,
message_data,7924,message_data,7924,,
message_data,7925,message_data,7925,,
message_data,7926,message_data,7926,,
message_data,7927,message_data,7927,,
message_data,7928,message_data,7928,,
message_data,7929,message_data,7929,,
message_data,7930,message_data,7930,,
message_data,7931,message_data,7931,,
message_data,7932,message_data,7932,,
message_data,7933,message_data,7933,,
message_data,7934,message_data,7934,,
message_data,7935,message_data,7935,,
message_data,7936,message_data,7936,,
message_data,7937,message_data,7937,,
message_data,7938,message_data,7938,,
message_data,7939,message_data,7939,,
message_data,7940,message_data,7940,,
message_data,7941,message_data,7941,,
message_data,7942,message_data,7942,,
message_data,7943,message_data,7943,,
message_data,7944,message_data,7944,,
message_data,7945,message_data,7945,,
message_data,7946,message_data,7946,,
message_data,7947,message_data,7947,,
message_data,7948,message_data,7948,,
message_data,7949,message_data,7949,,
message_data,7950,message_data,7950,,
message_data,7951,message_data,7951,,
message_data,7952,message_data,7952,,
message_data,7953,message_data,7953,,
message_data,7954,message_data,7954,,
message_data,7955,message_data,7955,,
message_data,7956,message_data,7956,,
message_data,7957,message_data,7957,,
message_data,7958,message_data,7958,,
message_data,7959,message_data,7959,,
message_data,7960,message_data,7960,,
message_data,7961,message_data,7961,,
message_data,7962,message_data,7962,,
message_data,7963,message_data,7963,,
message_data,7964,message_data,7964,,
message_data,7965,message_data,7965,,
message_data,7966,message_data,7966,,
message_data,7967,message_data,7967,,
message_data,7968,message_data,7968,,
message_data,7969,message_data,7969,,
message_data,7970,message_data,7970,,
message_data,7971,message_data,7971,,
message_data,7972,message_data,7972,,
message_data,7973,message_data,7973,,
message_data,7974,message_data,7974,,
message_data,7975,message_data,7975,,
message_data,7976,message_data,7976,,
message_data,7977,message_data,7977,,
message_data,7978,message_data,7978,,
message_data,7979,message_data,7979,,
message_data,7980,message_data,7980,,
message_data,7981,message_data,7981,,
message_data,7982,message_data,7982,,
message_data,7983,message_data,7983,,
message_data,7984,message_data,7984,,
message_data,7985,message_data,7985,,
message_data,7986,message_data,7986,,
message_data,7987,message_data,7987,,
message_data,7988,message_data,7988,,
message_data,7989,message_data,7989,,
message_data,7990,message_data,7990,,
message_data,7991,message_data,7991,,
message_data,7992,message_data,7992,,
message_data,7993,message_data,7993,,
message_data,7994,message_data,7994,,
message_data,7995,message_data,7995,,
message_data,7996,message_data,7996,,
message_data,7997,message_data,7997,,
message_data,7998,message_data,7998,,
message_data,7999,message_data,7999,,
message_data,8000,message_data,8000,,
message_data,8001,message_data,8001,,
message_data,8002,message_data,8002,,
message_data,8003,message_data,8003,,
message_data,8004,message_data,8004,,
message_data,8005,message_data,8005,,
message_data,8006,message_data,8006,,
message_data,8007,message_data,8007,,
message_data,8008,message_data,8008,,
message_data,8009,message_data,8009,,
message_data,8010,message_data,8010,,
message_data,8011,message_data,8011,,
message_data,8012,message_data,8012,,
message_data,8013,message_data,8013,,
message_data,8014,message_data,8014,,
message_data,8015,message_data,8015,,
message_data,8016,message_data,8016,,
message_data,8017,message_data,8017,,
message_data,8018,message_data,8018,,
message_data,8019,message_data,8019,,
message_data,8020,message_data,8020,,
message_data,8021,message_data,8021,,
message_data,8022,message_data,8022,,
message_data,8023,message_data,8023,,
message_data,8024,message_data,8024,,
message_data,8025,message_data,8025,,
message_data,8026,message_data,8026,,
message_data,8027,message_data,8027,,
message_data,8028,message_data,8028,,
message_data,8029,message_data,8029,,
message_data,8030,message_data,8030,,
message_data,8031,message_data,8031,,
message_data,8032,message_data,8032,,
message_data,8033,message_data,8033,,
message_data,8034,message_data,8034,,
message_data,8035,message_data,8035,,
message_data,8036,message_data,8036,,
message_data,8037,message_data,8037,,
message_data,8038,message_data,8038,,
message_data,8039,message_data,8039,,
message_data,8040,message_data,8040,,
message_data,8041,message_data,8041,,
message_data,8042,message_data,8042,,
message_data,8043,message_data,8043,,
message_data,8044,message_data,8044,,
message_data,8045,message_data,8045,,
message_data,8046,message_data,8046,,
message_data,8047,message_data,8047,,
message_data,8048,message_data,8048,,
message_data,8049,message_data,8049,,
message_data,8050,message_data,8050,,
message_data,8051,message_data,8051,,
message_data,8052,message_data,8052,,
message_data,8053,message_data,8053,,
message_data,8054,message_data,8054,,
message_data,8055,message_data,8055,,
message_data,8056,message_data,8056,,
message_data,8057,message_data,8057,,
message_data,8058,message_data,8058,,
message_data,8059,message_data,8059,,
message_data,8060,message_data,8060,,
message_data,8061,message_data,8061,,
message_data,8062,message_data,8062,,
message_data,8063,message_data,8063,,
message_data,8064,message_data,8064,,
message_data,8065,message_data,8065,,
message_data,8066,message_data,8066,,
message_data,8067,message_data,8067,,
message_data,8068,message_data,8068,,
message_data,8069,message_data,8069,,
message_data,8070,message_data,8070,,
message_data,8071,message_data,8071,,
message_data,8072,message_data,8072,,
message_data,8073,message_data,8073,,
message_data,8074,message_data,8074,,
message_data,8075,message_data,8075,,
message_data,8076,message_data,8076,,
message_data,8077,message_data,8077,,
message_data,8078,message_data,8078,,
message_data,8079,message_data,8079,,
message_data,8080,message_data,8080,,
message_data,8081,message_data,8081,,
message_data,8082,message_data,8082,,
message_data,8083,message_data,8083,,
message_data,8084,message_data,8084,,
message_data,8085,message_data,8085,,
message_data,8086,message_data,8086,,
message_data,8087,message_data,8087,,
message_data,8088,message_data,8088,,
message_data,8089,message_data,8089,,
message_data,8090,message_data,8090,,
message_data,8091,message_data,8091,,
message_data,8092,message_data,8092,,
message_data,8093,message_data,8093,,
message_data,8094,message_data,8094,,
message_data,8095,message_data,8095,,
message_data,8096,message_data,8096,,
message_data,8097,message_data,8097,,
message_data,8098,message_data,8098,,
message_data,8099,message_data,8099,,
message_data,8100,message_data,8100,,
message_data,8101,message_data,8101,,
message_data,8102,message_data,8102,,
message_data,8103,message_data,8103,,
message_data,8104,message_data,8104,,
message_data,8105,message_data,8105,,
message_data,8106,message_data,8106,,
message_data,8107,message_data,8107,,
message_data,8108,message_data,8108,,
message_data,8109,message_data,8109,,
message_data,8110,message_data,8110,,
message_data,8111,message_data,8111,,
message_data,8112,message_data,8112,,
message_data,8113,message_data,8113,,
message_data,8114,message_data,8114,,
message_data,8115,message_data,8115,,
message_data,8116,message_data,8116,,
message_data,8117,message_data,8117,,
message_data,8118,message_data,8118,,
message_data,8119,message_data,8119,,
message_data,8120,message_data,8120,,
message_data,8121,message_data,8121,,
message_data,8122,message_data,8122,,
message_data,8123,message_data,8123,,
message_data,8124,message_data,8124,,
message_data,8125,message_data,8125,,
message_data,8126,message_data,8126,,
message_data,8127,message_data,8127,,
message_data,8128,message_data,8128,,
message_data,8129,message_data,8129,,
message_data,8130,message_data,8130,,
message_data,8131,message_data,8131,,
message_data,8132,message_data,8132,,
message_data,8133,message_data,8133,,
message_data,8134,message_data,8134,,
message_data,8135,message_data,8135,,
message_data,8136,message_data,8136,,
message_data,8137,message_data,8137,,
message_data,8138,message_data,8138,,
message_data,8139,message_data,8139,,
message_data,8140,message_data,8140,,
message_data,8141,message_data,8141,,
message_data,8142,message_data,8142,,
message_data,8143,message_data,8143,,
message_data,8144,message_data,8144,,
message_data,8145,message_data,8145,,
message_data,8146,message_data,8146,,
message_data,8147,message_data,8147,,
message_data,8148,message_data,8148,,
message_data,8149,message_data,8149,,
message_data,8150,message_data,8150,,
message_data,8151,message_data,8151,,
message_data,8152,message_data,8152,,
message_data,8153,message_data,8153,,
message_data,8154,message_data,8154,,
message_data,8155,message_data,8155,,
message_data,8156,message_data,8156,,
message_data,8157,message_data,8157,,
message_data,8158,message_data,8158,,
message_data,8159,message_data,8159,,
message_data,8160,message_data,8160,,
message_data,8161,message_data,8161,,
message_data,8162,message_data,8162,,
message_data,8163,message_data,8163,,
message_data,8164,message_data,8164,,
message_data,8165,message_data,8165,,
message_data,8166,message_data,8166,,
message_data,8167,message_data,8167,,
message_data,8168,message_data,8168,,
message_data,8169,message_data,8169,,
message_data,8170,message_data,8170,,
message_data,8171,message_data,8171,,
message_data,8172,message_data,8172,,
message_data,8173,message_data,8173,,
message_data,8174,message_data,8174,,
message_data,8175,message_data,8175,,
message_data,8176,message_data,8176,,
message_data,8177,message_data,8177,,
message_data,8178,message_data,8178,,
message_data,8179,message_data,8179,,
message_data,8180,message_data,8180,,
message_data,8181,message_data,8181,,
message_data,8182,message_data,8182,,
message_data,8183,message_data,8183,,
message_data,8184,message_data,8184,,
message_data,8185,message_data,8185,,
message_data,8186,message_data,8186,,
message_data,8187,message_data,8187,,
message_data,8188,message_data,8188,,
message_data,8189,message_data,8189,,
message_data,8190,message_data,8190,,
message_data,8191,message_data,8191,,
message_data,8192,message_data,8192,,
message_data,8193,message_data,8193,,
message_data,8194,message_data,8194,,
message_data,8195,message_data,8195,,
message_data,8196,message_data,8196,,
message_data,8197,message_data,8197,,
message_data,8198,,,,
message_data,8199,message_data,8199,,
message_data,8200,message_data,8200,,
message_data,8201,message_data,8201,,
message_data,8202,message_data,8202,,
message_data,8203,message_data,8203,,
message_data,8204,message_data,8204,,
message_data,8205,message_data,8205,,
message_data,8206,message_data,8206,,
message_data,8207,message_data,8209,,
message_data,8208,message_data,8209,,
message_data,8209,message_data,8209,,
message_data,8210,message_data,8210,,
message_data,8211,message_data,8211,,
message_data,8212,message_data,8212,,
message_data,8213,message_data,8213,,
message_data,8214,message_data,8214,,
message_data,8215,message_data,8215,,
message_data,8216,,,,
message_data,8217,message_data,8217,,
message_data,8218,message_data,8218,,
message_data,8219,message_data,8221,,
message_data,8220,message_data,8221,,
message_data,8221,message_data,8221,,
message_data,8222,message_data,8222,,
message_data,8223,message_data,8223,,
message_data,8224,message_data,8224,,
message_data,8225,message_data,8225,,
message_data,8226,message_data,8226,,
message_data,8227,message_data,8227,,
message_data,8228,message_data,8228,,
message_data,8229,message_data,8229,,
message_data,8230,message_data,8230,,
message_data,8231,message_data,8231,,
message_data,8232,message_data,8232,,
message_data,8233,message_data,8233,,
message_data,8234,message_data,8234,,
message_data,8235,message_data,8235,,
message_data,8236,message_data,8236,,
message_data,8237,message_data,8237,,
message_data,8238,message_data,8238,,
message_data,8239,message_data,8239,,
message_data,8240,message_data,8240,,
message_data,8241,message_data,8241,,
message_data,8242,message_data,8242,,
message_data,8243,message_data,8243,,
message_data,8244,message_data,8244,,
message_data,8245,message_data,8245,,
message_data,8246,message_data,8246,,
message_data,8247,message_data,8247,,
message_data,8248,message_data,8248,,
message_data,8249,message_data,8249,,
message_data,8250,message_data,8250,,
message_data,8251,message_data,8251,,
message_data,8252,message_data,8252,,
message_data,8253,message_data,8253,,
message_data,8254,message_data,8254,,
message_data,8255,message_data,8255,,
message_data,8256,message_data,8256,,
message_data,8257,message_data,8257,,
message_data,8258,message_data,8258,,
message_data,8259,message_data,8259,,
message_data,8260,message_data,8260,,
message_data,8261,message_data,8261,,
message_data,8262,message_data,8263,,
message_data,8263,message_data,8263,,
message_data,8264,message_data,8264,,
message_data,8265,message_data,8265,,
message_data,8266,message_data,8266,,
message_data,8267,message_data,8267,,
message_data,8268,message_data,8268,,
message_data,8269,message_data,8269,,
message_data,8270,message_data,8270,,
message_data,8271,message_data,8271,,
message_data,8272,message_data,8272,,
message_data,8273,message_data,8273,,
message_data,8274,message_data,8274,,
message_data,8275,message_data,8275,,
message_data,8276,message_data,8276,,
message_data,8277,message_data,8277,,
message_data,8278,message_data,8278,,
message_data,8279,message_data,8279,,
message_data,8280,message_data,8280,,
message_data,8281,message_data,8281,,
message_data,8282,message_data,8282,,
message_data,8283,message_data,8283,,
message_data,8284,message_data,8284,,
message_data,8285,message_data,8285,,
message_data,8286,message_data,8286,,
message_data,8287,message_data,8287,,
message_data,8288,message_data,8288,,
message_data,8289,message_data,8289,,
message_data,8290,message_data,8290,,
message_data,8291,message_data,8291,,
message_data,8292,message_data,8292,,
message_data,8293,message_data,8293,,
message_data,8294,message_data,8294,,
message_data,8295,message_data,8295,,
message_data,8296,message_data,8297,,
message_data,8297,message_data,8297,,
message_data,8298,message_data,8298,,
message_data,8299,message_data,8299,,
message_data,8300,message_data,8300,,
message_data,8301,message_data,8301,,
message_data,8302,message_data,8302,,
message_data,8303,message_data,8303,,
message_data,8304,message_data,8304,,
message_data,8305,message_data,8305,,
message_data,8306,message_data,8306,,
message_data,8307,message_data,8307,,
message_data,8308,message_data,8308,,
message_data,8309,message_data,8309,,
message_data,8310,message_data,8310,,
message_data,8311,message_data,8311,,
message_data,8312,message_data,8312,,
message_data,8313,message_data,8313,,
message_data,8314,message_data,8314,,
message_data,8315,message_data,8315,,
message_data,8316,message_data,8316,,
message_data,8317,message_data,8317,,
message_data,8318,message_data,8318,,
message_data,8319,message_data,8319,,
message_data,8320,message_data,8320,,
message_data,8321,message_data,8321,,
message_data,8322,message_data,8322,,
message_data,8323,message_data,8323,,
message_data,8324,message_data,8324,,
message_data,8325,message_data,8325,,
message_data,8326,message_data,8326,,
message_data,8327,message_data,8327,,
message_data,8328,message_data,8328,,
message_data,8329,message_data,8329,,
message_data,8330,message_data,8330,,
message_data,8331,message_data,8331,,
message_data,8332,message_data,8332,,
message_data,8333,message_data,8333,,
message_data,8334,message_data,8334,,
message_data,8335,message_data,8335,,
message_data,8336,message_data,8336,,
message_data,8337,message_data,8337,,
message_data,8338,message_data,8338,,
message_data,8339,message_data,8339,,
message_data,8340,message_data,8340,,
message_data,8341,message_data,8341,,
message_data,8342,message_data,8342,,
message_data,8343,message_data,8343,,
message_data,8344,message_data,8344,,
message_data,8345,message_data,8345,,
message_data,8346,message_data,8346,,
message_data,8347,message_data,8347,,
message_data,8348,message_data,8348,,
message_data,8349,message_data,8349,,
message_data,8350,message_data,8350,,
message_data,8351,message_data,8351,,
message_data,8352,message_data,8352,,
message_data,8353,message_data,8353,,
message_data,8354,message_data,8354,,
message_data,8355,message_data,8355,,
message_data,8356,message_data,8356,,
message_data,8357,message_data,8357,,
message_data,8358,message_data,8358,,
message_data,8359,message_data,8359,,
message_data,8360,message_data,8360,,
message_data,8361,message_data,8361,,
message_data,8362,message_data,8362,,
message_data,8363,message_data,8363,,
message_data,8364,message_data,8364,,
message_data,8365,message_data,8365,,
message_data,8366,message_data,8366,,
message_data,8367,message_data,8367,,
message_data,8368,message_data,8368,,
message_data,8369,message_data,8369,,
message_data,8370,message_data,8370,,
message_data,8371,message_data,8371,,
message_data,8372,message_data,8372,,
message_data,8373,message_data,8373,,
message_data,8374,message_data,8374,,
message_data,8375,message_data,8375,,
message_data,8376,message_data,8376,,
message_data,8377,message_data,8377,,
message_data,8378,message_data,8378,,
message_data,8379,message_data,8379,,
message_data,8380,message_data,8380,,
message_data,8381,message_data,8381,,
message_data,8382,message_data,8382,,
message_data,8383,message_data,8383,,
message_data,8384,message_data,8384,,
message_data,8385,message_data,8385,,
message_data,8386,message_data,8386,,
message_data,8387,message_data,8387,,
message_data,8388,message_data,8388,,
message_data,8389,message_data,8389,,
message_data,8390,message_data,8390,,
message_data,8391,message_data,8391,,
message_data,8392,message_data,8392,,
message_data,8393,message_data,8393,,
message_data,8394,message_data,8394,,
message_data,8395,message_data,8395,,
message_data,8396,message_data,8396,,
message_data,8397,message_data,8397,,
message_data,8398,message_data,8398,,
message_data,8399,message_data,8399,,
message_data,8400,message_data,8400,,
message_data,8401,message_data,8401,,
message_data,8402,message_data,8402,,
message_data,8403,message_data,8403,,
message_data,8404,message_data,8404,,
message_data,8405,message_data,8405,,
message_data,8406,message_data,8406,,
message_data,8407,message_data,8407,,
message_data,8408,message_data,8408,,
message_data,8409,message_data,8409,,
message_data,8410,message_data,8410,,
message_data,8411,message_data,8411,,
message_data,8412,message_data,8412,,
message_data,8413,message_data,8413,,
message_data,8414,message_data,8414,,
message_data,8415,message_data,8415,,
message_data,8416,message_data,8416,,
message_data,8417,message_data,8417,,
message_data,8418,message_data,8418,,
message_data,8419,message_data,8419,,
message_data,8420,message_data,8420,,
message_data,8421,message_data,8421,,
message_data,8422,message_data,8422,,
message_data,8423,message_data,8423,,
message_data,8424,message_data,8424,,
message_data,8425,message_data,8425,,
message_data,8426,message_data,8426,,
message_data,8427,message_data,8427,,
message_data,8428,message_data,8428,,
message_data,8429,message_data,8429,,
message_data,8430,message_data,8430,,
message_data,8431,message_data,8431,,
message_data,8432,message_data,8432,,
message_data,8433,message_data,8433,,
message_data,8434,message_data,8434,,
message_data,8435,message_data,8435,,
message_data,8436,message_data,8436,,
message_data,8437,message_data,8437,,
message_data,8438,message_data,8438,,
message_data,8439,message_data,8439,,
message_data,8440,message_data,8440,,
message_data,8441,message_data,8441,,
message_data,8442,message_data,8442,,
message_data,8443,message_data,8443,,
message_data,8444,message_data,8444,,
message_data,8445,message_data,8445,,
message_data,8446,message_data,8446,,
message_data,8447,message_data,8447,,
message_data,8448,message_data,8448,,
message_data,8449,message_data,8449,,
message_data,8450,message_data,8450,,
message_data,8451,message_data,8451,,
message_data,8452,message_data,8452,,
message_data,8453,message_data,8453,,
message_data,8454,message_data,8454,,
message_data,8455,message_data,8455,,
message_data,8456,message_data,8456,,
message_data,8457,message_data,8457,,
message_data,8458,message_data,8458,,
message_data,8459,message_data,8459,,
message_data,8460,message_data,8460,,
message_data,8461,message_data,8461,,
message_data,8462,message_data,8462,,
message_data,8463,message_data,8463,,
message_data,8464,message_data,8464,,
message_data,8465,message_data,8465,,
message_data,8466,message_data,8466,,
message_data,8467,message_data,8467,,
message_data,8468,message_data,8468,,
message_data,8469,message_data,8469,,
message_data,8470,message_data,8470,,
message_data,8471,message_data,8471,,
message_data,8472,message_data,8472,,
message_data,8473,message_data,8473,,
message_data,8474,message_data,8474,,
message_data,8475,message_data,8475,,
message_data,8476,message_data,8476,,
message_data,8477,message_data,8477,,
message_data,8478,message_data,8478,,
message_data,8479,message_data,8479,,
message_data,8480,message_data,8480,,
message_data,8481,message_data,8481,,
message_data,8482,message_data,8482,,
message_data,8483,message_data,8483,,
message_data,8484,message_data,8484,,
message_data,8485,message_data,8485,,
message_data,8486,message_data,8486,,
message_data,8487,message_data,8487,,
message_data,8488,message_data,8488,,
message_data,8489,message_data,8489,,
message_data,8490,message_data,8490,,
message_data,8491,message_data,8491,,
message_data,8492,message_data,8492,,
message_data,8493,message_data,8493,,
message_data,8494,message_data,8494,,
message_data,8495,message_data,8495,,
message_data,8496,message_data,8496,,
message_data,8497,message_data,8497,,
message_data,8498,message_data,8498,,
message_data,8499,message_data,8499,,
message_data,8500,message_data,8500,,
message_data,8501,message_data,8501,,
message_data,8502,message_data,8502,,
message_data,8503,message_data,8503,,
message_data,8504,message_data,8504,,
message_data,8505,message_data,8505,,
message_data,8506,message_data,8506,,
message_data,8507,message_data,8507,,
message_data,8508,message_data,8508,,
message_data,8509,message_data,8509,,
message_data,8510,message_data,8510,,
message_data,8511,message_data,8511,,
message_data,8512,message_data,8512,,
message_data,8513,message_data,8513,,
message_data,8514,message_data,8514,,
message_data,8515,message_data,8515,,
message_data,8516,message_data,8516,,
message_data,8517,message_data,8517,,
message_data,8518,message_data,8518,,
message_data,8519,message_data,8519,,
message_data,8520,message_data,8520,,
message_data,8521,message_data,8521,,
message_data,8522,message_data,8522,,
message_data,8523,message_data,8523,,
message_data,8524,message_data,8524,,
message_data,8525,message_data,8525,,
message_data,8526,message_data,8526,,
message_data,8527,message_data,8527,,
message_data,8528,message_data,8528,,
message_data,8529,message_data,8529,,
message_data,8530,message_data,8530,,
message_data,8531,message_data,8531,,
message_data,8532,message_data,8532,,
message_data,8533,message_data,8533,,
message_data,8534,message_data,8534,,
message_data,8535,message_data,8535,,
message_data,8536,message_data,8536,,
message_data,8537,message_data,8537,,
message_data,8538,message_data,8538,,
message_data,8539,message_data,8539,,
message_data,8540,message_data,8540,,
message_data,8541,message_data,8541,,
message_data,8542,message_data,8542,,
message_data,8543,message_data,8543,,
message_data,8544,message_data,8544,,
message_data,8545,message_data,8545,,
message_data,8546,message_data,8546,,
message_data,8547,message_data,8547,,
message_data,8548,message_data,8548,,
message_data,8549,message_data,8549,,
message_data,8550,message_data,8550,,
message_data,8551,message_data,8551,,
message_data,8552,message_data,8552,,
message_data,8553,message_data,8553,,
message_data,8554,message_data,8554,,
message_data,8555,message_data,8555,,
message_data,8556,message_data,8556,,
message_data,8557,message_data,8557,,
message_data,8558,message_data,8558,,
message_data,8559,message_data,8559,,
message_data,8560,message_data,8560,,
message_data,8561,message_data,8561,,
message_data,8562,message_data,8562,,
message_data,8563,message_data,8563,,
message_data,8564,message_data,8564,,
message_data,8565,message_data,8565,,
message_data,8566,message_data,8566,,
message_data,8567,message_data,8567,,
message_data,8568,message_data,8568,,
message_data,8569,message_data,8569,,
message_data,8570,message_data,8570,,
message_data,8571,message_data,8571,,
message_data,8572,message_data,8572,,
message_data,8573,message_data,8573,,
message_data,8574,message_data,8574,,
message_data,8575,message_data,8575,,
message_data,8576,message_data,8576,,
message_data,8577,message_data,8577,,
message_data,8578,message_data,8578,,
message_data,8579,message_data,8579,,
message_data,8580,message_data,8580,,
message_data,8581,message_data,8581,,
message_data,8582,message_data,8582,,
message_data,8583,message_data,8583,,
message_data,8584,message_data,8584,,
message_data,8585,message_data,8585,,
message_data,8586,message_data,8586,,
message_data,8587,message_data,8587,,
message_data,8588,message_data,8588,,
message_data,8589,message_data,8589,,
message_data,8590,message_data,8590,,
message_data,8591,message_data,8591,,
message_data,8592,message_data,8592,,
message_data,8593,message_data,8593,,
message_data,8594,message_data,8594,,
message_data,8595,message_data,8595,,
message_data,8596,message_data,8596,,
message_data,8597,message_data,8597,,
message_data,8598,message_data,8598,,
message_data,8599,message_data,8599,,
message_data,8600,message_data,8600,,
message_data,8601,message_data,8601,,
message_data,8602,message_data,8602,,
message_data,8603,message_data,8603,,
message_data,8604,message_data,8604,,
message_data,8605,message_data,8605,,
message_data,8606,message_data,8606,,
message_data,8607,message_data,8607,,
message_data,8608,message_data,8608,,
message_data,8609,message_data,8609,,
message_data,8610,message_data,8610,,
message_data,8611,message_data,8611,,
message_data,8612,message_data,8612,,
message_data,8613,message_data,8613,,
message_data,8614,message_data,8614,,
message_data,8615,message_data,8615,,
message_data,8616,message_data,8616,,
message_data,8617,message_data,8617,,
message_data,8618,message_data,8618,,
message_data,8619,message_data,8619,,
message_data,8620,message_data,8620,,
message_data,8621,message_data,8621,,
message_data,8622,message_data,8622,,
message_data,8623,message_data,8623,,
message_data,8624,message_data,8624,,
message_data,8625,message_data,8625,,
message_data,8626,message_data,8626,,
message_data,8627,message_data,8627,,
message_data,8628,message_data,8628,,
message_data,8629,message_data,8629,,
message_data,8630,message_data,8630,,
message_data,8631,message_data,8631,,
message_data,8632,message_data,8632,,
message_data,8633,message_data,8633,,
message_data,8634,message_data,8634,,
message_data,8635,message_data,8635,,
message_data,8636,message_data,8636,,
message_data,8637,message_data,8637,,
message_data,8638,message_data,8638,,
message_data,8639,message_data,8639,,
message_data,8640,message_data,8640,,
message_data,8641,message_data,8641,,
message_data,8642,message_data,8642,,
message_data,8643,message_data,8643,,
message_data,8644,message_data,8644,,
message_data,8645,message_data,8645,,
message_data,8646,message_data,8646,,
message_data,8647,message_data,8647,,
message_data,8648,message_data,8648,,
message_data,8649,message_data,8649,,
message_data,8650,message_data,8650,,
message_data,8651,message_data,8651,,
message_data,8652,message_data,8652,,
message_data,8653,message_data,8653,,
message_data,8654,message_data,8654,,
message_data,8655,message_data,8655,,
message_data,8656,message_data,8656,,
message_data,8657,message_data,8657,,
message_data,8658,message_data,8658,,
message_data,8659,message_data,8659,,
message_data,8660,message_data,8660,,
message_data,8661,message_data,8661,,
message_data,8662,message_data,8662,,
message_data,8663,message_data,8663,,
message_data,8664,message_data,8664,,
message_data,8665,message_data,8665,,
message_data,8666,message_data,8666,,
message_data,8667,message_data,8667,,
message_data,8668,message_data,8668,,
message_data,8669,message_data,8669,,
message_data,8670,message_data,8670,,
message_data,8671,message_data,8671,,
message_data,8672,message_data,8672,,
message_data,8673,message_data,8673,,
message_data,8674,message_data,8674,,
message_data,8675,message_data,8675,,
message_data,8676,message_data,8676,,
message_data,8677,message_data,8677,,
message_data,8678,message_data,8678,,
message_data,8679,message_data,8679,,
message_data,8680,message_data,8680,,
message_data,8681,message_data,8681,,
message_data,8682,message_data,8682,,
message_data,8683,message_data,8683,,
message_data,8684,message_data,8684,,
message_data,8685,message_data,8685,,
message_data,8686,message_data,8686,,
message_data,8687,message_data,8687,,
message_data,8688,message_data,8688,,
message_data,8689,message_data,8689,,
message_data,8690,message_data,8690,,
message_data,8691,message_data,8691,,
message_data,8692,message_data,8692,,
message_data,8693,message_data,8693,,
message_data,8694,message_data,8694,,
message_data,8695,message_data,8695,,
message_data,8696,message_data,8696,,
message_data,8697,message_data,8697,,
message_data,8698,message_data,8698,,
message_data,8699,message_data,8699,,
message_data,8700,message_data,8700,,
message_data,8701,message_data,8701,,
message_data,8702,message_data,8702,,
message_data,8703,message_data,8703,,
message_data,8704,message_data,8704,,
message_data,8705,message_data,8705,,
message_data,8706,message_data,8706,,
message_data,8707,message_data,8707,,
message_data,8708,message_data,8708,,
message_data,8709,message_data,8709,,
message_data,8710,message_data,8710,,
message_data,8711,message_data,8711,,
message_data,8712,message_data,8712,,
message_data,8713,message_data,8713,,
message_data,8714,message_data,8714,,
message_data,8715,message_data,8715,,
message_data,8716,message_data,8716,,
message_data,8717,message_data,8717,,
message_data,8718,message_data,8718,,
message_data,8719,message_data,8719,,
message_data,8720,message_data,8720,,
message_data,8721,message_data,8721,,
message_data,8722,message_data,8722,,
message_data,8723,message_data,8723,,
message_data,8724,message_data,8724,,
message_data,8725,message_data,8725,,
message_data,8726,message_data,8726,,
message_data,8727,message_data,8727,,
message_data,8728,message_data,8728,,
message_data,8729,message_data,8729,,
message_data,8730,message_data,8730,,
message_data,8731,message_data,8731,,
message_data,8732,message_data,8732,,
message_data,8733,message_data,8733,,
message_data,8734,message_data,8734,,
message_data,8735,message_data,8735,,
message_data,8736,message_data,8736,,
message_data,8737,message_data,8737,,
message_data,8738,message_data,8738,,
message_data,8739,message_data,8739,,
message_data,8740,message_data,8740,,
message_data,8741,message_data,8741,,
message_data,8742,message_data,8742,,
message_data,8743,message_data,8743,,
message_data,8744,message_data,8744,,
message_data,8745,message_data,8745,,
message_data,8746,message_data,8746,,
message_data,8747,message_data,8747,,
message_data,8748,message_data,8748,,
message_data,8749,message_data,8749,,
message_data,8750,message_data,8750,,
message_data,8751,message_data,8751,,
message_data,8752,message_data,8752,,
message_data,8753,message_data,8753,,
message_data,8754,message_data,8754,,
message_data,8755,message_data,8755,,
message_data,8756,message_data,8756,,
message_data,8757,message_data,8757,,
message_data,8758,message_data,8758,,
message_data,8759,message_data,8759,,
message_data,8760,message_data,8760,,
message_data,8761,message_data,8761,,
message_data,8762,message_data,8762,,
message_data,8763,message_data,8763,,
message_data,8764,message_data,8764,,
message_data,8765,message_data,8765,,
message_data,8766,message_data,8766,,
message_data,8767,message_data,8767,,
message_data,8768,message_data,8768,,
message_data,8769,message_data,8769,,
message_data,8770,message_data,8770,,
message_data,8771,message_data,8771,,
message_data,8772,message_data,8772,,
message_data,8773,message_data,8773,,
message_data,8774,message_data,8774,,
message_data,8775,message_data,8775,,
message_data,8776,message_data,8776,,
message_data,8777,message_data,8777,,
message_data,8778,message_data,8778,,
message_data,8779,message_data,8779,,
message_data,8780,message_data,8780,,
message_data,8781,message_data,8781,,
message_data,8782,message_data,8782,,
message_data,8783,message_data,8783,,
message_data,8784,message_data,8784,,
message_data,8785,message_data,8785,,
message_data,8786,message_data,8786,,
message_data,8787,message_data,8787,,
message_data,8788,message_data,8788,,
message_data,8789,message_data,8789,,
message_data,8790,message_data,8790,,
message_data,8791,message_data,8791,,
message_data,8792,message_data,8792,,
message_data,8793,message_data,8793,,
message_data,8794,message_data,8794,,
message_data,8795,message_data,8795,,
message_data,8796,message_data,8796,,
message_data,8797,message_data,8797,,
message_data,8798,message_data,8798,,
message_data,8799,message_data,8799,,
message_data,8800,message_data,8800,,
message_data,8801,message_data,8801,,
message_data,8802,message_data,8802,,
message_data,8803,message_data,8803,,
message_data,8804,message_data,8804,,
message_data,8805,message_data,8805,,
message_data,8806,message_data,8806,,
message_data,8807,message_data,8807,,
message_data,8808,message_data,8808,,
message_data,8809,message_data,8809,,
message_data,8810,message_data,8810,,
message_data,8811,message_data,8811,,
message_data,8812,message_data,8812,,
message_data,8813,message_data,8813,,
message_data,8814,message_data,8814,,
message_data,8815,message_data,8815,,
message_data,8816,message_data,8816,,
message_data,8817,message_data,8817,,
message_data,8818,message_data,8818,,
message_data,8819,message_data,8819,,
message_data,8820,message_data,8820,,
message_data,8821,message_data,8821,,
message_data,8822,message_data,8822,,
message_data,8823,message_data,8823,,
message_data,8824,message_data,8824,,
message_data,8825,message_data,8825,,
message_data,8826,message_data,8826,,
message_data,8827,message_data,8827,,
message_data,8828,message_data,8828,,
message_data,8829,message_data,8829,,
message_data,8830,message_data,8830,,
message_data,8831,message_data,8831,,
message_data,8832,message_data,8832,,
message_data,8833,message_data,8833,,
message_data,8834,message_data,8834,,
message_data,8835,message_data,8835,,
message_data,8836,message_data,8836,,
message_data,8837,message_data,8837,,
message_data,8838,message_data,8838,,
message_data,8839,message_data,8839,,
message_data,8840,message_data,8840,,
message_data,8841,message_data,8841,,
message_data,8842,message_data,8842,,
message_data,8843,message_data,8843,,
message_data,8844,message_data,8844,,
message_data,8845,message_data,8845,,
message_data,8846,message_data,8846,,
message_data,8847,message_data,8847,,
message_data,8848,message_data,8848,,
message_data,8849,message_data,8849,,
message_data,8850,message_data,8850,,
message_data,8851,message_data,8851,,
message_data,8852,message_data,8852,,
message_data,8853,message_data,8853,,
message_data,8854,message_data,8854,,
message_data,8855,message_data,8855,,
message_data,8856,message_data,8856,,
message_data,8857,message_data,8857,,
message_data,8858,message_data,8858,,
message_data,8859,message_data,8859,,
message_data,8860,message_data,8860,,
message_data,8861,message_data,8861,,
message_data,8862,message_data,8862,,
message_data,8863,message_data,8863,,
message_data,8864,message_data,8864,,
message_data,8865,message_data,8865,,
message_data,8866,message_data,8866,,
message_data,8867,message_data,8867,,
message_data,8868,message_data,8868,,
message_data,8869,message_data,8869,,
message_data,8870,message_data,8870,,
message_data,8871,message_data,8871,,
message_data,8872,message_data,8872,,
message_data,8873,message_data,8873,,
message_data,8874,message_data,8874,,
message_data,8875,message_data,8875,,
message_data,8876,message_data,8876,,
message_data,8877,message_data,8877,,
message_data,8878,message_data,8878,,
message_data,8879,message_data,8879,,
message_data,8880,message_data,8880,,
message_data,8881,message_data,8881,,
message_data,8882,message_data,8882,,
message_data,8883,message_data,8883,,
message_data,8884,message_data,8884,,
message_data,8885,message_data,8885,,
message_data,8886,message_data,8886,,
message_data,8887,message_data,8887,,
message_data,8888,message_data,8888,,
message_data,8889,message_data,8889,,
message_data,8890,message_data,8890,,
message_data,8891,message_data,8891,,
message_data,8892,message_data,8892,,
message_data,8893,message_data,8893,,
message_data,8894,message_data,8894,,
message_data,8895,message_data,8895,,
message_data,8896,message_data,8896,,
message_data,8897,message_data,8897,,
message_data,8898,message_data,8898,,
message_data,8899,message_data,8899,,
message_data,8900,message_data,8900,,
message_data,8901,message_data,8901,,
message_data,8902,message_data,8902,,
message_data,8903,message_data,8903,,
message_data,8904,message_data,8904,,
message_data,8905,message_data,8905,,
message_data,8906,message_data,8906,,
message_data,8907,message_data,8907,,
message_data,8908,message_data,8908,,
message_data,8909,message_data,8909,,
message_data,8910,message_data,8910,,
message_data,8911,message_data,8911,,
message_data,8912,message_data,8912,,
message_data,8913,message_data,8913,,
message_data,8914,message_data,8914,,
message_data,8915,message_data,8915,,
message_data,8916,message_data,8916,,
message_data,8917,message_data,8917,,
message_data,8918,message_data,8918,,
message_data,8919,message_data,8919,,
message_data,8920,message_data,8920,,
message_data,8921,message_data,8921,,
message_data,8922,message_data,8922,,
message_data,8923,message_data,8923,,
message_data,8924,message_data,8924,,
message_data,8925,message_data,8925,,
message_data,8926,message_data,8926,,
message_data,8927,message_data,8927,,
message_data,8928,message_data,8928,,
message_data,8929,message_data,8929,,
message_data,8930,message_data,8930,,
message_data,8931,message_data,8931,,
message_data,8932,message_data,8932,,
message_data,8933,message_data,8933,,
message_data,8934,message_data,8934,,
message_data,8935,message_data,8935,,
message_data,8936,message_data,8936,,
message_data,8937,message_data,8937,,
message_data,8938,message_data,8938,,
message_data,8939,message_data,8939,,
message_data,8940,message_data,8940,,
message_data,8941,message_data,8941,,
message_data,8942,message_data,8942,,
message_data,8943,message_data,8943,,
message_data,8944,message_data,8944,,
message_data,8945,message_data,8945,,
message_data,8946,message_data,8946,,
message_data,8947,message_data,8947,,
message_data,8948,message_data,8948,,
message_data,8949,message_data,8949,,
message_data,8950,message_data,8950,,
message_data,8951,message_data,8951,,
message_data,8952,message_data,8952,,
message_data,8953,message_data,8953,,
message_data,8954,message_data,8954,,
message_data,8955,message_data,8955,,
message_data,8956,message_data,8956,,
message_data,8957,message_data,8957,,
message_data,8958,message_data,8958,,
message_data,8959,message_data,8959,,
message_data,8960,message_data,8960,,
message_data,8961,message_data,8961,,
message_data,8962,message_data,8962,,
message_data,8963,message_data,8963,,
message_data,8964,message_data,8964,,
message_data,8965,message_data,8965,,
message_data,8966,message_data,8966,,
message_data,8967,message_data,8967,,
message_data,8968,message_data,8968,,
message_data,8969,message_data,8969,,
message_data,8970,message_data,8970,,
message_data,8971,message_data,8971,,
message_data,8972,message_data,8972,,
message_data,8973,message_data,8973,,
message_data,8974,message_data,8974,,
message_data,8975,message_data,8975,,
message_data,8976,message_data,8976,,
message_data,8977,message_data,8977,,
message_data,8978,message_data,8978,,
message_data,8979,message_data,8979,,
message_data,8980,message_data,8980,,
message_data,8981,message_data,8981,,
message_data,8982,message_data,8982,,
message_data,8983,message_data,8983,,
message_data,8984,message_data,8984,,
message_data,8985,message_data,8985,,
message_data,8986,message_data,8986,,
message_data,8987,message_data,8987,,
message_data,8988,message_data,8988,,
message_data,8989,message_data,8989,,
message_data,8990,message_data,8990,,
message_data,8991,message_data,8991,,
message_data,8992,message_data,8992,,
message_data,8993,message_data,8993,,
message_data,8994,message_data,8994,,
message_data,8995,message_data,8995,,
message_data,8996,message_data,8996,,
message_data,8997,message_data,8997,,
message_data,8998,message_data,8998,,
message_data,8999,message_data,8999,,
message_data,9000,message_data,9000,,
message_data,9001,message_data,9001,,
message_data,9002,message_data,9002,,
message_data,9003,message_data,9003,,
message_data,9004,message_data,9004,,
message_data,9005,message_data,9005,,
message_data,9006,message_data,9006,,
message_data,9007,message_data,9007,,
message_data,9008,message_data,9008,,
message_data,9009,message_data,9009,,
message_data,9010,message_data,9010,,
message_data,9011,message_data,9011,,
message_data,9012,message_data,9012,,
message_data,9013,message_data,9013,,
message_data,9014,message_data,9014,,
message_data,9015,message_data,9015,,
message_data,9016,message_data,9016,,
message_data,9017,message_data,9017,,
message_data,9018,message_data,9018,,
message_data,9019,message_data,9019,,
message_data,9020,message_data,9020,,
message_data,9021,message_data,9021,,
message_data,9022,message_data,9022,,
message_data,9023,message_data,9023,,
message_data,9024,message_data,9024,,
message_data,9025,message_data,9025,,
message_data,9026,message_data,9026,,
message_data,9027,message_data,9027,,
message_data,9028,message_data,9028,,
message_data,9029,message_data,9029,,
message_data,9030,message_data,9030,,
message_data,9031,message_data,9031,,
message_data,9032,message_data,9032,,
message_data,9033,message_data,9033,,
message_data,9034,message_data,9034,,
message_data,9035,message_data,9035,,
message_data,9036,message_data,9036,,
message_data,9037,message_data,9037,,
message_data,9038,message_data,9038,,
message_data,9039,message_data,9039,,
message_data,9040,message_data,9040,,
message_data,9041,message_data,9041,,
message_data,9042,message_data,9042,,
message_data,9043,message_data,9043,,
message_data,9044,message_data,9044,,
message_data,9045,message_data,9045,,
message_data,9046,message_data,9046,,
message_data,9047,message_data,9047,,
message_data,9048,message_data,9048,,
message_data,9049,message_data,9049,,
message_data,9050,message_data,9050,,
message_data,9051,message_data,9051,,
message_data,9052,message_data,9052,,
message_data,9053,message_data,9053,,
message_data,9054,message_data,9054,,
message_data,9055,message_data,9055,,
message_data,9056,message_data,9056,,
message_data,9057,message_data,9057,,
message_data,9058,message_data,9058,,
message_data,9059,message_data,9059,,
message_data,9060,message_data,9060,,
message_data,9061,message_data,9061,,
message_data,9062,message_data,9062,,
message_data,9063,message_data,9063,,
message_data,9064,message_data,9064,,
message_data,9065,message_data,9065,,
message_data,9066,message_data,9066,,
message_data,9067,message_data,9067,,
message_data,9068,message_data,9068,,
message_data,9069,message_data,9069,,
message_data,9070,message_data,9070,,
message_data,9071,message_data,9071,,
message_data,9072,message_data,9072,,
message_data,9073,message_data,9073,,
message_data,9074,message_data,9074,,
message_data,9075,message_data,9075,,
message_data,9076,message_data,9076,,
message_data,9077,message_data,9077,,
message_data,9078,message_data,9078,,
message_data,9079,message_data,9079,,
message_data,9080,message_data,9080,,
message_data,9081,message_data,9081,,
message_data,9082,message_data,9082,,
message_data,9083,message_data,9083,,
message_data,9084,message_data,9084,,
message_data,9085,message_data,9085,,
message_data,9086,message_data,9086,,
message_data,9087,message_data,9087,,
message_data,9088,message_data,9088,,
message_data,9089,message_data,9089,,
message_data,9090,message_data,9090,,
message_data,9091,message_data,9091,,
message_data,9092,message_data,9092,,
message_data,9093,message_data,9093,,
message_data,9094,message_data,9094,,
message_data,9095,message_data,9095,,
message_data,9096,message_data,9096,,
message_data,9097,message_data,9097,,
message_data,9098,message_data,9098,,
message_data,9099,message_data,9099,,
message_data,9100,message_data,9100,,
message_data,9101,message_data,9101,,
message_data,9102,message_data,9102,,
message_data,9103,message_data,9103,,
message_data,9104,message_data,9104,,
message_data,9105,message_data,9105,,
message_data,9106,message_data,9106,,
message_data,9107,message_data,9107,,
message_data,9108,message_data,9108,,
message_data,9109,message_data,9109,,
message_data,9110,message_data,9110,,
message_data,9111,message_data,9111,,
message_data,9112,message_data,9112,,
message_data,9113,message_data,9113,,
message_data,9114,message_data,9114,,
message_data,9115,message_data,9115,,
message_data,9116,message_data,9116,,
message_data,9117,message_data,9117,,
message_data,9118,message_data,9118,,
message_data,9119,message_data,9119,,
message_data,9120,message_data,9120,,
message_data,9121,message_data,9121,,
message_data,9122,message_data,9122,,
message_data,9123,message_data,9123,,
message_data,9124,message_data,9124,,
message_data,9125,message_data,9125,,
message_data,9126,message_data,9126,,
message_data,9127,message_data,9127,,
message_data,9128,message_data,9128,,
message_data,9129,message_data,9129,,
message_data,9130,message_data,9130,,
message_data,9131,message_data,9131,,
message_data,9132,message_data,9132,,
message_data,9133,message_data,9133,,
message_data,9134,message_data,9134,,
message_data,9135,message_data,9135,,
message_data,9136,message_data,9136,,
message_data,9137,message_data,9137,,
message_data,9138,message_data,9138,,
message_data,9139,message_data,9139,,
message_data,9140,message_data,9140,,
message_data,9141,message_data,9141,,
message_data,9142,message_data,9142,,
message_data,9143,message_data,9143,,
message_data,9144,message_data,9144,,
message_data,9145,message_data,9145,,
message_data,9146,message_data,9146,,
message_data,9147,message_data,9147,,
message_data,9148,message_data,9148,,
message_data,9149,message_data,9149,,
message_data,9150,message_data,9150,,
message_data,9151,message_data,9151,,
message_data,9152,message_data,9152,,
message_data,9153,message_data,9153,,
message_data,9154,message_data,9154,,
message_data,9155,message_data,9155,,
message_data,9156,message_data,9156,,
message_data,9157,message_data,9157,,
message_data,9158,message_data,9158,,
message_data,9159,message_data,9159,,
message_data,9160,message_data,9160,,
message_data,9161,message_data,9161,,
message_data,9162,message_data,9162,,
message_data,9163,message_data,9163,,
message_data,9164,message_data,9164,,
message_data,9165,message_data,9165,,
message_data,9166,message_data,9166,,
message_data,9167,message_data,9167,,
message_data,9168,message_data,9168,,
message_data,9169,message_data,9169,,
message_data,9170,message_data,9170,,
message_data,9171,message_data,9171,,
message_data,9172,message_data,9172,,
message_data,9173,message_data,9173,,
message_data,9174,message_data,9174,,
message_data,9175,message_data,9175,,
message_data,9176,message_data,9176,,
message_data,9177,message_data,9177,,
message_data,9178,message_data,9178,,
message_data,9179,message_data,9179,,
message_data,9180,message_data,9180,,
message_data,9181,message_data,9181,,
message_data,9182,message_data,9182,,
message_data,9183,message_data,9183,,
message_data,9184,message_data,9184,,
message_data,9185,message_data,9185,,
message_data,9186,message_data,9186,,
message_data,9187,message_data,9187,,
message_data,9188,message_data,9188,,
message_data,9189,message_data,9189,,
message_data,9190,message_data,9190,,
message_data,9191,message_data,9191,,
message_data,9192,message_data,9192,,
message_data,9193,message_data,9193,,
message_data,9194,message_data,9194,,
message_data,9195,message_data,9195,,
message_data,9196,message_data,9196,,
message_data,9197,message_data,9197,,
message_data,9198,message_data,9198,,
message_data,9199,message_data,9199,,
message_data,9200,message_data,9200,,
message_data,9201,message_data,9201,,
message_data,9202,message_data,9202,,
message_data,9203,message_data,9203,,
message_data,9204,message_data,9204,,
message_data,9205,message_data,9205,,
message_data,9206,message_data,9206,,
message_data,9207,message_data,9207,,
message_data,9208,message_data,9208,,
message_data,9209,message_data,9209,,
message_data,9210,message_data,9210,,
message_data,9211,message_data,9211,,
message_data,9212,message_data,9212,,
message_data,9213,message_data,9213,,
message_data,9214,message_data,9214,,
message_data,9215,message_data,9215,,
message_data,9216,message_data,9216,,
message_data,9217,message_data,9217,,
message_data,9218,message_data,9218,,
message_data,9219,message_data,9219,,
message_data,9220,message_data,9220,,
message_data,9221,message_data,9221,,
message_data,9222,message_data,9222,,
message_data,9223,message_data,9223,,
message_data,9224,message_data,9224,,
message_data,9225,message_data,9225,,
message_data,9226,message_data,9226,,
message_data,9227,message_data,9227,,
message_data,9228,message_data,9228,,
message_data,9229,message_data,9229,,
message_data,9230,message_data,9230,,
message_data,9231,message_data,9231,,
message_data,9232,message_data,9232,,
message_data,9233,message_data,9233,,
message_data,9234,message_data,9234,,
message_data,9235,message_data,9235,,
message_data,9236,message_data,9236,,
message_data,9237,message_data,9237,,
message_data,9238,message_data,9238,,
message_data,9239,message_data,9239,,
message_data,9240,message_data,9240,,
message_data,9241,message_data,9241,,
message_data,9242,message_data,9242,,
message_data,9243,message_data,9243,,
message_data,9244,message_data,9244,,
message_data,9245,message_data,9245,,
message_data,9246,message_data,9246,,
message_data,9247,message_data,9247,,
message_data,9248,message_data,9248,,
message_data,9249,message_data,9249,,
message_data,9250,message_data,9250,,
message_data,9251,message_data,9251,,
message_data,9252,message_data,9252,,
message_data,9253,message_data,9253,,
message_data,9254,message_data,9254,,
message_data,9255,message_data,9255,,
message_data,9256,message_data,9256,,
message_data,9257,message_data,9257,,
message_data,9258,message_data,9258,,
message_data,9259,message_data,9259,,
message_data,9260,message_data,9260,,
message_data,9261,message_data,9261,,
message_data,9262,message_data,9262,,
message_data,9263,message_data,9263,,
message_data,9264,message_data,9264,,
message_data,9265,message_data,9265,,
message_data,9266,message_data,9266,,
message_data,9267,message_data,9267,,
message_data,9268,message_data,9268,,
message_data,9269,message_data,9269,,
message_data,9270,message_data,9270,,
message_data,9271,message_data,9271,,
message_data,9272,message_data,9272,,
message_data,9273,message_data,9273,,
message_data,9274,message_data,9274,,
message_data,9275,message_data,9275,,
message_data,9276,message_data,9276,,
message_data,9277,message_data,9277,,
message_data,9278,message_data,9278,,
message_data,9279,message_data,9279,,
message_data,9280,message_data,9280,,
message_data,9281,message_data,9281,,
message_data,9282,message_data,9282,,
message_data,9283,message_data,9283,,
message_data,9284,message_data,9284,,
message_data,9285,message_data,9285,,
message_data,9286,message_data,9286,,
message_data,9287,message_data,9287,,
message_data,9288,message_data,9288,,
message_data,9289,message_data,9289,,
message_data,9290,message_data,9290,,
message_data,9291,message_data,9291,,
message_data,9292,message_data,9292,,
message_data,9293,message_data,9293,,
message_data,9294,message_data,9294,,
message_data,9295,message_data,9295,,
message_data,9296,message_data,9296,,
message_data,9297,message_data,9297,,
message_data,9298,message_data,9298,,
message_data,9299,message_data,9299,,
message_data,9300,message_data,9300,,
message_data,9301,message_data,9301,,
message_data,9302,message_data,9302,,
message_data,9303,message_data,9303,,
message_data,9304,message_data,9304,,
message_data,9305,message_data,9305,,
message_data,9306,message_data,9306,,
message_data,9307,message_data,9307,,
message_data,9308,message_data,9308,,
message_data,9309,message_data,9309,,
message_data,9310,message_data,9310,,
message_data,9311,message_data,9311,,
message_data,9312,message_data,9312,,
message_data,9313,message_data,9313,,
message_data,9314,message_data,9314,,
message_data,9315,message_data,9315,,
message_data,9316,message_data,9316,,
message_data,9317,message_data,9317,,
message_data,9318,message_data,9318,,
message_data,9319,message_data,9319,,
message_data,9320,message_data,9320,,
message_data,9321,message_data,9321,,
message_data,9322,message_data,9322,,
message_data,9323,message_data,9323,,
message_data,9324,message_data,9324,,
message_data,9325,message_data,9325,,
message_data,9326,message_data,9326,,
message_data,9327,message_data,9327,,
message_data,9328,message_data,9328,,
message_data,9329,message_data,9329,,
message_data,9330,message_data,9330,,
message_data,9331,message_data,9331,,
message_data,9332,message_data,9332,,
message_data,9333,message_data,9333,,
message_data,9334,message_data,9334,,
message_data,9335,message_data,9335,,
message_data,9336,message_data,9336,,
message_data,9337,message_data,9337,,
message_data,9338,message_data,9338,,
message_data,9339,message_data,9339,,
message_data,9340,message_data,9340,,
message_data,9341,message_data,9341,,
message_data,9342,message_data,9342,,
message_data,9343,message_data,9343,,
message_data,9344,message_data,9344,,
message_data,9345,message_data,9345,,
message_data,9346,message_data,9346,,
message_data,9347,message_data,9347,,
message_data,9348,message_data,9348,,
message_data,9349,message_data,9349,,
message_data,9350,message_data,9350,,
message_data,9351,message_data,9351,,
message_data,9352,message_data,9352,,
message_data,9353,message_data,9353,,
message_data,9354,message_data,9354,,
message_data,9355,message_data,9355,,
message_data,9356,message_data,9356,,
message_data,9357,message_data,9357,,
message_data,9358,message_data,9358,,
message_data,9359,message_data,9359,,
message_data,9360,message_data,9360,,
message_data,9361,message_data,9361,,
message_data,9362,message_data,9362,,
message_data,9363,message_data,9363,,
message_data,9364,message_data,9364,,
message_data,9365,message_data,9365,,
message_data,9366,message_data,9366,,
message_data,9367,message_data,9367,,
message_data,9368,message_data,9368,,
message_data,9369,message_data,9369,,
message_data,9370,message_data,9370,,
message_data,9371,message_data,9371,,
message_data,9372,message_data,9372,,
message_data,9373,message_data,9373,,
message_data,9374,message_data,9374,,
message_data,9375,message_data,9375,,
message_data,9376,message_data,9376,,
message_data,9377,message_data,9377,,
message_data,9378,message_data,9378,,
message_data,9379,message_data,9379,,
message_data,9380,message_data,9380,,
message_data,9381,message_data,9381,,
message_data,9382,message_data,9382,,
message_data,9383,message_data,9383,,
message_data,9384,message_data,9384,,
message_data,9385,message_data,9385,,
message_data,9386,message_data,9386,,
message_data,9387,message_data,9387,,
message_data,9388,message_data,9388,,
message_data,9389,message_data,9389,,
message_data,9390,message_data,9390,,
message_data,9391,message_data,9391,,
message_data,9392,message_data,9392,,
message_data,9393,message_data,9393,,
message_data,9394,message_data,9394,,
message_data,9395,message_data,9395,,
message_data,9396,message_data,9396,,
message_data,9397,message_data,9397,,
message_data,9398,message_data,9398,,
message_data,9399,message_data,9399,,
message_data,9400,message_data,9400,,
message_data,9401,message_data,9401,,
message_data,9402,message_data,9402,,
message_data,9403,message_data,9403,,
message_data,9404,message_data,9404,,
message_data,9405,message_data,9405,,
message_data,9406,message_data,9406,,
message_data,9407,message_data,9407,,
message_data,9408,message_data,9408,,
message_data,9409,message_data,9409,,
message_data,9410,message_data,9410,,
message_data,9411,message_data,9411,,
message_data,9412,message_data,9412,,
message_data,9413,message_data,9413,,
message_data,9414,message_data,9414,,
message_data,9415,message_data,9415,,
message_data,9416,message_data,9416,,
message_data,9417,message_data,9417,,
message_data,9418,message_data,9418,,
message_data,9419,message_data,9419,,
message_data,9420,message_data,9420,,
message_data,9421,message_data,9421,,
message_data,9422,message_data,9422,,
message_data,9423,message_data,9423,,
message_data,9424,message_data,9424,,
message_data,9425,message_data,9425,,
message_data,9426,message_data,9426,,
message_data,9427,message_data,9427,,
message_data,9428,message_data,9428,,
message_data,9429,message_data,9429,,
message_data,9430,message_data,9430,,
message_data,9431,message_data,9431,,
message_data,9432,message_data,9432,,
message_data,9433,message_data,9433,,
message_data,9434,message_data,9434,,
message_data,9435,message_data,9435,,
message_data,9436,message_data,9436,,
message_data,9437,message_data,9437,,
message_data,9438,message_data,9438,,
message_data,9439,message_data,9439,,
message_data,9440,message_data,9440,,
message_data,9441,message_data,9441,,
message_data,9442,message_data,9442,,
message_data,9443,message_data,9443,,
message_data,9444,message_data,9444,,
message_data,9445,message_data,9445,,
message_data,9446,message_data,9446,,
message_data,9447,message_data,9447,,
message_data,9448,message_data,9448,,
message_data,9449,message_data,9449,,
message_data,9450,message_data,9450,,
message_data,9451,message_data,9451,,
message_data,9452,message_data,5443,,
message_data,9453,message_data,5443,,
message_data,9454,message_data,5443,,
message_data,9455,message_data,5443,,
message_data,9456,message_data,5443,,
message_data,9457,message_data,9457,,
message_data,9458,message_data,9458,,
message_data,9459,message_data,9459,,
message_data,9460,message_data,9460,,
message_data,9461,message_data,9461,,
message_data,9462,message_data,9462,,
message_data,9463,message_data,9463,,
message_data,9464,message_data,9464,,
message_data,9465,message_data,9465,,
message_data,9466,message_data,9466,,
message_data,9467,message_data,9467,,
message_data,9468,message_data,9468,,
message_data,9469,message_data,9469,,
message_data,9470,message_data,9470,,
message_data,9471,message_data,9471,,
message_data,9472,message_data,9472,,
message_data,9473,message_data,9473,,
message_data,9474,message_data,9474,,
message_data,9475,message_data,9475,,
message_data,9476,message_data,9476,,
message_data,9477,message_data,9477,,
message_data,9478,message_data,9478,,
message_data,9479,message_data,9479,,
message_data,9480,message_data,9480,,
message_data,9481,message_data,9481,,
message_data,9482,message_data,9482,,
message_data,9483,message_data,9483,,
message_data,9484,message_data,9484,,
message_data,9485,message_data,9485,,
message_data,9486,message_data,9486,,
message_data,9487,message_data,9487,,
message_data,9488,message_data,9488,,
message_data,9489,message_data,9489,,
message_data,9490,message_data,9490,,
message_data,9491,message_data,9491,,
message_data,9492,message_data,9492,,
message_data,9493,message_data,9493,,
message_data,9494,message_data,9494,,
message_data,9495,message_data,9495,,
message_data,9496,message_data,9496,,
message_data,9497,message_data,9497,,
message_data,9498,message_data,9498,,
message_data,9499,message_data,9499,,
message_data,9500,message_data,9500,,
message_data,9501,message_data,9501,,
message_data,9502,message_data,9502,,
message_data,9503,message_data,9503,,
message_data,9504,message_data,9504,,
message_data,9505,message_data,9505,,
message_data,9506,message_data,9506,,
message_data,9507,message_data,9507,,
message_data,9508,message_data,9508,,
message_data,9509,message_data,9509,,
message_data,9510,message_data,9510,,
message_data,9511,message_data,9511,,
message_data,9512,message_data,9512,,
message_data,9513,message_data,9513,,
message_data,9514,message_data,9514,,
message_data,9515,message_data,9515,,
message_data,9516,,,,
message_data,9517,,,,
message_data,9518,message_data,9518,,
message_data,9519,message_data,9519,,
message_data,9520,message_data,9520,,
message_data,9521,message_data,9521,,
message_data,9522,message_data,9522,,
message_data,9523,message_data,9523,,
message_data,9524,message_data,9524,,
message_data,9525,message_data,9525,,
message_data,9526,message_data,9526,,
message_data,9527,message_data,9527,,
message_data,9528,message_data,9528,,
message_data,9529,message_data,9529,,
message_data,9530,message_data,9530,,
message_data,9531,message_data,9531,,
message_data,9532,message_data,9532,,
message_data,9533,message_data,9533,,
message_data,9534,message_data,9534,,
message_data,9535,message_data,9535,,
message_data,9536,message_data,9536,,
message_data,9537,message_data,9537,,
message_data,9538,message_data,9538,,
message_data,9539,message_data,9539,,
message_data,9540,message_data,9540,,
message_data,9541,message_data,9541,,
message_data,9542,message_data,9542,,
message_data,9543,message_data,9543,,
message_data,9544,message_data,9544,,
message_data,9545,message_data,9545,,
message_data,9546,message_data,9546,,
message_data,9547,message_data,9547,,
message_data,9548,message_data,9548,,
message_data,9549,message_data,9549,,
message_data,9550,message_data,9550,,
message_data,9551,message_data,9551,,
message_data,9552,message_data,9552,,
message_data,9553,message_data,9553,,
message_data,9554,message_data,9554,,
message_data,9555,message_data,9555,,
message_data,9556,message_data,9556,,
message_data,9557,message_data,9557,,
message_data,9558,message_data,9558,,
message_data,9559,message_data,9559,,
message_data,9560,message_data,9560,,
message_data,9561,message_data,9561,,
message_data,9562,message_data,9562,,
message_data,9563,message_data,9563,,
message_data,9564,message_data,9564,,
message_data,9565,message_data,9565,,
message_data,9566,message_data,9566,,
message_data,9567,message_data,9567,,
message_data,9568,message_data,9568,,
message_data,9569,message_data,9569,,
message_data,9570,message_data,9570,,
message_data,9571,message_data,9571,,
message_data,9572,message_data,9572,,
message_data,9573,message_data,9573,,
message_data,9574,message_data,9574,,
message_data,9575,message_data,9575,,
message_data,9576,message_data,9576,,
message_data,9577,message_data,9577,,
message_data,9578,message_data,9578,,
message_data,9579,message_data,9579,,
message_data,9580,message_data,9580,,
message_data,9581,message_data,9581,,
message_data,9582,message_data,9582,,
message_data,9583,message_data,9583,,
message_data,9584,message_data,9586,,
message_data,9585,message_data,9586,,
message_data,9586,message_data,9586,,
message_data,9587,message_data,9587,,
message_data,9588,message_data,9588,,
message_data,9589,message_data,9589,,
message_data,9590,message_data,9590,,
message_data,9591,message_data,9591,,
message_data,9592,message_data,9592,,
message_data,9593,message_data,9593,,
message_data,9594,message_data,9594,,
message_data,9595,message_data,9595,,
message_data,9596,message_data,9596,,
message_data,9597,message_data,9597,,
message_data,9598,message_data,9598,,
message_data,9599,message_data,9599,,
message_data,9600,message_data,9600,,
message_data,9601,message_data,9601,,
message_data,9602,message_data,9602,,
message_data,9603,message_data,9603,,
message_data,9604,message_data,9604,,
message_data,9605,message_data,9605,,
message_data,9606,message_data,9606,,
message_data,9607,message_data,9607,,
message_data,9608,message_data,9608,,
message_data,9609,message_data,9609,,
message_data,9610,message_data,9610,,
message_data,9611,message_data,9611,,
message_data,9612,message_data,9612,,
message_data,9613,message_data,9613,,
message_data,9614,message_data,9614,,
message_data,9615,message_data,9615,,
message_data,9616,message_data,9616,,
message_data,9617,message_data,9617,,
message_data,9618,message_data,9618,,
message_data,9619,message_data,9619,,
message_data,9620,message_data,9620,,
message_data,9621,message_data,9621,,
message_data,9622,message_data,9622,,
message_data,9623,message_data,9623,,
message_data,9624,message_data,9624,,
message_data,9625,message_data,9625,,
message_data,9626,message_data,9626,,
message_data,9627,message_data,9627,,
message_data,9628,message_data,9628,,
message_data,9629,message_data,9629,,
message_data,9630,message_data,9630,,
message_data,9631,message_data,9631,,
message_data,9632,message_data,9632,,
message_data,9633,message_data,9633,,
message_data,9634,message_data,9634,,
message_data,9635,message_data,9635,,
message_data,9636,message_data,9636,,
message_data,9637,message_data,9637,,
message_data,9638,message_data,9638,,
message_data,9639,message_data,9639,,
message_data,9640,message_data,9640,,
message_data,9641,message_data,9641,,
message_data,9642,message_data,9642,,
message_data,9643,message_data,9643,,
message_data,9644,message_data,9644,,
message_data,9645,message_data,9645,,
message_data,9646,message_data,9646,,
message_data,9647,message_data,9647,,
message_data,9648,message_data,9648,,
message_data,9649,message_data,9649,,
message_data,9650,message_data,9650,,
message_data,9651,message_data,9651,,
message_data,9652,message_data,9652,,
message_data,9653,message_data,9653,,
message_data,9654,message_data,9654,,
message_data,9655,message_data,9655,,
message_data,9656,message_data,9656,,
message_data,9657,message_data,9657,,
message_data,9658,message_data,9658,,
message_data,9659,message_data,9659,,
message_data,9660,message_data,9660,,
message_data,9661,message_data,9661,,
message_data,9662,message_data,9662,,
message_data,9663,message_data,9663,,
message_data,9664,message_data,9664,,
message_data,9665,message_data,9665,,
message_data,9666,message_data,9666,,
message_data,9667,message_data,9667,,
message_data,9668,message_data,9668,,
message_data,9669,message_data,9669,,
message_data,9670,message_data,9670,,
message_data,9671,message_data,9671,,
message_data,9672,message_data,9672,,
message_data,9673,message_data,9673,,
message_data,9674,message_data,9674,,
message_data,9675,message_data,9675,,
message_data,9676,message_data,9676,,
message_data,9677,message_data,9677,,
message_data,9678,message_data,9678,,
message_data,9679,message_data,9679,,
message_data,9680,message_data,9680,,
message_data,9681,message_data,9681,,
message_data,9682,message_data,9682,,
message_data,9683,message_data,9683,,
message_data,9684,message_data,9684,,
message_data,9685,message_data,9685,,
message_data,9686,message_data,9686,,
message_data,9687,message_data,9687,,
message_data,9688,message_data,9688,,
message_data,9689,message_data,9689,,
message_data,9690,message_data,9690,,
message_data,9691,message_data,9691,,
message_data,9692,message_data,9692,,
message_data,9693,message_data,9693,,
message_data,9694,message_data,9694,,
message_data,9695,message_data,9695,,
message_data,9696,message_data,9696,,
message_data,9697,message_data,9697,,
message_data,9698,message_data,9698,,
message_data,9699,message_data,9699,,
message_data,9700,message_data,9700,,
message_data,9701,message_data,9701,,
message_data,9702,message_data,9702,,
message_data,9703,message_data,9703,,
message_data,9704,message_data,9704,,
message_data,9705,message_data,9705,,
message_data,9706,message_data,9706,,
message_data,9707,message_data,9707,,
message_data,9708,message_data,9708,,
message_data,9709,message_data,9709,,
message_data,9710,message_data,9710,,
message_data,9711,message_data,9711,,
message_data,9712,message_data,9712,,
message_data,9713,message_data,9713,,
message_data,9714,message_data,9714,,
message_data,9715,message_data,9715,,
message_data,9716,message_data,9716,,
message_data,9717,message_data,9717,,
message_data,9718,message_data,9718,,
message_data,9719,message_data,9719,,
message_data,9720,message_data,9720,,
message_data,9721,message_data,9721,,
message_data,9722,message_data,9722,,
message_data,9723,message_data,9723,,
message_data,9724,message_data,9724,,
message_data,9725,message_data,9725,,
message_data,9726,message_data,9726,,
message_data,9727,message_data,9727,,
message_data,9728,message_data,9728,,
message_data,9729,message_data,9729,,
message_data,9730,message_data,9730,,
message_data,9731,message_data,9731,,
message_data,9732,message_data,9732,,
message_data,9733,message_data,9733,,
message_data,9734,message_data,9734,,
message_data,9735,message_data,9735,,
message_data,9736,message_data,9736,,
message_data,9737,message_data,9737,,
message_data,9738,message_data,9738,,
message_data,9739,message_data,9739,,
message_data,9740,message_data,9740,,
message_data,9741,message_data,9741,,
message_data,9742,message_data,9742,,
message_data,9743,message_data,9743,,
message_data,9744,message_data,9744,,
message_data,9745,message_data,9745,,
message_data,9746,message_data,9746,,
message_data,9747,message_data,9747,,
message_data,9748,message_data,9748,,
message_data,9749,message_data,9749,,
message_data,9750,message_data,9750,,
message_data,9751,message_data,9751,,
message_data,9752,message_data,9752,,
message_data,9753,message_data,9753,,
message_data,9754,message_data,9754,,
message_data,9755,message_data,9755,,
message_data,9756,message_data,9756,,
message_data,9757,message_data,9757,,
message_data,9758,message_data,9758,,
message_data,9759,message_data,9759,,
message_data,9760,message_data,9760,,
message_data,9761,message_data,9761,,
message_data,9762,message_data,9762,,
message_data,9763,message_data,9763,,
message_data,9764,message_data,9764,,
message_data,9765,message_data,9765,,
message_data,9766,message_data,9766,,
message_data,9767,message_data,9767,,
message_data,9768,message_data,9768,,
message_data,9769,message_data,9769,,
message_data,9770,message_data,9770,,
message_data,9771,message_data,9771,,
message_data,9772,message_data,9772,,
message_data,9773,message_data,9773,,
message_data,9774,message_data,9774,,
message_data,9775,message_data,9775,,
message_data,9776,message_data,9776,,
message_data,9777,message_data,9777,,
message_data,9778,message_data,9778,,
message_data,9779,message_data,9779,,
message_data,9780,message_data,9780,,
message_data,9781,message_data,9781,,
message_data,9782,message_data,9782,,
message_data,9783,message_data,9783,,
message_data,9784,message_data,9784,,
message_data,9785,message_data,9785,,
message_data,9786,message_data,9786,,
message_data,9787,message_data,9787,,
message_data,9788,,,,
message_data,9789,message_data,9789,,
message_data,9790,message_data,9790,,
message_data,9791,message_data,9791,,
message_data,9792,message_data,9792,,
message_data,9793,message_data,9793,,
message_data,9794,message_data,9794,,
message_data,9795,message_data,9795,,
message_data,9796,message_data,9796,,
message_data,9797,message_data,9797,,
message_data,9798,message_data,9798,,
message_data,9799,message_data,9799,,
message_data,9800,message_data,9800,,
message_data,9801,message_data,9801,,
message_data,9802,message_data,9802,,
message_data,9803,message_data,9803,,
message_data,9804,message_data,9804,,
message_data,9805,message_data,9805,,
message_data,9806,message_data,9806,,
message_data,9807,message_data,9807,,
message_data,9808,message_data,9808,,
message_data,9809,message_data,9809,,
message_data,9810,message_data,9810,,
message_data,9811,message_data,9811,,
message_data,9812,message_data,9812,,
message_data,9813,message_data,9813,,
message_data,9814,message_data,9814,,
message_data,9815,message_data,9815,,
message_data,9816,message_data,9816,,
message_data,9817,message_data,9817,,
message_data,9818,message_data,9818,,
message_data,9819,message_data,9819,,
message_data,9820,message_data,9820,,
message_data,9821,message_data,9821,,
message_data,9822,message_data,9822,,
message_data,9823,message_data,9823,,
message_data,9824,message_data,9824,,
message_data,9825,message_data,9825,,
message_data,9826,message_data,9826,,
message_data,9827,message_data,9827,,
message_data,9828,message_data,9828,,
message_data,9829,message_data,9829,,
message_data,9830,message_data,9830,,
message_data,9831,message_data,9831,,
message_data,9832,message_data,9832,,
message_data,9833,message_data,9833,,
message_data,9834,message_data,9834,,
message_data,9835,message_data,9835,,
message_data,9836,message_data,9836,,
message_data,9837,message_data,9837,,
message_data,9838,message_data,9838,,
message_data,9839,message_data,9839,,
message_data,9840,message_data,9840,,
message_data,9841,message_data,9841,,
message_data,9842,message_data,9842,,
message_data,9843,message_data,9843,,
message_data,9844,message_data,9844,,
message_data,9845,message_data,9845,,
message_data,9846,message_data,9846,,
message_data,9847,message_data,9847,,
message_data,9848,message_data,9848,,
message_data,9849,message_data,9849,,
message_data,9850,message_data,9850,,
message_data,9851,message_data,9851,,
message_data,9852,message_data,9852,,
message_data,9853,message_data,9853,,
message_data,9854,message_data,9854,,
message_data,9855,message_data,9855,,
message_data,9856,message_data,9856,,
message_data,9857,message_data,9857,,
message_data,9858,message_data,9858,,
message_data,9859,message_data,9859,,
message_data,9860,message_data,9860,,
message_data,9861,message_data,9861,,
message_data,9862,message_data,9862,,
message_data,9863,message_data,9863,,
message_data,9864,message_data,9864,,
message_data,9865,message_data,9865,,
message_data,9866,message_data,9866,,
message_data,9867,message_data,9867,,
message_data,9868,message_data,9868,,
message_data,9869,message_data,9869,,
message_data,9870,message_data,9870,,
message_data,9871,message_data,9871,,
message_data,9872,message_data,9872,,
message_data,9873,message_data,9873,,
message_data,9874,message_data,9874,,
message_data,9875,message_data,9875,,
message_data,9876,message_data,9876,,
message_data,9877,message_data,9877,,
message_data,9878,message_data,9878,,
message_data,9879,message_data,9879,,
message_data,9880,message_data,9880,,
message_data,9881,message_data,9881,,
message_data,9882,message_data,9882,,
message_data,9883,message_data,9883,,
message_data,9884,message_data,9884,,
message_data,9885,message_data,9885,,
message_data,9886,message_data,9886,,
message_data,9887,message_data,9887,,
message_data,9888,message_data,9888,,
message_data,9889,message_data,9889,,
message_data,9890,message_data,9890,,
message_data,9891,message_data,9891,,
message_data,9892,message_data,9892,,
message_data,9893,message_data,9893,,
message_data,9894,message_data,9894,,
message_data,9895,message_data,9895,,
message_data,9896,message_data,9896,,
message_data,9897,message_data,9897,,
message_data,9898,message_data,9898,,
message_data,9899,message_data,9899,,
message_data,9900,message_data,9900,,
message_data,9901,message_data,9901,,
message_data,9902,message_data,9902,,
message_data,9903,message_data,9903,,
message_data,9904,message_data,9904,,
message_data,9905,message_data,9905,,
message_data,9906,message_data,9906,,
message_data,9907,message_data,9907,,
message_data,9908,message_data,9908,,
message_data,9909,message_data,9909,,
message_data,9910,message_data,9910,,
message_data,9911,message_data,9911,,
message_data,9912,message_data,9912,,
message_data,9913,message_data,9913,,
message_data,9914,message_data,9914,,
message_data,9915,message_data,9915,,
message_data,9916,message_data,9916,,
message_data,9917,message_data,9917,,
message_data,9918,message_data,9918,,
message_data,9919,message_data,9919,,
message_data,9920,message_data,9920,,
message_data,9921,message_data,9921,,
message_data,9922,message_data,9922,,
message_data,9923,message_data,9923,,
message_data,9924,message_data,9924,,
message_data,9925,message_data,9925,,
message_data,9926,message_data,9926,,
message_data,9927,message_data,9927,,
message_data,9928,message_data,9928,,
message_data,9929,message_data,9929,,
message_data,9930,message_data,9930,,
message_data,9931,message_data,9931,,
message_data,9932,message_data,9932,,
message_data,9933,message_data,9933,,
message_data,9934,message_data,9934,,
message_data,9935,message_data,9935,,
message_data,9936,message_data,9936,,
message_data,9937,message_data,9937,,
message_data,9938,message_data,9938,,
message_data,9939,message_data,9939,,
message_data,9940,message_data,9940,,
message_data,9941,message_data,9941,,
message_data,9942,message_data,9942,,
message_data,9943,message_data,9943,,
message_data,9944,message_data,9944,,
message_data,9945,message_data,9945,,
message_data,9946,message_data,9946,,
message_data,9947,message_data,9947,,
message_data,9948,message_data,9948,,
message_data,9949,message_data,9949,,
message_data,9950,message_data,9950,,
message_data,9951,message_data,9951,,
message_data,9952,message_data,9952,,
message_data,9953,message_data,9953,,
message_data,9954,message_data,9954,,
message_data,9955,message_data,9955,,
message_data,9956,message_data,9956,,
message_data,9957,message_data,9957,,
message_data,9958,message_data,9958,,
message_data,9959,message_data,9959,,
message_data,9960,message_data,9960,,
message_data,9961,message_data,9961,,
message_data,9962,message_data,9962,,
message_data,9963,message_data,9963,,
message_data,9964,message_data,9964,,
message_data,9965,message_data,9965,,
message_data,9966,message_data,9966,,
message_data,9967,message_data,9967,,
message_data,9968,message_data,9968,,
message_data,9969,message_data,9969,,
message_data,9970,message_data,9970,,
message_data,9971,message_data,9971,,
message_data,9972,message_data,9972,,
message_data,9973,message_data,9973,,
message_data,9974,message_data,9974,,
message_data,9975,message_data,9975,,
message_data,9976,message_data,9976,,
message_data,9977,message_data,9977,,
message_data,9978,message_data,9978,,
message_data,9979,message_data,9979,,
message_data,9980,message_data,9980,,
message_data,9981,message_data,9981,,
message_data,9982,message_data,9982,,
message_data,9983,message_data,9983,,
message_data,9984,message_data,9984,,
message_data,9985,message_data,9985,,
message_data,9986,message_data,9986,,
message_data,9987,message_data,9987,,
message_data,9988,message_data,9988,,
message_data,9989,message_data,9989,,
message_data,9990,message_data,9990,,
message_data,9991,message_data,9991,,
message_data,9992,message_data,9992,,
message_data,9993,message_data,9993,,
message_data,9994,message_data,9994,,
message_data,9995,message_data,9995,,
message_data,9996,message_data,9996,,
message_data,9997,message_data,9997,,
message_data,9998,message_data,9998,,
message_data,9999,message_data,9999,,
message_data,10000,message_data,10000,,
message_data,10001,message_data,10001,,
message_data,10002,message_data,10002,,
message_data,10003,message_data,10003,,
message_data,10004,message_data,10004,,
message_data,10005,message_data,10005,,
message_data,10006,message_data,10006,,
message_data,10007,message_data,10007,,
message_data,10008,message_data,10008,,
message_data,10009,message_data,10009,,
message_data,10010,message_data,10010,,
message_data,10011,message_data,10011,,
message_data,10012,message_data,10012,,
message_data,10013,message_data,10013,,
message_data,10014,message_data,10014,,
message_data,10015,message_data,10015,,
message_data,10016,message_data,10016,,
message_data,10017,message_data,10017,,
message_data,10018,message_data,10018,,
message_data,10019,message_data,10019,,
message_data,10020,message_data,10020,,
message_data,10021,message_data,10021,,
message_data,10022,message_data,10022,,
message_data,10023,message_data,10023,,
message_data,10024,message_data,10024,,
message_data,10025,message_data,10025,,
message_data,10026,message_data,10026,,
message_data,10027,message_data,10027,,
message_data,10028,message_data,10028,,
message_data,10029,message_data,10029,,
message_data,10030,message_data,10030,,
message_data,10031,message_data,10031,,
message_data,10032,message_data,10032,,
message_data,10033,message_data,10033,,
message_data,10034,message_data,10034,,
message_data,10035,message_data,10035,,
message_data,10036,message_data,10036,,
message_data,10037,message_data,10037,,
message_data,10038,message_data,10038,,
message_data,10039,message_data,10039,,
message_data,10040,message_data,10040,,
message_data,10041,message_data,10041,,
message_data,10042,message_data,10042,,
message_data,10043,message_data,10043,,
message_data,10044,message_data,10044,,
message_data,10045,message_data,10045,,
message_data,10046,message_data,10046,,
message_data,10047,message_data,10047,,
message_data,10048,message_data,10048,,
message_data,10049,message_data,10049,,
message_data,10050,message_data,10050,,
message_data,10051,message_data,10051,,
message_data,10052,message_data,10052,,
message_data,10053,message_data,10053,,
message_data,10054,message_data,10054,,
message_data,10055,message_data,10055,,
message_data,10056,message_data,10056,,
message_data,10057,message_data,10057,,
message_data,10058,message_data,10058,,
message_data,10059,message_data,10059,,
message_data,10060,message_data,10060,,
message_data,10061,message_data,10061,,
message_data,10062,message_data,10062,,
message_data,10063,message_data,10063,,
message_data,10064,message_data,10064,,
message_data,10065,message_data,10065,,
message_data,10066,message_data,10066,,
message_data,10067,message_data,10067,,
message_data,10068,message_data,10068,,
message_data,10069,message_data,10069,,
message_data,10070,message_data,10070,,
message_data,10071,message_data,10071,,
message_data,10072,message_data,10072,,
message_data,10073,message_data,10073,,
message_data,10074,message_data,10074,,
message_data,10075,message_data,10075,,
message_data,10076,message_data,10076,,
message_data,10077,message_data,10077,,
message_data,10078,message_data,10078,,
message_data,10079,message_data,10079,,
message_data,10080,message_data,10080,,
message_data,10081,message_data,10081,,
message_data,10082,message_data,10082,,
message_data,10083,message_data,10083,,
message_data,10084,message_data,10084,,
message_data,10085,message_data,10085,,
message_data,10086,message_data,10086,,
message_data,10087,message_data,10087,,
message_data,10088,message_data,10088,,
message_data,10089,message_data,10089,,
message_data,10090,message_data,10090,,
message_data,10091,message_data,10091,,
message_data,10092,message_data,10092,,
message_data,10093,message_data,10093,,
message_data,10094,message_data,10094,,
message_data,10095,message_data,10095,,
message_data,10096,message_data,10096,,
message_data,10097,message_data,10097,,
message_data,10098,message_data,10098,,
message_data,10099,message_data,10099,,
message_data,10100,message_data,10100,,
message_data,10101,message_data,10101,,
message_data,10102,message_data,10102,,
message_data,10103,message_data,10103,,
message_data,10104,message_data,10104,,
message_data,10105,message_data,10105,,
message_data,10106,message_data,10106,,
message_data,10107,message_data,10107,,
message_data,10108,message_data,10108,,
message_data,10109,message_data,10109,,
message_data,10110,message_data,10110,,
message_data,10111,message_data,10111,,
message_data,10112,message_data,10112,,
message_data,10113,message_data,10113,,
message_data,10114,message_data,10114,,
message_data,10115,message_data,10115,,
message_data,10116,message_data,10116,,
message_data,10117,message_data,10117,,
message_data,10118,message_data,10118,,
message_data,10119,message_data,10119,,
message_data,10120,message_data,10120,,
message_data,10121,message_data,10121,,
message_data,10122,message_data,10122,,
message_data,10123,message_data,10123,,
message_data,10124,message_data,10124,,
message_data,10125,message_data,10125,,
message_data,10126,message_data,10126,,
message_data,10127,message_data,10127,,
message_data,10128,message_data,10128,,
message_data,10129,message_data,10129,,
message_data,10130,message_data,10130,,
message_data,10131,message_data,10131,,
message_data,10132,message_data,10132,,
message_data,10133,message_data,10133,,
message_data,10134,message_data,10134,,
message_data,10135,message_data,10135,,
message_data,10136,message_data,10136,,
message_data,10137,message_data,10137,,
message_data,10138,message_data,10138,,
message_data,10139,message_data,10139,,
message_data,10140,message_data,10140,,
message_data,10141,message_data,10141,,
message_data,10142,message_data,10142,,
message_data,10143,message_data,10143,,
message_data,10144,message_data,10144,,
message_data,10145,message_data,10145,,
message_data,10146,message_data,10146,,
message_data,10147,message_data,10147,,
message_data,10148,message_data,10148,,
message_data,10149,message_data,10149,,
message_data,10150,message_data,10150,,
message_data,10151,message_data,10151,,
message_data,10152,message_data,10152,,
message_data,10153,message_data,10153,,
message_data,10154,message_data,10154,,
message_data,10155,message_data,10155,,
message_data,10156,message_data,10156,,
message_data,10157,message_data,10157,,
message_data,10158,message_data,10158,,
message_data,10159,message_data,10159,,
message_data,10160,message_data,10160,,
message_data,10161,message_data,10161,,
message_data,10162,message_data,10162,,
message_data,10163,message_data,10163,,
message_data,10164,message_data,10164,,
message_data,10165,message_data,10165,,
message_data,10166,message_data,10166,,
message_data,10167,message_data,10167,,
message_data,10168,message_data,10168,,
message_data,10169,message_data,10169,,
message_data,10170,message_data,10170,,
message_data,10171,message_data,10171,,
message_data,10172,message_data,10172,,
message_data,10173,message_data,10173,,
message_data,10174,message_data,10174,,
message_data,10175,message_data,10175,,
message_data,10176,message_data,10176,,
message_data,10177,message_data,10177,,
message_data,10178,message_data,10178,,
message_data,10179,message_data,10179,,
message_data,10180,message_data,10180,,
message_data,10181,message_data,10181,,
message_data,10182,message_data,10182,,
message_data,10183,message_data,10183,,
message_data,10184,message_data,10184,,
message_data,10185,message_data,10185,,
message_data,10186,message_data,10186,,
message_data,10187,message_data,10187,,
message_data,10188,message_data,10188,,
message_data,10189,message_data,10189,,
message_data,10190,message_data,10190,,
message_data,10191,message_data,10191,,
message_data,10192,message_data,10192,,
message_data,10193,message_data,10193,,
message_data,10194,message_data,10194,,
message_data,10195,message_data,10195,,
message_data,10196,message_data,10196,,
message_data,10197,message_data,10197,,
message_data,10198,message_data,10198,,
message_data,10199,message_data,10199,,
message_data,10200,message_data,10200,,
message_data,10201,message_data,10201,,
message_data,10202,message_data,10202,,
message_data,10203,message_data,10203,,
message_data,10204,message_data,10204,,
message_data,10205,message_data,10205,,
message_data,10206,message_data,10206,,
message_data,10207,message_data,10207,,
message_data,10208,message_data,10208,,
message_data,10209,message_data,10209,,
message_data,10210,message_data,10210,,
message_data,10211,message_data,10211,,
message_data,10212,message_data,10212,,
message_data,10213,message_data,10213,,
message_data,10214,message_data,10214,,
message_data,10215,message_data,10215,,
message_data,10216,message_data,10216,,
message_data,10217,message_data,10217,,
message_data,10218,message_data,10218,,
message_data,10219,message_data,10219,,
message_data,10220,message_data,10220,,
message_data,10221,message_data,10221,,
message_data,10222,message_data,10222,,
message_data,10223,message_data,10223,,
message_data,10224,message_data,10224,,
message_data,10225,message_data,10225,,
message_data,10226,message_data,10226,,
message_data,10227,message_data,10227,,
message_data,10228,message_data,10228,,
message_data,10229,message_data,10229,,
message_data,10230,message_data,10230,,
message_data,10231,message_data,10231,,
message_data,10232,message_data,10232,,
message_data,10233,message_data,10233,,
message_data,10234,message_data,10234,,
message_data,10235,message_data,10235,,
message_data,10236,message_data,10236,,
message_data,10237,message_data,10237,,
message_data,10238,message_data,10238,,
message_data,10239,message_data,10239,,
message_data,10240,message_data,10240,,
message_data,10241,message_data,10241,,
message_data,10242,message_data,10242,,
message_data,10243,message_data,10243,,
message_data,10244,message_data,10244,,
message_data,10245,message_data,10245,,
message_data,10246,message_data,10246,,
message_data,10247,message_data,10247,,
message_data,10248,message_data,10248,,
message_data,10249,message_data,10249,,
message_data,10250,message_data,10250,,
message_data,10251,message_data,10251,,
message_data,10252,message_data,10252,,
message_data,10253,message_data,10253,,
message_data,10254,message_data,10254,,
message_data,10255,message_data,10255,,
message_data,10256,message_data,10256,,
message_data,10257,message_data,10257,,
message_data,10258,message_data,10258,,
message_data,10259,message_data,10259,,
message_data,10260,message_data,10260,,
message_data,10261,message_data,10261,,
message_data,10262,message_data,10262,,
message_data,10263,message_data,10263,,
message_data,10264,message_data,10264,,
message_data,10265,message_data,10265,,
message_data,10266,message_data,10266,,
message_data,10267,message_data,10267,,
message_data,10268,message_data,10268,,
message_data,10269,message_data,10269,,
message_data,10270,message_data,10270,,
message_data,10271,message_data,10271,,
message_data,10272,message_data,10272,,
message_data,10273,message_data,10273,,
message_data,10274,message_data,10274,,
message_data,10275,message_data,10275,,
message_data,10276,message_data,10276,,
message_data,10277,message_data,10277,,
message_data,10278,message_data,10278,,
message_data,10279,message_data,10279,,
message_data,10280,message_data,10280,,
message_data,10281,message_data,10281,,
message_data,10282,message_data,10282,,
message_data,10283,message_data,10283,,
message_data,10284,message_data,10284,,
message_data,10285,message_data,10285,,
message_data,10286,message_data,10286,,
message_data,10287,message_data,10287,,
message_data,10288,message_data,10288,,
message_data,10289,message_data,10289,,
message_data,10290,message_data,10290,,
message_data,10291,message_data,10291,,
message_data,10292,message_data,10292,,
message_data,10293,message_data,10293,,
message_data,10294,message_data,10294,,
message_data,10295,message_data,10295,,
message_data,10296,message_data,10296,,
message_data,10297,message_data,10297,,
message_data,10298,message_data,10298,,
message_data,10299,message_data,10299,,
message_data,10300,message_data,10300,,
message_data,10301,message_data,10301,,
message_data,10302,message_data,10302,,
message_data,10303,message_data,10303,,
message_data,10304,message_data,10304,,
message_data,10305,message_data,10305,,
message_data,10306,message_data,10306,,
message_data,10307,message_data,10307,,
message_data,10308,message_data,10308,,
message_data,10309,message_data,10309,,
message_data,10310,message_data,10310,,
message_data,10311,message_data,10311,,
message_data,10312,message_data,10312,,
message_data,10313,message_data,10313,,
message_data,10314,message_data,10314,,
message_data,10315,message_data,10315,,
message_data,10316,message_data,10316,,
message_data,10317,message_data,10317,,
message_data,10318,message_data,10318,,
message_data,10319,message_data,10319,,
message_data,10320,message_data,10320,,
message_data,10321,message_data,10321,,
message_data,10322,message_data,10322,,
message_data,10323,message_data,10323,,
message_data,10324,message_data,10324,,
message_data,10325,message_data,10325,,
message_data,10326,message_data,10326,,
message_data,10327,message_data,10327,,
message_data,10328,message_data,10328,,
message_data,10329,message_data,10329,,
message_data,10330,,,,
message_data,10331,message_data,10331,,
message_data,10332,message_data,10332,,
message_data,10333,message_data,10333,,
message_data,10334,message_data,10334,,
message_data,10335,message_data,10335,,
message_data,10336,message_data,10336,,
message_data,10337,message_data,10337,,
message_data,10338,message_data,10338,,
message_data,10339,message_data,10339,,
message_data,10340,message_data,10340,,
message_data,10341,message_data,10343,,
message_data,10342,message_data,10343,,
message_data,10343,message_data,10343,,
message_data,10344,message_data,10344,,
message_data,10345,message_data,10345,,
message_data,10346,message_data,10346,,
message_data,10347,message_data,10347,,
message_data,10348,message_data,10348,,
message_data,10349,message_data,10349,,
message_data,10350,message_data,10350,,
message_data,10351,message_data,10351,,
message_data,10352,message_data,10352,,
message_data,10353,message_data,10353,,
message_data,10354,message_data,10354,,
message_data,10355,message_data,10355,,
message_data,10356,message_data,10356,,
message_data,10357,message_data,10357,,
message_data,10358,message_data,10358,,
message_data,10359,message_data,10359,,
message_data,10360,message_data,10360,,
message_data,10361,message_data,10361,,
message_data,10362,message_data,10362,,
message_data,10363,message_data,10363,,
message_data,10364,message_data,10364,,
message_data,10365,message_data,10365,,
message_data,10366,message_data,10366,,
message_data,10367,message_data,10367,,
message_data,10368,message_data,10368,,
message_data,10369,message_data,10369,,
message_data,10370,message_data,10370,,
message_data,10371,message_data,10371,,
message_data,10372,message_data,10372,,
message_data,10373,message_data,10373,,
message_data,10374,message_data,10374,,
message_data,10375,message_data,10375,,
message_data,10376,message_data,10376,,
message_data,10377,message_data,10377,,
message_data,10378,message_data,10378,,
message_data,10379,message_data,10379,,
message_data,10380,message_data,10380,,
message_data,10381,message_data,10381,,
message_data,10382,message_data,10382,,
message_data,10383,message_data,10383,,
message_data,10384,message_data,10384,,
message_data,10385,message_data,10385,,
message_data,10386,message_data,10386,,
message_data,10387,message_data,10387,,
message_data,10388,message_data,10388,,
message_data,10389,message_data,10389,,
message_data,10390,message_data,10390,,
message_data,10391,message_data,10391,,
message_data,10392,message_data,10392,,
message_data,10393,message_data,10393,,
message_data,10394,message_data,10394,,
message_data,10395,message_data,10395,,
message_data,10396,message_data,10396,,
message_data,10397,message_data,10397,,
message_data,10398,message_data,10398,,
message_data,10399,message_data,10399,,
message_data,10400,message_data,10400,,
message_data,10401,message_data,10401,,
message_data,10402,message_data,10402,,
message_data,10403,message_data,10403,,
message_data,10404,message_data,10404,,
message_data,10405,message_data,10405,,
message_data,10406,message_data,10406,,
message_data,10407,message_data,10407,,
message_data,10408,message_data,10408,,
message_data,10409,message_data,10409,,
message_data,10410,message_data,10410,,
message_data,10411,message_data,10411,,
message_data,10412,message_data,10412,,
message_data,10413,message_data,10413,,
message_data,10414,message_data,10414,,
message_data,10415,message_data,10415,,
message_data,10416,message_data,10416,,
message_data,10417,message_data,10417,,
message_data,10418,message_data,10418,,
message_data,10419,message_data,10419,,
message_data,10420,message_data,10420,,
message_data,10421,message_data,10421,,
message_data,10422,message_data,10422,,
message_data,10423,message_data,10423,,
message_data,10424,message_data,10424,,
message_data,10425,message_data,10425,,
message_data,10426,message_data,10426,,
message_data,10427,message_data,10427,,
message_data,10428,message_data,10428,,
message_data,10429,message_data,10429,,
message_data,10430,message_data,10430,,
message_data,10431,message_data,10431,,
message_data,10432,message_data,10432,,
message_data,10433,message_data,10433,,
message_data,10434,message_data,10434,,
message_data,10435,message_data,10435,,
message_data,10436,message_data,10436,,
message_data,10437,message_data,10437,,
message_data,10438,message_data,10438,,
message_data,10439,message_data,10438,,
message_data,10440,message_data,10438,,
message_data,10441,message_data,10441,,
message_data,10442,message_data,10442,,
message_data,10443,message_data,10443,,
message_data,10444,message_data,10444,,
message_data,10445,message_data,10445,,
message_data,10446,message_data,10446,,
message_data,10447,message_data,10447,,
message_data,10448,message_data,10448,,
message_data,10449,message_data,10449,,
message_data,10450,message_data,10450,,
message_data,10451,message_data,10451,,
message_data,10452,message_data,10452,,
message_data,10453,message_data,10453,,
message_data,10454,message_data,10454,,
message_data,10455,message_data,10455,,
message_data,10456,message_data,10456,,
message_data,10457,message_data,10457,,
message_data,10458,message_data,10458,,
message_data,10459,message_data,10459,,
message_data,10460,message_data,10460,,
message_data,10461,message_data,10461,,
message_data,10462,message_data,10462,,
message_data,10463,message_data,10463,,
message_data,10464,message_data,10464,,
message_data,10465,message_data,10465,,
message_data,10466,message_data,10466,,
message_data,10467,message_data,10467,,
message_data,10468,message_data,10468,,
message_data,10469,message_data,10469,,
message_data,10470,message_data,10470,,
message_data,10471,message_data,10471,,
message_data,10472,message_data,10472,,
message_data,10473,message_data,10473,,
message_data,10474,message_data,10474,,
message_data,10475,message_data,10475,,
message_data,10476,message_data,10476,,
message_data,10477,message_data,10477,,
message_data,10478,message_data,10478,,
message_data,10479,message_data,10479,,
message_data,10480,message_data,10480,,
message_data,10481,message_data,10481,,
message_data,10482,message_data,10482,,
message_data,10483,message_data,10483,,
message_data,10484,message_data,10484,,
message_data,10485,message_data,10485,,
message_data,10486,message_data,10486,,
message_data,10487,message_data,10487,,
message_data,10488,message_data,10488,,
message_data,10489,message_data,10489,,
message_data,10490,message_data,10490,,
message_data,10491,message_data,10491,,
message_data,10492,message_data,10492,,
message_data,10493,message_data,10493,,
message_data,10494,message_data,10494,,
message_data,10495,message_data,10495,,
message_data,10496,message_data,10496,,
message_data,10497,message_data,10497,,
message_data,10498,message_data,10498,,
message_data,10499,message_data,10499,,
message_data,10500,message_data,10500,,
message_data,10501,message_data,10501,,
message_data,10502,message_data,10502,,
message_data,10503,message_data,10503,,
message_data,10504,message_data,10504,,
message_data,10505,message_data,10505,,
message_data,10506,message_data,10506,,
message_data,10507,message_data,10507,,
message_data,10508,message_data,10508,,
message_data,10509,message_data,10509,,
message_data,10510,message_data,10510,,
message_data,10511,message_data,10511,,
message_data,10512,message_data,10512,,
message_data,10513,message_data,10513,,
message_data,10514,message_data,10514,,
message_data,10515,message_data,10515,,
message_data,10516,message_data,10516,,
message_data,10517,message_data,10517,,
message_data,10518,message_data,10518,,
message_data,10519,message_data,10519,,
message_data,10520,message_data,10520,,
message_data,10521,message_data,10521,,
message_data,10522,message_data,10522,,
message_data,10523,message_data,10523,,
message_data,10524,message_data,10524,,
message_data,10525,message_data,10525,,
message_data,10526,message_data,10526,,
message_data,10527,message_data,10527,,
message_data,10528,message_data,10528,,
message_data,10529,message_data,10529,,
message_data,10530,message_data,10530,,
message_data,10531,message_data,10531,,
message_data,10532,message_data,10532,,
message_data,10533,message_data,10533,,
message_data,10534,message_data,10534,,
message_data,10535,message_data,10535,,
message_data,10536,message_data,10536,,
message_data,10537,message_data,10537,,
message_data,10538,message_data,10538,,
message_data,10539,message_data,10539,,
message_data,10540,message_data,10540,,
message_data,10541,message_data,10541,,
message_data,10542,message_data,10542,,
message_data,10543,message_data,10543,,
message_data,10544,message_data,10544,,
message_data,10545,message_data,10545,,
message_data,10546,message_data,10546,,
message_data,10547,message_data,10547,,
message_data,10548,message_data,10548,,
message_data,10549,message_data,10549,,
message_data,10550,message_data,10550,,
message_data,10551,message_data,10551,,
message_data,10552,message_data,10552,,
message_data,10553,message_data,10553,,
message_data,10554,message_data,10554,,
message_data,10555,message_data,10555,,
message_data,10556,message_data,10556,,
message_data,10557,message_data,10557,,
message_data,10558,message_data,10558,,
message_data,10559,message_data,10559,,
message_data,10560,message_data,10560,,
message_data,10561,message_data,10561,,
message_data,10562,message_data,10562,,
message_data,10563,message_data,10563,,
message_data,10564,message_data,10564,,
message_data,10565,message_data,10565,,
message_data,10566,message_data,10566,,
message_data,10567,message_data,10567,,
message_data,10568,message_data,10568,,
message_data,10569,message_data,10569,,
message_data,10570,message_data,10570,,
message_data,10571,message_data,10571,,
message_data,10572,message_data,10572,,
message_data,10573,message_data,10573,,
message_data,10574,message_data,10574,,
message_data,10575,message_data,10575,,
message_data,10576,message_data,10576,,
message_data,10577,message_data,10577,,
message_data,10578,message_data,10578,,
message_data,10579,message_data,10579,,
message_data,10580,message_data,10580,,
message_data,10581,message_data,10581,,
message_data,10582,message_data,10582,,
message_data,10583,message_data,10583,,
message_data,10584,message_data,10584,,
message_data,10585,message_data,10585,,
message_data,10586,message_data,10586,,
message_data,10587,message_data,10587,,
message_data,10588,message_data,10588,,
message_data,10589,message_data,10589,,
message_data,10590,message_data,10590,,
message_data,10591,message_data,10591,,
message_data,10592,message_data,10592,,
message_data,10593,message_data,10593,,
message_data,10594,message_data,10594,,
message_data,10595,message_data,10595,,
message_data,10596,message_data,10596,,
message_data,10597,message_data,10597,,
message_data,10598,message_data,10598,,
message_data,10599,message_data,10599,,
message_data,10600,message_data,10600,,
message_data,10601,message_data,10601,,
message_data,10602,message_data,10602,,
message_data,10603,message_data,10603,,
message_data,10604,message_data,10604,,
message_data,10605,message_data,10605,,
message_data,10606,message_data,10606,,
message_data,10607,message_data,10607,,
message_data,10608,message_data,10608,,
message_data,10609,message_data,10609,,
message_data,10610,message_data,10610,,
message_data,10611,message_data,10611,,
message_data,10612,message_data,10612,,
message_data,10613,message_data,10613,,
message_data,10614,message_data,10614,,
message_data,10615,message_data,10615,,
message_data,10616,message_data,10616,,
message_data,10617,message_data,10617,,
message_data,10618,message_data,10618,,
message_data,10619,message_data,10619,,
message_data,10620,message_data,10620,,
message_data,10621,message_data,10621,,
message_data,10622,message_data,10622,,
message_data,10623,message_data,10623,,
message_data,10624,message_data,10624,,
message_data,10625,message_data,10625,,
message_data,10626,message_data,10626,,
message_data,10627,message_data,10627,,
message_data,10628,message_data,10628,,
message_data,10629,message_data,10629,,
message_data,10630,message_data,10630,,
message_data,10631,message_data,10631,,
message_data,10632,message_data,10632,,
message_data,10633,message_data,10633,,
message_data,10634,message_data,10634,,
message_data,10635,message_data,10635,,
message_data,10636,message_data,10636,,
message_data,10637,message_data,10637,,
message_data,10638,message_data,10638,,
message_data,10639,message_data,10639,,
message_data,10640,message_data,10640,,
message_data,10641,message_data,10641,,
message_data,10642,message_data,10642,,
message_data,10643,message_data,10643,,
message_data,10644,message_data,10644,,
message_data,10645,message_data,10645,,
message_data,10646,message_data,10646,,
message_data,10647,message_data,10647,,
message_data,10648,message_data,10648,,
message_data,10649,message_data,10649,,
message_data,10650,message_data,10650,,
message_data,10651,message_data,10651,,
message_data,10652,message_data,10652,,
message_data,10653,message_data,10653,,
message_data,10654,message_data,10654,,
message_data,10655,message_data,10655,,
message_data,10656,message_data,10656,,
message_data,10657,message_data,10657,,
message_data,10658,message_data,10658,,
message_data,10659,message_data,10659,,
message_data,10660,message_data,10660,,
message_data,10661,message_data,10661,,
message_data,10662,message_data,10662,,
message_data,10663,message_data,10663,,
message_data,10664,message_data,10664,,
message_data,10665,message_data,10665,,
message_data,10666,message_data,10666,,
message_data,10667,message_data,10667,,
message_data,10668,message_data,10668,,
message_data,10669,message_data,10669,,
message_data,10670,message_data,10670,,
message_data,10671,message_data,10671,,
message_data,10672,message_data,10672,,
message_data,10673,message_data,10673,,
message_data,10674,message_data,10674,,
message_data,10675,message_data,10675,,
message_data,10676,message_data,10676,,
message_data,10677,message_data,10677,,
message_data,10678,message_data,10678,,
message_data,10679,message_data,10679,,
message_data,10680,message_data,10680,,
message_data,10681,message_data,10681,,
message_data,10682,message_data,10682,,
message_data,10683,message_data,10683,,
message_data,10684,message_data,10684,,
message_data,10685,message_data,10685,,
message_data,10686,message_data,10686,,
message_data,10687,message_data,10687,,
message_data,10688,message_data,10688,,
message_data,10689,message_data,10689,,
message_data,10690,message_data,10690,,
message_data,10691,message_data,10691,,
message_data,10692,message_data,10692,,
message_data,10693,message_data,10693,,
message_data,10694,message_data,10694,,
message_data,10695,message_data,10695,,
message_data,10696,message_data,10696,,
message_data,10697,message_data,10697,,
message_data,10698,message_data,10698,,
message_data,10699,message_data,10699,,
message_data,10700,message_data,10700,,
message_data,10701,message_data,10701,,
message_data,10702,message_data,10702,,
message_data,10703,message_data,10703,,
message_data,10704,message_data,10704,,
message_data,10705,message_data,10705,,
message_data,10706,message_data,10706,,
message_data,10707,message_data,10707,,
message_data,10708,message_data,10708,,
message_data,10709,message_data,10709,,
message_data,10710,message_data,10710,,
message_data,10711,message_data,10711,,
message_data,10712,message_data,10712,,
message_data,10713,message_data,10713,,
message_data,10714,message_data,10714,,
message_data,10715,message_data,10715,,
message_data,10716,message_data,10716,,
message_data,10717,message_data,10717,,
message_data,10718,message_data,10718,,
message_data,10719,message_data,10719,,
message_data,10720,message_data,10720,,
message_data,10721,message_data,10721,,
message_data,10722,message_data,10722,,
message_data,10723,message_data,10723,,
message_data,10724,message_data,10724,,
message_data,10725,message_data,10725,,
message_data,10726,message_data,10726,,
message_data,10727,message_data,10727,,
message_data,10728,message_data,10728,,
message_data,10729,message_data,10729,,
message_data,10730,message_data,10730,,
message_data,10731,message_data,10731,,
message_data,10732,message_data,10732,,
message_data,10733,message_data,10733,,
message_data,10734,message_data,10734,,
message_data,10735,message_data,10735,,
message_data,10736,message_data,10736,,
message_data,10737,message_data,10737,,
message_data,10738,message_data,10738,,
message_data,10739,message_data,10739,,
message_data,10740,message_data,10740,,
message_data,10741,message_data,10741,,
message_data,10742,message_data,10742,,
message_data,10743,message_data,10743,,
message_data,10744,message_data,10744,,
message_data,10745,message_data,10745,,
message_data,10746,message_data,10746,,
message_data,10747,message_data,10747,,
message_data,10748,message_data,10748,,
message_data,10749,message_data,10749,,
message_data,10750,message_data,10750,,
message_data,10751,message_data,10751,,
message_data,10752,message_data,10752,,
message_data,10753,message_data,10753,,
message_data,10754,message_data,10754,,
message_data,10755,message_data,10755,,
message_data,10756,message_data,10756,,
message_data,10757,message_data,10757,,
message_data,10758,message_data,10758,,
message_data,10759,message_data,10759,,
message_data,10760,message_data,10760,,
message_data,10761,message_data,10761,,
message_data,10762,message_data,10762,,
message_data,10763,message_data,10763,,
message_data,10764,message_data,10764,,
message_data,10765,message_data,10765,,
message_data,10766,message_data,10766,,
message_data,10767,message_data,10767,,
message_data,10768,message_data,10768,,
message_data,10769,message_data,10769,,
message_data,10770,message_data,10770,,
message_data,10771,message_data,10771,,
message_data,10772,message_data,10772,,
message_data,10773,message_data,10773,,
message_data,10774,message_data,10774,,
message_data,10775,message_data,10775,,
message_data,10776,message_data,10776,,
message_data,10777,message_data,10777,,
message_data,10778,message_data,10778,,
message_data,10779,message_data,10779,,
message_data,10780,message_data,10780,,
message_data,10781,message_data,10781,,
message_data,10782,message_data,10782,,
message_data,10783,message_data,10783,,
message_data,10784,message_data,10784,,
message_data,10785,message_data,10785,,
message_data,10786,message_data,10786,,
message_data,10787,message_data,10787,,
message_data,10788,message_data,10788,,
message_data,10789,message_data,10789,,
message_data,10790,message_data,10790,,
message_data,10791,message_data,10791,,
message_data,10792,message_data,10792,,
message_data,10793,message_data,10793,,
message_data,10794,message_data,10794,,
message_data,10795,message_data,10795,,
message_data,10796,message_data,10796,,
message_data,10797,message_data,10797,,
message_data,10798,message_data,10798,,
message_data,10799,message_data,10799,,
message_data,10800,message_data,10800,,
message_data,10801,message_data,10801,,
message_data,10802,message_data,10802,,
message_data,10803,message_data,10803,,
message_data,10804,message_data,10804,,
message_data,10805,message_data,10805,,
message_data,10806,message_data,10806,,
message_data,10807,message_data,10807,,
message_data,10808,message_data,10808,,
message_data,10809,message_data,10809,,
message_data,10810,message_data,10810,,
message_data,10811,message_data,10811,,
message_data,10812,message_data,10812,,
message_data,10813,message_data,10813,,
message_data,10814,message_data,10814,,
message_data,10815,message_data,10815,,
message_data,10816,message_data,10816,,
message_data,10817,message_data,10817,,
message_data,10818,message_data,10818,,
message_data,10819,message_data,10819,,
message_data,10820,message_data,10820,,
message_data,10821,message_data,10821,,
message_data,10822,message_data,10822,,
message_data,10823,message_data,10823,,
message_data,10824,message_data,10824,,
message_data,10825,message_data,10825,,
message_data,10826,message_data,10826,,
message_data,10827,message_data,10827,,
message_data,10828,message_data,10828,,
message_data,10829,message_data,10829,,
message_data,10830,message_data,10830,,
message_data,10831,message_data,10831,,
message_data,10832,message_data,10832,,
message_data,10833,message_data,10833,,
message_data,10834,message_data,10834,,
message_data,10835,message_data,10835,,
message_data,10836,message_data,10836,,
message_data,10837,message_data,10837,,
message_data,10838,message_data,10838,,
message_data,10839,message_data,10839,,
message_data,10840,message_data,10840,,
message_data,10841,message_data,10841,,
message_data,10842,message_data,10842,,
message_data,10843,message_data,10843,,
message_data,10844,message_data,10844,,
message_data,10845,message_data,10845,,
message_data,10846,message_data,10846,,
message_data,10847,message_data,10847,,
message_data,10848,message_data,10848,,
message_data,10849,message_data,10849,,
message_data,10850,message_data,10850,,
message_data,10851,message_data,10851,,
message_data,10852,message_data,10852,,
message_data,10853,message_data,10853,,
message_data,10854,message_data,10854,,
message_data,10855,message_data,10855,,
message_data,10856,message_data,10856,,
message_data,10857,message_data,10857,,
message_data,10858,message_data,10858,,
message_data,10859,message_data,10859,,
message_data,10860,message_data,10860,,
message_data,10861,message_data,10861,,
message_data,10862,message_data,10862,,
message_data,10863,message_data,10863,,
message_data,10864,message_data,10864,,
message_data,10865,message_data,10865,,
message_data,10866,message_data,10866,,
message_data,10867,message_data,10867,,
message_data,10868,message_data,10868,,
message_data,10869,message_data,10869,,
message_data,10870,message_data,10870,,
message_data,10871,message_data,10871,,
message_data,10872,message_data,10872,,
message_data,10873,message_data,10873,,
message_data,10874,message_data,10874,,
message_data,10875,message_data,10875,,
message_data,10876,message_data,10876,,
message_data,10877,message_data,10877,,
message_data,10878,message_data,10878,,
message_data,10879,message_data,10879,,
message_data,10880,message_data,10880,,
message_data,10881,message_data,10881,,
message_data,10882,message_data,10882,,
message_data,10883,message_data,10883,,
message_data,10884,message_data,10884,,
message_data,10885,message_data,10885,,
message_data,10886,message_data,10886,,
message_data,10887,message_data,10887,,
message_data,10888,message_data,10888,,
message_data,10889,message_data,10889,,
message_data,10890,message_data,10890,,
message_data,10891,message_data,10891,,
message_data,10892,message_data,10892,,
message_data,10893,message_data,10893,,
message_data,10894,message_data,10894,,
message_data,10895,message_data,10895,,
message_data,10896,message_data,10896,,
message_data,10897,message_data,10897,,
message_data,10898,message_data,10898,,
message_data,10899,message_data,10899,,
message_data,10900,message_data,10900,,
message_data,10901,message_data,10901,,
message_data,10902,message_data,10902,,
message_data,10903,message_data,10903,,
message_data,10904,message_data,10904,,
message_data,10905,message_data,10905,,
message_data,10906,message_data,10906,,
message_data,10907,message_data,10907,,
message_data,10908,message_data,10908,,
message_data,10909,message_data,10909,,
message_data,10910,message_data,10910,,
message_data,10911,message_data,10911,,
message_data,10912,message_data,10912,,
message_data,10913,message_data,10913,,
message_data,10914,message_data,10914,,
message_data,10915,message_data,10915,,
message_data,10916,message_data,10916,,
message_data,10917,message_data,10917,,
message_data,10918,message_data,10918,,
message_data,10919,message_data,10919,,
message_data,10920,message_data,10920,,
message_data,10921,message_data,10921,,
message_data,10922,message_data,10922,,
message_data,10923,message_data,10923,,
message_data,10924,message_data,10924,,
message_data,10925,message_data,10925,,
message_data,10926,message_data,10926,,
message_data,10927,message_data,10927,,
message_data,10928,message_data,10928,,
message_data,10929,message_data,10929,,
message_data,10930,message_data,10930,,
message_data,10931,message_data,10931,,
message_data,10932,message_data,10932,,
message_data,10933,message_data,10933,,
message_data,10934,message_data,10934,,
message_data,10935,message_data,10935,,
message_data,10936,message_data,10936,,
message_data,10937,message_data,10937,,
message_data,10938,message_data,10938,,
message_data,10939,message_data,10939,,
message_data,10940,message_data,10940,,
message_data,10941,message_data,10941,,
message_data,10942,message_data,10942,,
message_data,10943,message_data,10943,,
message_data,10944,message_data,10944,,
message_data,10945,message_data,10945,,
message_data,10946,message_data,10946,,
message_data,10947,message_data,10947,,
message_data,10948,message_data,10948,,
message_data,10949,message_data,10949,,
message_data,10950,message_data,10950,,
message_data,10951,message_data,10951,,
message_data,10952,message_data,10952,,
message_data,10953,message_data,10953,,
message_data,10954,message_data,10954,,
message_data,10955,message_data,10955,,
message_data,10956,message_data,10956,,
message_data,10957,message_data,10957,,
message_data,10958,message_data,10958,,
message_data,10959,message_data,10959,,
message_data,10960,message_data,10960,,
message_data,10961,message_data,10961,,
message_data,10962,message_data,10962,,
message_data,10963,message_data,10963,,
message_data,10964,message_data,10964,,
message_data,10965,message_data,10965,,
message_data,10966,message_data,10966,,
message_data,10967,message_data,10967,,
message_data,10968,message_data,10968,,
message_data,10969,message_data,10969,,
message_data,10970,message_data,10970,,
message_data,10971,message_data,10971,,
message_data,10972,message_data,10972,,
message_data,10973,message_data,10973,,
message_data,10974,message_data,10974,,
message_data,10975,message_data,10975,,
message_data,10976,message_data,10976,,
message_data,10977,message_data,10977,,
message_data,10978,message_data,10978,,
message_data,10979,message_data,10979,,
message_data,10980,message_data,10980,,
message_data,10981,message_data,10981,,
message_data,10982,message_data,10982,,
message_data,10983,message_data,10983,,
message_data,10984,message_data,10984,,
message_data,10985,message_data,10985,,
message_data,10986,message_data,10986,,
message_data,10987,message_data,10987,,
message_data,10988,message_data,10988,,
message_data,10989,message_data,10989,,
message_data,10990,message_data,10990,,
message_data,10991,message_data,10991,,
message_data,10992,message_data,10992,,
message_data,10993,message_data,10993,,
message_data,10994,message_data,10994,,
message_data,10995,message_data,10995,,
message_data,10996,message_data,10996,,
message_data,10997,message_data,10997,,
message_data,10998,message_data,10998,,
message_data,10999,message_data,10999,,
message_data,11000,message_data,11000,,
message_data,11001,message_data,11001,,
message_data,11002,message_data,11002,,
message_data,11003,message_data,11003,,
message_data,11004,message_data,11004,,
message_data,11005,message_data,11005,,
message_data,11006,message_data,11006,,
message_data,11007,message_data,11013,,
message_data,11008,message_data,11013,,
message_data,11009,message_data,11013,,
message_data,11010,message_data,11013,,
message_data,11011,message_data,11013,,
message_data,11012,message_data,11013,,
message_data,11013,message_data,11013,,
message_data,11014,message_data,11014,,
message_data,11015,message_data,11015,,
message_data,11016,message_data,11016,,
message_data,11017,,,,
message_data,11018,,,,
message_data,11019,,,,
message_data,11020,,,,
message_data,11021,,,,
message_data,11022,,,,
message_data,11023,,,,
message_data,11024,,,,
message_data,11025,,,,
message_data,11026,,,,
message_data,11027,,,,
message_data,11028,,,,
message_data,11029,,,,
message_data,11030,,,,
message_data,11031,,,,
message_data,11032,,,,
message_data,11033,,,,
message_data,11034,,,,
message_data,11035,message_data,11016,,
message_data,11036,message_data,11016,,
message_data,11037,message_data,11016,,
message_data,11038,message_data,11016,,
message_data,11039,message_data,11016,,
message_data,11040,message_data,11016,,
message_data,11041,message_data,11016,,
message_data,11042,message_data,11016,,
message_data,11043,message_data,11016,,
message_data,11044,message_data,11016,,
message_data,11045,message_data,11016,,
message_data,11046,message_data,11075,,
message_data,11047,message_data,11075,,
message_data,11048,message_data,11075,,
message_data,11049,message_data,11075,,
message_data,11050,message_data,11075,,
message_data,11051,message_data,11075,,
message_data,11052,message_data,11075,,
message_data,11053,message_data,11053,,
message_data,11054,message_data,11054,,
message_data,11055,message_data,11055,,
message_data,11056,message_data,11056,,
message_data,11057,message_data,11057,,
message_data,11058,message_data,11058,,
message_data,11059,message_data,11059,,
message_data,11060,message_data,11060,,
message_data,11061,message_data,11061,,
message_data,11062,message_data,11062,,
message_data,11063,message_data,11063,,
message_data,11064,message_data,11064,,
message_data,11065,message_data,11065,,
message_data,11066,message_data,11066,,
message_data,11067,message_data,11067,,
message_data,11068,message_data,11068,,
message_data,11069,message_data,11069,,
message_data,11070,message_data,11070,,
message_data,11071,message_data,11071,,
message_data,11072,message_data,11072,,
message_data,11073,message_data,11073,,
message_data,11074,message_data,11075,,
message_data,11075,message_data,11075,,
message_data,11076,message_data,11076,,
message_data,11077,message_data,11077,,
message_data,11078,message_data,11078,,
message_data,11079,message_data,11079,,
message_data,11080,message_data,11080,,
message_data,11081,message_data,11081,,
message_data,11082,message_data,11082,,
message_data,11083,message_data,11083,,
message_data,11084,message_data,11084,,
message_data,11085,message_data,11085,,
message_data,11086,message_data,11086,,
message_data,11087,message_data,11087,,
message_data,11088,message_data,11088,,
message_data,11089,message_data,11089,,
message_data,11090,message_data,11090,,
message_data,11091,message_data,11091,,
message_data,11092,message_data,11092,,
message_data,11093,message_data,11093,,
message_data,11094,message_data,11094,,
message_data,11095,message_data,11095,,
message_data,11096,message_data,11096,,
message_data,11097,message_data,11097,,
message_data,11098,message_data,11098,,
message_data,11099,message_data,11099,,
message_data,11100,message_data,11100,,
message_data,11101,message_data,11101,,
message_data,11102,message_data,11102,,
message_data,11103,message_data,11103,,
message_data,11104,message_data,11104,,
message_data,11105,message_data,11105,,
message_data,11106,message_data,11106,,
message_data,11107,message_data,11107,,
message_data,11108,message_data,11108,,
message_data,11109,message_data,11109,,
message_data,11110,message_data,11110,,
message_data,11111,message_data,11111,,
message_data,11112,message_data,11112,,
message_data,11113,message_data,11113,,
message_data,11114,message_data,11114,,
message_data,11115,,,,
message_data,11116,,,,
message_data,11117,,,,
message_data,11118,,,,
message_data,11119,,,,
message_data,11120,,,,
message_data,11121,,,,
message_data,11122,message_data,11112,,
message_data,11123,message_data,11123,,
message_data,11124,message_data,11124,,
message_data,11125,message_data,11125,,
message_data,11126,message_data,11126,,
message_data,11127,message_data,11127,,
message_data,11128,message_data,11128,,
message_data,11129,message_data,11129,,
message_data,11130,message_data,11130,,
message_data,11131,message_data,11131,,
message_data,11132,message_data,11132,,
message_data,11133,message_data,11133,,
message_data,11134,message_data,11134,,
message_data,11135,message_data,11135,,
message_data,11136,message_data,11136,,
message_data,11137,message_data,11137,,
message_data,11138,message_data,11138,,
message_data,11139,message_data,11139,,
message_data,11140,message_data,11140,,
message_data,11141,message_data,11141,,
message_data,11142,message_data,11142,,
message_data,11143,message_data,11143,,
message_data,11144,message_data,11144,,
message_data,11145,message_data,11145,,
message_data,11146,message_data,11146,,
message_data,11147,message_data,11147,,
message_data,11148,message_data,11148,,
message_data,11149,message_data,11149,,
message_data,11150,message_data,11150,,
message_data,11151,message_data,11151,,
message_data,11152,message_data,11152,,
message_data,11153,message_data,11153,,
message_data,11154,message_data,11154,,
message_data,11155,message_data,11155,,
message_data,11156,message_data,11156,,
message_data,11157,message_data,11157,",",
message_data,11158,message_data,11158,,
message_data,11159,message_data,11159,,
message_data,11160,message_data,11160,,
message_data,11161,message_data,11161,,
message_data,11162,message_data,11162,,
message_data,11163,message_data,11163,,
message_data,11164,message_data,11164,,
message_data,11165,message_data,11165,,
message_data,11166,message_data,11166,,
message_data,11167,message_data,11167,,
message_data,11168,message_data,11168,,
message_data,11169,message_data,11169,,
message_data,11170,message_data,11170,,
message_data,11171,message_data,11171,,
message_data,11172,message_data,11172,,
message_data,11173,message_data,11173,,
message_data,11174,message_data,11174,,
message_data,11175,message_data,11175,,
message_data,11176,message_data,11176,,
message_data,11177,message_data,11177,,
message_data,11178,message_data,11178,,
message_data,11179,message_data,11179,,
message_data,11180,message_data,11180,,
message_data,11181,message_data,11181,,
message_data,11182,message_data,11182,,
message_data,11183,message_data,11183,,
message_data,11184,message_data,11184,,
message_data,11185,message_data,11185,,
message_data,11186,message_data,11186,,
message_data,11187,message_data,11187,,
message_data,11188,message_data,11188,,
message_data,11189,message_data,11189,,
message_data,11190,message_data,11190,,
message_data,11191,message_data,11191,,
message_data,11192,message_data,11192,,
message_data,11193,message_data,11193,,
message_data,11194,message_data,11194,,
message_data,11195,message_data,11195,,
message_data,11196,message_data,11196,,
message_data,11197,message_data,11197,,
message_data,11198,message_data,11198,,
message_data,11199,message_data,11199,,
message_data,11200,message_data,11200,,
message_data,11201,message_data,11201,,
message_data,11202,message_data,11202,,
message_data,11203,message_data,11203,,
message_data,11204,message_data,11204,,
message_data,11205,message_data,11205,,
message_data,11206,message_data,11206,,
message_data,11207,message_data,11207,,
message_data,11208,message_data,11208,,
message_data,11209,message_data,11209,,
message_data,11210,message_data,11210,,
message_data,11211,message_data,11211,,
message_data,11212,message_data,11573,,
message_data,11213,message_data,11574,,
message_data,11214,message_data,11575,,
message_data,11215,message_data,11576,,
message_data,11216,message_data,11577,,
message_data,11217,message_data,11578,,
message_data,11218,message_data,11579,,
message_data,11219,message_data,11580,,
message_data,11220,message_data,11220,,
message_data,11221,message_data,11582,,
message_data,11222,message_data,11583,,
message_data,11223,message_data,11584,,
message_data,11224,message_data,11585,,
message_data,11225,message_data,11586,,
message_data,11226,message_data,11587,,
message_data,11227,message_data,11588,,
message_data,11228,message_data,11228,,
message_data,11229,message_data,11229,,
message_data,11230,message_data,11591,,
message_data,11231,message_data,11592,,
message_data,11232,message_data,11593,,
message_data,11233,message_data,11594,,
message_data,11234,message_data,11595,,
message_data,11235,message_data,11596,,
message_data,11236,message_data,11597,,
message_data,11237,message_data,11598,,
message_data,11238,message_data,11599,,
message_data,11239,message_data,11600,,
message_data,11240,message_data,11601,,
message_data,11241,message_data,11602,,
message_data,11242,message_data,11603,,
message_data,11243,message_data,11604,,
message_data,11244,message_data,11605,,
message_data,11245,message_data,11606,,
message_data,11246,message_data,11607,,
message_data,11247,message_data,11608,,
message_data,11248,message_data,11248,,
message_data,11249,message_data,11249,,
message_data,11250,message_data,11250,,
message_data,11251,message_data,11251,,
message_data,11252,message_data,11252,,
message_data,11253,message_data,11253,,
message_data,11254,message_data,11254,,
message_data,11255,message_data,11255,,
message_data,11256,message_data,11256,,
message_data,11257,message_data,11257,,
message_data,11258,message_data,11258,,
message_data,11259,message_data,11259,,
message_data,11260,message_data,11260,,
message_data,11261,message_data,11261,,
message_data,11262,message_data,11262,,
message_data,11263,message_data,11263,,
message_data,11264,message_data,11264,,
message_data,11265,message_data,11265,,
message_data,11266,message_data,11266,,
message_data,11267,message_data,11267,,
message_data,11268,message_data,11268,,
message_data,11269,message_data,11269,,
message_data,11270,message_data,11270,,
message_data,11271,message_data,11271,,
message_data,11272,message_data,11272,,
message_data,11273,message_data,11273,,
message_data,11274,message_data,11274,,
message_data,11275,message_data,11275,,
message_data,11276,message_data,11276,,
message_data,11277,message_data,11277,,
message_data,11278,message_data,11278,,
message_data,11279,message_data,11279,,
message_data,11280,message_data,11280,,
message_data,11281,message_data,11281,,
message_data,11282,message_data,11282,,
message_data,11283,message_data,11283,,
message_data,11284,message_data,11284,,
message_data,11285,message_data,11285,,
message_data,11286,message_data,11286,,
message_data,11287,message_data,11288,,
message_data,11288,message_data,11288,,
message_data,11289,message_data,11289,,
message_data,11290,message_data,11290,,
message_data,11291,message_data,11291,,
message_data,11292,message_data,11292,,
message_data,11293,message_data,11293,,
message_data,11294,message_data,11294,,
message_data,11295,message_data,11295,,
message_data,11296,message_data,11296,,
message_data,11297,message_data,11297,,
message_data,11298,message_data,11298,,
message_data,11299,message_data,11299,,
message_data,11300,message_data,11300,,
message_data,11301,message_data,11301,,
message_data,11302,message_data,11302,,
message_data,11303,message_data,11303,,
message_data,11304,message_data,11304,,
message_data,11305,message_data,11305,,
message_data,11306,message_data,11306,,
message_data,11307,message_data,11307,,
message_data,11308,message_data,11308,,
message_data,11309,message_data,11309,,
message_data,11310,message_data,11310,,
message_data,11311,message_data,11311,,
message_data,11312,message_data,11312,,
message_data,11313,message_data,11313,,
message_data,11314,message_data,11314,,
message_data,11315,message_data,11315,,
message_data,11316,message_data,11316,,
message_data,11317,message_data,11317,,
message_data,11318,message_data,11318,,
message_data,11319,message_data,11319,,
message_data,11320,message_data,11320,,
message_data,11321,message_data,11321,,
message_data,11322,message_data,11322,,
message_data,11323,message_data,11323,,
message_data,11324,message_data,11324,,
message_data,11325,message_data,11325,,
message_data,11326,message_data,11326,,
message_data,11327,message_data,11327,,
message_data,11328,message_data,11328,,
message_data,11329,message_data,11329,,
message_data,11330,message_data,11330,,
message_data,11331,message_data,11331,,
message_data,11332,message_data,11332,,
message_data,11333,message_data,11333,,
message_data,11334,message_data,11334,,
message_data,11335,message_data,11335,,
message_data,11336,message_data,11336,,
message_data,11337,message_data,11337,,
message_data,11338,message_data,11338,,
message_data,11339,message_data,11339,,
message_data,11340,message_data,11340,,
message_data,11341,message_data,11341,,
message_data,11342,message_data,11342,,
message_data,11343,message_data,11346,,
message_data,11344,message_data,11346,,
message_data,11345,message_data,11346,,
message_data,11346,message_data,11346,,
message_data,11347,message_data,11347,,
message_data,11348,message_data,11348,,
message_data,11349,message_data,11349,,
message_data,11350,message_data,11350,,
message_data,11351,message_data,11351,,
message_data,11352,message_data,11352,,
message_data,11353,message_data,11353,,
message_data,11354,message_data,11354,,
message_data,11355,message_data,11355,,
message_data,11356,message_data,11356,,
message_data,11357,message_data,11357,,
message_data,11358,message_data,11358,,
message_data,11359,message_data,11359,,
message_data,11360,message_data,11360,,
message_data,11361,message_data,11361,,
message_data,11362,message_data,11362,,
message_data,11363,message_data,11363,,
message_data,11364,message_data,11364,,
message_data,11365,message_data,11365,,
message_data,11366,message_data,11366,,
message_data,11367,message_data,11367,,
message_data,11368,message_data,11368,,
message_data,11369,message_data,11369,,
message_data,11370,message_data,11370,,
message_data,11371,message_data,11371,,
message_data,11372,message_data,11372,,
message_data,11373,message_data,11373,,
message_data,11374,message_data,11374,,
message_data,11375,message_data,11375,,
message_data,11376,message_data,11376,,
message_data,11377,message_data,11377,,
message_data,11378,message_data,11378,,
message_data,11379,message_data,11379,,
message_data,11380,message_data,11380,,
message_data,11381,message_data,11381,,
message_data,11382,message_data,11382,,
message_data,11383,message_data,11383,,
message_data,11384,message_data,11384,,
message_data,11385,message_data,11385,,
message_data,11386,message_data,11386,,
message_data,11387,message_data,11387,,
message_data,11388,message_data,11388,,
message_data,11389,message_data,11389,,
message_data,11390,message_data,11390,,
message_data,11391,message_data,11391,,
message_data,11392,message_data,11392,,
message_data,11393,message_data,11393,,
message_data,11394,message_data,11394,,
message_data,11395,message_data,11395,,
message_data,11396,message_data,11396,,
message_data,11397,message_data,11397,,
message_data,11398,message_data,11398,,
message_data,11399,message_data,11399,,
message_data,11400,message_data,11400,,
message_data,11401,message_data,11401,,
message_data,11402,message_data,11402,,
message_data,11403,message_data,11403,,
message_data,11404,message_data,11404,,
message_data,11405,message_data,11405,,
message_data,11406,message_data,11406,,
message_data,11407,message_data,11407,,
message_data,11408,message_data,11408,,
message_data,11409,message_data,11409,,
message_data,11410,message_data,11410,,
message_data,11411,message_data,11411,,
message_data,11412,message_data,11412,,
message_data,11413,message_data,11413,,
message_data,11414,message_data,11414,,
message_data,11415,message_data,11415,,
message_data,11416,message_data,11416,,
message_data,11417,message_data,11417,,
message_data,11418,message_data,11418,,
message_data,11419,message_data,11419,,
message_data,11420,message_data,11420,,
message_data,11421,message_data,11421,,
message_data,11422,message_data,11422,,
message_data,11423,message_data,11423,,
message_data,11424,message_data,11424,,
message_data,11425,message_data,11425,,
message_data,11426,message_data,11426,,
message_data,11427,message_data,11427,,
message_data,11428,message_data,11428,,
message_data,11429,message_data,11429,,
message_data,11430,message_data,11430,,
message_data,11431,message_data,11431,,
message_data,11432,message_data,11432,,
message_data,11433,message_data,11433,,
message_data,11434,message_data,11434,,
message_data,11435,message_data,11435,,
message_data,11436,message_data,11436,,
message_data,11437,message_data,11437,,
message_data,11438,message_data,11438,,
message_data,11439,message_data,11439,,
message_data,11440,message_data,11440,,
message_data,11441,message_data,11441,,
message_data,11442,message_data,11442,,
message_data,11443,message_data,11443,,
message_data,11444,message_data,11444,,
message_data,11445,message_data,11445,,
message_data,11446,message_data,11446,,
message_data,11447,message_data,11447,,
message_data,11448,message_data,11448,,
message_data,11449,message_data,11449,,
message_data,11450,message_data,11450,,
message_data,11451,message_data,11451,,
message_data,11452,message_data,11452,,
message_data,11453,message_data,11453,,
message_data,11454,message_data,11454,,
message_data,11455,message_data,11455,,
message_data,11456,message_data,11456,,
message_data,11457,message_data,11457,,
message_data,11458,message_data,11458,,
message_data,11459,message_data,11459,,
message_data,11460,message_data,11460,,
message_data,11461,message_data,11461,,
message_data,11462,message_data,11462,,
message_data,11463,message_data,11463,,
message_data,11464,message_data,11464,,
message_data,11465,message_data,11465,,
message_data,11466,message_data,11466,,
message_data,11467,message_data,11467,,
message_data,11468,message_data,11468,,
message_data,11469,message_data,11469,,
message_data,11470,message_data,11470,,
message_data,11471,message_data,11471,,
message_data,11472,message_data,11472,,
message_data,11473,message_data,11473,,
message_data,11474,message_data,11474,,
message_data,11475,message_data,11475,,
message_data,11476,message_data,11476,,
message_data,11477,message_data,11477,,
message_data,11478,message_data,11478,,
message_data,11479,message_data,11479,,
message_data,11480,message_data,11480,,
message_data,11481,message_data,11481,,
message_data,11482,message_data,11482,,
message_data,11483,message_data,11483,,
message_data,11484,message_data,11484,,
message_data,11485,message_data,11485,,
message_data,11486,message_data,11486,,
message_data,11487,message_data,11487,,
message_data,11488,message_data,11488,,
message_data,11489,message_data,11489,,
message_data,11490,message_data,11490,,
message_data,11491,message_data,11491,,
message_data,11492,message_data,11492,,
message_data,11493,message_data,11493,,
message_data,11494,message_data,11494,,
message_data,11495,message_data,11495,,
message_data,11496,message_data,11496,,
message_data,11497,message_data,11497,,
message_data,11498,message_data,11498,,
message_data,11499,message_data,11499,,
message_data,11500,message_data,11500,,
message_data,11501,message_data,11501,,
message_data,11502,message_data,11502,,
message_data,11503,message_data,11503,,
message_data,11504,message_data,11504,,
message_data,11505,message_data,11505,,
message_data,11506,message_data,11506,,
message_data,11507,message_data,11507,,
message_data,11508,message_data,11508,,
message_data,11509,message_data,11509,,
message_data,11510,message_data,11510,,
message_data,11511,message_data,11511,,
message_data,11512,message_data,11512,,
message_data,11513,message_data,11513,,
message_data,11514,message_data,11514,,
message_data,11515,message_data,11515,,
message_data,11516,message_data,11516,,
message_data,11517,message_data,11517,,
message_data,11518,message_data,11518,,
message_data,11519,message_data,11519,,
message_data,11520,message_data,11520,,
message_data,11521,message_data,11521,,
message_data,11522,message_data,11522,,
message_data,11523,message_data,11523,,
message_data,11524,message_data,11524,,
message_data,11525,message_data,11525,,
message_data,11526,message_data,11526,,
message_data,11527,message_data,11527,,
message_data,11528,message_data,11528,,
message_data,11529,message_data,11529,,
message_data,11530,message_data,11530,,
message_data,11531,message_data,11531,,
message_data,11532,message_data,11532,,
message_data,11533,message_data,11533,,
message_data,11534,message_data,11534,,
message_data,11535,message_data,11535,,
message_data,11536,message_data,11536,,
message_data,11537,message_data,11537,,
message_data,11538,message_data,11538,,
message_data,11539,message_data,11539,,
message_data,11540,message_data,11540,,
message_data,11541,message_data,11541,,
message_data,11542,message_data,11542,,
message_data,11543,message_data,11543,,
message_data,11544,message_data,11544,,
message_data,11545,message_data,11545,,
message_data,11546,message_data,11546,,
message_data,11547,message_data,11547,,
message_data,11548,message_data,11548,,
message_data,11549,message_data,11549,,
message_data,11550,message_data,11550,,
message_data,11551,message_data,11551,,
message_data,11552,message_data,11552,,
message_data,11553,message_data,11553,,
message_data,11554,message_data,11554,,
message_data,11555,message_data,11555,,
message_data,11556,message_data,11556,,
message_data,11557,message_data,11557,,
message_data,11558,message_data,11558,,
message_data,11559,message_data,11559,,
message_data,11560,message_data,11560,,
message_data,11561,message_data,11561,,
message_data,11562,message_data,11562,,
message_data,11563,message_data,11563,,
message_data,11564,message_data,11564,,
message_data,11565,message_data,11565,,
message_data,11566,message_data,11566,,
message_data,11567,message_data,11567,,
message_data,11568,message_data,11568,,
message_data,11569,message_data,11569,,
message_data,11570,message_data,11570,,
message_data,11571,message_data,11571,,
message_data,11572,message_data,11572,,
message_data,11573,message_data,11573,,
message_data,11574,message_data,11574,,
message_data,11575,message_data,11575,,
message_data,11576,message_data,11576,,
message_data,11577,message_data,11577,,
message_data,11578,message_data,11578,,
message_data,11579,message_data,11579,,
message_data,11580,message_data,11580,,
message_data,11581,message_data,11581,,
message_data,11582,message_data,11582,,
message_data,11583,message_data,11583,,
message_data,11584,message_data,11584,,
message_data,11585,message_data,11585,,
message_data,11586,message_data,11586,,
message_data,11587,message_data,11587,,
message_data,11588,message_data,11588,,
message_data,11589,message_data,11589,,
message_data,11590,message_data,11590,,
message_data,11591,message_data,11591,,
message_data,11592,message_data,11592,,
message_data,11593,message_data,11593,,
message_data,11594,message_data,11594,,
message_data,11595,message_data,11595,,
message_data,11596,message_data,11596,,
message_data,11597,message_data,11597,,
message_data,11598,message_data,11598,,
message_data,11599,message_data,11599,,
message_data,11600,message_data,11600,,
message_data,11601,message_data,11601,,
message_data,11602,message_data,11602,,
message_data,11603,message_data,11603,,
message_data,11604,message_data,11604,,
message_data,11605,message_data,11605,,
message_data,11606,message_data,11606,,
message_data,11607,message_data,11607,,
message_data,11608,message_data,11608,,
message_data,11609,message_data,11609,,
message_data,11610,message_data,11610,,
message_data,11611,message_data,11611,,
message_data,11612,message_data,11612,,
message_data,11613,message_data,11613,,
message_data,11614,message_data,11614,,
message_data,11615,message_data,11615,,
message_data,11616,message_data,11616,,
message_data,11617,message_data,11617,,
message_data,11618,message_data,11618,,
message_data,11619,message_data,11619,,
message_data,11620,message_data,11620,,
message_data,11621,message_data,11621,,
message_data,11622,message_data,11622,,
message_data,11623,message_data,11623,,
message_data,11624,message_data,11624,,
message_data,11625,message_data,11625,,
message_data,11626,message_data,11626,,
message_data,11627,message_data,11627,,
message_data,11628,message_data,11628,,
message_data,11629,message_data,11629,,
message_data,11630,message_data,11630,,
message_data,11631,message_data,11631,,
message_data,11632,message_data,11632,,
message_data,11633,message_data,11633,,
message_data,11634,message_data,11634,,
message_data,11635,message_data,11635,,
message_data,11636,message_data,11636,,
message_data,11637,message_data,11637,,
message_data,11638,message_data,11638,,
message_data,11639,message_data,11639,,
message_data,11640,message_data,11640,,
message_data,11641,message_data,11641,,
message_data,11642,message_data,11642,,
message_data,11643,message_data,11643,,
message_data,11644,message_data,11644,,
message_data,11645,message_data,11645,,
message_data,11646,message_data,11646,,
message_data,11647,message_data,11647,,
message_data,11648,message_data,11648,,
message_data,11649,message_data,11649,,
message_data,11650,message_data,11650,,
message_data,11651,message_data,11651,,
message_data,11652,message_data,11652,,
message_data,11653,message_data,11653,,
message_data,11654,message_data,11654,,
message_data,11655,message_data,11655,,
message_data,11656,message_data,11656,,
message_data,11657,message_data,11657,,
message_data,11658,message_data,11658,,
message_data,11659,message_data,11659,,
message_data,11660,message_data,11660,,
message_data,11661,message_data,11661,,
message_data,11662,message_data,11662,,
message_data,11663,message_data,11663,,
message_data,11664,message_data,11664,,
message_data,11665,message_data,11665,,
message_data,11666,message_data,11666,,
message_data,11667,message_data,11667,,
message_data,11668,message_data,11668,,
message_data,11669,message_data,11669,,
message_data,11670,message_data,11670,,
message_data,11671,message_data,11671,,
message_data,11672,message_data,11672,,
message_data,11673,message_data,11673,,
message_data,11674,message_data,11674,,
message_data,11675,message_data,11675,,
message_data,11676,message_data,11676,,
message_data,11677,message_data,11677,,
message_data,11678,message_data,11678,,
message_data,11679,message_data,11679,,
message_data,11680,message_data,11680,,
message_data,11681,message_data,11681,,
message_data,11682,message_data,11682,,
message_data,11683,message_data,11683,,
message_data,11684,message_data,11684,,
message_data,11685,message_data,11685,,
message_data,11686,message_data,11686,,
message_data,11687,message_data,11687,,
message_data,11688,message_data,11688,,
message_data,11689,message_data,11689,,
message_data,11690,message_data,11690,,
message_data,11691,message_data,11691,,
message_data,11692,message_data,11692,,
message_data,11693,message_data,11693,,
message_data,11694,message_data,11694,,
message_data,11695,message_data,11695,,
message_data,11696,message_data,11696,,
message_data,11697,message_data,11697,,
message_data,11698,message_data,11698,,
message_data,11699,message_data,11699,,
message_data,11700,message_data,11700,,
message_data,11701,message_data,11701,,
message_data,11702,message_data,11702,,
message_data,11703,message_data,11703,,
message_data,11704,message_data,11704,,
message_data,11705,message_data,11705,,
message_data,11706,message_data,11706,,
message_data,11707,message_data,11707,,
message_data,11708,message_data,11708,,
message_data,11709,message_data,11709,,
message_data,11710,message_data,11710,,
message_data,11711,message_data,11711,,
message_data,11712,message_data,11712,,
message_data,11713,message_data,11713,,
message_data,11714,message_data,11714,,
message_data,11715,message_data,11715,,
message_data,11716,message_data,11716,,
message_data,11717,message_data,11717,,
message_data,11718,message_data,11718,,
message_data,11719,message_data,11719,,
message_data,11720,message_data,11720,,
message_data,11721,message_data,11721,,
message_data,11722,message_data,11722,,
message_data,11723,message_data,11723,,
message_data,11724,message_data,11724,,
message_data,11725,message_data,11725,,
message_data,11726,message_data,11726,,
message_data,11727,message_data,11727,,
message_data,11728,message_data,11728,,
message_data,11729,message_data,11729,,
message_data,11730,message_data,11730,,
message_data,11731,message_data,11731,,
message_data,11732,message_data,11732,,
message_data,11733,message_data,11733,,
message_data,11734,message_data,11734,,
message_data,11735,message_data,11735,,
message_data,11736,message_data,11736,,
message_data,11737,message_data,11737,,
message_data,11738,message_data,11738,,
message_data,11739,message_data,11739,,
message_data,11740,message_data,11740,,
message_data,11741,message_data,11741,,
message_data,11742,message_data,11742,,
message_data,11743,message_data,11743,,
message_data,11744,message_data,11750,,
message_data,11745,message_data,11750,,
message_data,11746,message_data,11750,,
message_data,11747,message_data,11750,,
message_data,11748,message_data,11750,,
message_data,11749,message_data,11750,,
message_data,11750,message_data,11750,,
message_data,11751,message_data,11751,,
select_data,0,select_data,0,,
select_data,1,select_data,1,,
select_data,2,select_data,2,,
select_data,3,select_data,3,,
select_data,4,select_data,4,,
select_data,5,select_data,5,,
select_data,6,select_data,6,,
select_data,7,select_data,7,,
select_data,8,select_data,8,,
select_data,9,select_data,9,,
select_data,10,select_data,10,,
select_data,11,select_data,11,,
select_data,12,select_data,12,,
select_data,13,select_data,13,,
select_data,14,select_data,14,,
select_data,15,select_data,15,,
select_data,16,select_data,16,,
select_data,17,select_data,17,,
select_data,18,select_data,18,,
select_data,19,select_data,19,,
select_data,20,select_data,20,,
select_data,21,select_data,21,,
select_data,22,select_data,22,,
select_data,23,select_data,23,,
select_data,24,select_data,24,,
select_data,25,select_data,25,,
select_data,26,select_data,26,,
select_data,27,select_data,27,,
select_data,28,select_data,28,,
select_data,29,select_data,29,,
select_data,30,select_data,30,,
select_data,31,select_data,31,,
select_data,32,select_data,32,,
select_data,33,select_data,33,,
select_data,34,select_data,34,,
select_data,35,select_data,35,,
select_data,36,select_data,36,,
select_data,37,select_data,37,,
select_data,38,select_data,38,,
select_data,39,select_data,39,,
select_data,40,select_data,40,,
select_data,41,select_data,41,,
select_data,42,select_data,42,,
select_data,43,select_data,43,,
select_data,44,select_data,44,,
select_data,45,select_data,45,,
select_data,46,select_data,46,,
select_data,47,select_data,47,,
select_data,48,select_data,48,,
select_data,49,select_data,49,,
select_data,50,select_data,50,,
select_data,51,select_data,51,,
select_data,52,select_data,52,,
select_data,53,select_data,53,,
select_data,54,select_data,54,,
select_data,55,select_data,55,,
select_data,56,select_data,56,,
select_data,57,select_data,57,,
select_data,58,select_data,58,,
select_data,59,select_data,59,,
select_data,60,select_data,60,,
select_data,61,select_data,61,,
select_data,62,select_data,62,,
select_data,63,select_data,63,,
select_data,64,select_data,64,,
select_data,65,select_data,65,,
select_data,66,select_data,66,,
select_data,67,select_data,67,,
select_data,68,select_data,68,,
select_data,69,select_data,69,,
select_data,70,select_data,70,,
select_data,71,select_data,71,,
select_data,72,select_data,72,,
select_data,73,select_data,73,,
select_data,74,select_data,74,,
select_data,75,select_data,75,,
select_data,76,select_data,76,,
select_data,77,select_data,77,,
select_data,78,select_data,78,,
select_data,79,select_data,79,,
select_data,80,select_data,80,,
select_data,81,select_data,81,,
select_data,82,select_data,82,,
select_data,83,select_data,83,,
select_data,84,select_data,84,,
select_data,85,select_data,85,,
select_data,86,select_data,86,,
select_data,87,select_data,87,,
select_data,88,select_data,88,,
select_data,89,select_data,89,,
select_data,90,select_data,90,,
select_data,91,select_data,91,,
select_data,92,select_data,92,,
select_data,93,select_data,93,,
select_data,94,select_data,94,,
select_data,95,select_data,95,,
select_data,96,select_data,96,,
select_data,97,select_data,97,,
select_data,98,select_data,98,,
select_data,99,select_data,99,,
select_data,100,select_data,100,,
select_data,101,select_data,101,,
select_data,102,select_data,102,,
select_data,103,select_data,103,,
select_data,104,select_data,104,,
select_data,105,select_data,105,,
select_data,106,select_data,106,,
select_data,107,select_data,107,,
select_data,108,select_data,108,,
select_data,109,select_data,109,,
select_data,110,select_data,110,,
select_data,111,select_data,111,,
select_data,112,select_data,112,,
select_data,113,select_data,113,,
select_data,114,select_data,114,,
select_data,115,select_data,115,,
select_data,116,select_data,116,,
select_data,117,select_data,117,,
select_data,118,select_data,118,,
select_data,119,select_data,119,,
select_data,120,select_data,120,,
select_data,121,select_data,121,,
select_data,122,select_data,122,,
select_data,123,select_data,123,,
select_data,124,select_data,124,,
select_data,125,select_data,125,,
select_data,126,select_data,126,,
select_data,127,select_data,127,,
select_data,128,select_data,128,,
select_data,129,select_data,129,,
select_data,130,select_data,130,,
select_data,131,select_data,131,,
select_data,132,select_data,132,,
select_data,133,select_data,133,,
select_data,134,select_data,134,,
select_data,135,select_data,135,,
select_data,136,select_data,136,,
select_data,137,select_data,137,,
select_data,138,select_data,138,,
select_data,139,select_data,139,,
select_data,140,select_data,140,,
select_data,141,select_data,141,,
select_data,142,select_data,142,,
select_data,143,select_data,143,,
select_data,144,select_data,144,,
select_data,145,select_data,145,,
select_data,146,select_data,146,,
select_data,147,select_data,147,,
select_data,148,select_data,148,,
select_data,149,select_data,149,,
select_data,150,select_data,150,,
select_data,151,select_data,151,,
select_data,152,select_data,152,,
select_data,153,select_data,153,,
select_data,154,select_data,154,,
select_data,155,select_data,155,,
select_data,156,select_data,156,,
select_data,157,select_data,157,,
select_data,158,select_data,158,,
select_data,159,select_data,159,,
select_data,160,select_data,160,,
select_data,161,select_data,161,,
select_data,162,select_data,162,,
select_data,163,select_data,163,,
select_data,164,select_data,164,,
select_data,165,select_data,165,,
select_data,166,select_data,166,,
select_data,167,select_data,167,,
select_data,168,select_data,168,,
select_data,169,select_data,169,,
select_data,170,select_data,170,,
select_data,171,select_data,171,,
select_data,172,select_data,172,,
select_data,173,select_data,173,,
select_data,174,select_data,174,,
select_data,175,select_data,175,,
select_data,176,select_data,176,,
select_data,177,select_data,177,,
select_data,178,select_data,178,,
select_data,179,select_data,179,,
select_data,180,select_data,180,,
select_data,181,select_data,181,,
select_data,182,select_data,182,,
select_data,183,select_data,183,,
select_data,184,select_data,184,,
select_data,185,select_data,185,,
select_data,186,select_data,186,,
select_data,187,select_data,187,,
select_data,188,select_data,188,,
select_data,189,select_data,189,,
select_data,190,select_data,190,,
select_data,191,select_data,191,,
select_data,192,select_data,192,,
select_data,193,select_data,193,,
select_data,194,select_data,194,,
select_data,195,select_data,195,,
select_data,196,select_data,196,,
select_data,197,select_data,197,,
select_data,198,select_data,198,,
select_data,199,select_data,199,,
select_data,200,select_data,200,,
select_data,201,select_data,201,,
select_data,202,select_data,202,,
select_data,203,select_data,203,,
select_data,204,select_data,204,,
select_data,205,select_data,205,,
select_data,206,select_data,206,,
select_data,207,select_data,207,,
select_data,208,select_data,208,,
select_data,209,select_data,209,,
select_data,210,select_data,210,,
select_data,211,select_data,211,,
select_data,212,select_data,212,,
select_data,213,select_data,213,,
select_data,214,select_data,214,,
select_data,215,select_data,215,,
select_data,216,select_data,216,,
select_data,217,select_data,217,,
select_data,218,select_data,218,,
select_data,219,select_data,219,,
select_data,220,select_data,220,,
select_data,221,select_data,221,,
select_data,222,select_data,222,,
select_data,223,select_data,223,,
select_data,224,select_data,224,,
select_data,225,select_data,225,,
select_data,226,select_data,226,,
select_data,227,select_data,227,,
select_data,228,select_data,228,,
select_data,229,select_data,229,,
select_data,230,select_data,230,,
select_data,231,select_data,231,,
select_data,232,select_data,232,,
select_data,233,select_data,233,,
select_data,234,select_data,234,,
select_data,235,select_data,235,,
select_data,236,select_data,236,,
select_data,237,select_data,237,,
select_data,238,select_data,238,,
select_data,239,select_data,239,,
select_data,240,select_data,240,,
select_data,241,select_data,241,,
select_data,242,select_data,242,,
select_data,243,select_data,243,,
select_data,244,select_data,244,,
select_data,245,select_data,245,,
select_data,246,select_data,246,,
select_data,247,select_data,247,,
select_data,248,select_data,248,,
select_data,249,select_data,249,,
select_data,250,select_data,250,,
select_data,251,select_data,251,,
select_data,252,select_data,252,,
select_data,253,select_data,253,,
select_data,254,select_data,254,,
select_data,255,select_data,255,,
select_data,256,select_data,256,,
select_data,257,select_data,257,,
select_data,258,select_data,258,,
select_data,259,select_data,259,,
select_data,260,select_data,260,,
select_data,261,select_data,261,,
select_data,262,select_data,262,,
select_data,263,select_data,263,,
select_data,264,select_data,264,,
select_data,265,select_data,265,,
select_data,266,select_data,266,,
select_data,267,select_data,267,,
select_data,268,select_data,268,,
select_data,269,select_data,269,,
select_data,270,select_data,270,,
select_data,271,select_data,271,,
select_data,272,select_data,272,,
select_data,273,select_data,273,,
select_data,274,select_data,274,,
select_data,275,select_data,275,,
select_data,276,select_data,276,,
select_data,277,select_data,277,,
select_data,278,select_data,278,,
select_data,279,select_data,279,,
select_data,280,select_data,280,,
select_data,281,select_data,281,,
select_data,282,select_data,282,,
select_data,283,select_data,283,,
select_data,284,select_data,284,,
select_data,285,select_data,285,,
select_data,286,select_data,286,,
select_data,287,select_data,287,,
select_data,288,select_data,288,,
select_data,289,select_data,289,,
select_data,290,select_data,290,,
select_data,291,select_data,291,,
select_data,292,select_data,292,,
select_data,293,select_data,293,,
select_data,294,select_data,294,,
select_data,295,select_data,295,,
select_data,296,select_data,296,,
select_data,297,select_data,297,,
select_data,298,select_data,298,,
select_data,299,select_data,299,,
select_data,300,select_data,300,,
select_data,301,select_data,301,,
select_data,302,select_data,302,,
select_data,303,select_data,303,,
select_data,304,select_data,304,,
select_data,305,select_data,305,,
select_data,306,select_data,306,,
select_data,307,select_data,307,,
select_data,308,select_data,308,,
select_data,309,select_data,309,,
select_data,310,select_data,310,,
select_data,311,select_data,311,,
select_data,312,select_data,312,,
select_data,313,select_data,313,,
select_data,314,select_data,314,,
select_data,315,select_data,315,,
select_data,316,select_data,316,,
select_data,317,select_data,317,,
select_data,318,select_data,318,,
select_data,319,select_data,319,,
select_data,320,select_data,320,,
select_data,321,select_data,321,,
select_data,322,select_data,322,,
select_data,323,select_data,323,,
select_data,324,select_data,324,,
select_data,325,select_data,325,,
select_data,326,select_data,326,,
select_data,327,select_data,327,,
select_data,328,select_data,328,,
select_data,329,select_data,329,,
select_data,330,select_data,330,,
select_data,331,select_data,331,,
select_data,332,select_data,332,,
select_data,333,select_data,333,,
select_data,334,select_data,334,,
select_data,335,select_data,335,,
select_data,336,select_data,336,,
select_data,337,select_data,337,,
select_data,338,select_data,338,,
select_data,339,select_data,339,,
select_data,340,select_data,340,,
select_data,341,select_data,341,,
select_data,342,select_data,342,,
select_data,343,select_data,343,,
select_data,344,select_data,344,,
select_data,345,select_data,345,,
select_data,346,select_data,346,,
select_data,347,select_data,347,,
select_data,348,select_data,348,,
select_data,349,select_data,349,,
select_data,350,select_data,350,,
select_data,351,select_data,351,,
select_data,352,select_data,352,,
select_data,353,select_data,353,,
select_data,354,select_data,354,,
select_data,355,select_data,355,,
select_data,356,select_data,356,,
select_data,357,select_data,357,,
select_data,358,select_data,358,,
select_data,359,select_data,359,,
select_data,360,select_data,360,,
select_data,361,select_data,361,,
select_data,362,select_data,362,,
select_data,363,select_data,363,,
select_data,364,select_data,364,,
select_data,365,select_data,365,,
select_data,366,select_data,366,,
select_data,367,select_data,367,,
select_data,368,select_data,368,,
select_data,369,select_data,369,,
select_data,370,select_data,370,,
select_data,371,select_data,371,,
select_data,372,select_data,372,,
select_data,373,select_data,373,,
select_data,374,select_data,374,,
select_data,375,select_data,375,,
select_data,376,select_data,376,,
select_data,377,select_data,377,,
select_data,378,select_data,378,,
select_data,379,select_data,379,,
select_data,380,select_data,380,,
select_data,381,select_data,381,,
select_data,382,select_data,382,,
select_data,383,select_data,383,,
select_data,384,select_data,384,,
select_data,385,select_data,385,,
select_data,386,select_data,386,,
select_data,387,select_data,387,,
select_data,388,select_data,388,,
select_data,389,select_data,389,,
select_data,390,select_data,390,,
select_data,391,select_data,391,,
select_data,392,select_data,392,,
select_data,393,select_data,393,,
select_data,394,select_data,394,,
select_data,395,select_data,395,,
select_data,396,select_data,396,,
select_data,397,select_data,397,,
select_data,398,select_data,398,,
select_data,399,select_data,399,,
select_data,400,select_data,400,,
select_data,401,select_data,401,,
select_data,402,select_data,402,,
select_data,403,select_data,403,,
select_data,404,select_data,404,,
select_data,405,select_data,405,,
select_data,406,select_data,406,,
select_data,407,select_data,407,,
select_data,408,select_data,408,,
select_data,409,select_data,409,,
select_data,410,select_data,410,,
select_data,411,select_data,411,,
select_data,412,select_data,412,,
select_data,413,select_data,413,,
select_data,414,select_data,414,,
select_data,415,select_data,415,,
select_data,416,select_data,416,,
select_data,417,select_data,417,,
select_data,418,select_data,418,,
select_data,419,select_data,419,,
select_data,420,select_data,420,,
select_data,421,select_data,421,,
select_data,422,select_data,422,,
select_data,423,select_data,423,,
select_data,424,select_data,424,,
select_data,425,select_data,425,,
select_data,426,select_data,426,,
select_data,427,select_data,427,,
select_data,428,select_data,428,,
select_data,429,select_data,429,,
select_data,430,select_data,430,,
select_data,431,select_data,431,,
select_data,432,select_data,432,,
select_data,433,select_data,433,,
select_data,434,select_data,434,,
select_data,435,select_data,435,,
select_data,436,select_data,436,,
select_data,437,select_data,437,,
select_data,438,select_data,438,,
select_data,439,select_data,439,,
select_data,440,select_data,440,,
select_data,441,select_data,441,,
select_data,442,select_data,442,,
select_data,443,select_data,443,,
select_data,444,select_data,444,,
select_data,445,select_data,445,,
select_data,446,select_data,446,,
select_data,447,select_data,447,,
select_data,448,select_data,448,,
select_data,449,select_data,449,,
select_data,450,select_data,450,,
select_data,451,select_data,451,,
select_data,452,select_data,452,,
select_data,453,select_data,453,,
select_data,454,select_data,454,,
select_data,455,select_data,455,,
select_data,456,select_data,456,,
select_data,457,select_data,457,,
select_data,458,select_data,458,,
select_data,459,select_data,459,,
mail_data,0,mail_data,0,,
mail_data,1,mail_data,1,,
mail_data,2,mail_data,2,,
mail_data,3,mail_data,3,,
mail_data,4,mail_data,4,,
mail_data,5,mail_data,5,,
mail_data,6,mail_data,6,,
mail_data,7,mail_data,7,,
mail_data,8,mail_data,8,,
mail_data,9,mail_data,9,,
mail_data,10,mail_data,10,,
mail_data,11,mail_data,11,,
mail_data,12,mail_data,12,,
mail_data,13,mail_data,13,,
mail_data,14,mail_data,14,,
mail_data,15,mail_data,15,,
mail_data,16,mail_data,16,,
mail_data,17,mail_data,17,,
mail_data,18,mail_data,18,,
mail_data,19,mail_data,19,,
mail_data,20,mail_data,20,,
mail_data,21,mail_data,21,,
mail_data,22,mail_data,22,,
mail_data,23,mail_data,23,,
mail_data,24,mail_data,24,,
mail_data,25,mail_data,25,,
mail_data,26,mail_data,26,,
mail_data,27,mail_data,27,,
mail_data,28,mail_data,28,,
mail_data,29,mail_data,29,,
mail_data,30,mail_data,30,,
mail_data,31,mail_data,31,,
mail_data,32,mail_data,32,,
mail_data,33,mail_data,33,,
mail_data,34,mail_data,34,,
mail_data,35,mail_data,35,,
mail_data,36,mail_data,36,,
mail_data,37,mail_data,37,,
mail_data,38,mail_data,38,,
mail_data,39,mail_data,39,,
mail_data,40,mail_data,40,,
mail_data,41,mail_data,41,,
mail_data,42,mail_data,42,,
mail_data,43,mail_data,43,,
mail_data,44,mail_data,44,,
mail_data,45,mail_data,45,,
mail_data,46,mail_data,46,,
mail_data,47,mail_data,47,,
mail_data,48,mail_data,48,,
mail_data,49,mail_data,49,,
mail_data,50,mail_data,50,,
mail_data,51,mail_data,51,,
mail_data,52,mail_data,52,,
mail_data,53,mail_data,53,,
mail_data,54,mail_data,54,,
mail_data,55,mail_data,55,,
mail_data,56,mail_data,56,,
mail_data,57,mail_data,57,,
mail_data,58,mail_data,58,,
mail_data,59,mail_data,59,,
mail_data,60,mail_data,60,,
mail_data,61,mail_data,61,,
mail_data,62,mail_data,62,,
mail_data,63,mail_data,63,,
mail_data,64,mail_data,64,,
mail_data,65,mail_data,65,,
mail_data,66,mail_data,66,,
mail_data,67,mail_data,67,,
mail_data,68,mail_data,68,,
mail_data,69,mail_data,69,,
mail_data,70,mail_data,70,,
mail_data,71,mail_data,71,,
mail_data,72,mail_data,72,,
mail_data,73,mail_data,73,,
mail_data,74,mail_data,74,,
mail_data,75,mail_data,75,,
mail_data,76,mail_data,76,,
mail_data,77,mail_data,77,,
mail_data,78,mail_data,78,,
mail_data,79,mail_data,79,,
mail_data,80,mail_data,80,,
mail_data,81,mail_data,81,,
mail_data,82,mail_data,82,,
mail_data,83,mail_data,83,,
mail_data,84,mail_data,84,,
mail_data,85,mail_data,85,,
mail_data,86,mail_data,86,,
mail_data,87,mail_data,87,,
mail_data,88,mail_data,88,,
mail_data,89,mail_data,89,,
mail_data,90,mail_data,90,,
mail_data,91,mail_data,91,,
mail_data,92,mail_data,92,,
mail_data,93,mail_data,93,,
mail_data,94,mail_data,94,,
mail_data,95,mail_data,95,,
mail_data,96,mail_data,96,,
mail_data,97,mail_data,97,,
mail_data,98,mail_data,98,,
mail_data,99,mail_data,99,,
mail_data,100,mail_data,100,,
mail_data,101,mail_data,101,,
mail_data,102,mail_data,102,,
mail_data,103,mail_data,103,,
mail_data,104,mail_data,104,,
mail_data,105,mail_data,105,,
mail_data,106,mail_data,106,,
mail_data,107,mail_data,107,,
mail_data,108,mail_data,108,,
mail_data,109,mail_data,109,,
mail_data,110,mail_data,110,,
mail_data,111,mail_data,111,,
mail_data,112,mail_data,112,,
mail_data,113,mail_data,113,,
mail_data,114,mail_data,114,,
mail_data,115,mail_data,115,,
mail_data,116,mail_data,116,,
mail_data,117,mail_data,117,,
mail_data,118,mail_data,118,,
mail_data,119,mail_data,119,,
mail_data,120,mail_data,120,,
mail_data,121,mail_data,121,,
mail_data,122,mail_data,122,,
mail_data,123,mail_data,123,,
mail_data,124,mail_data,124,,
mail_data,125,mail_data,125,,
mail_data,126,mail_data,126,,
mail_data,127,mail_data,127,,
mail_data,128,mail_data,128,,
mail_data,129,mail_data,129,,
mail_data,130,mail_data,130,,
mail_data,131,mail_data,131,,
mail_data,132,mail_data,132,,
mail_data,133,mail_data,133,,
mail_data,134,mail_data,134,,
mail_data,135,mail_data,135,,
mail_data,136,mail_data,136,,
mail_data,137,mail_data,137,,
mail_data,138,mail_data,138,,
mail_data,139,mail_data,139,,
mail_data,140,mail_data,140,,
mail_data,141,mail_data,141,,
mail_data,142,mail_data,142,,
mail_data,143,mail_data,143,,
mail_data,144,mail_data,144,,
mail_data,145,mail_data,145,,
mail_data,146,mail_data,146,,
mail_data,147,mail_data,147,,
mail_data,148,mail_data,148,,
mail_data,149,mail_data,149,,
mail_data,150,mail_data,150,,
mail_data,151,mail_data,151,,
mail_data,152,mail_data,152,,
mail_data,153,mail_data,153,,
mail_data,154,mail_data,154,,
mail_data,155,mail_data,155,,
mail_data,156,mail_data,156,,
mail_data,157,mail_data,157,,
mail_data,158,mail_data,158,,
mail_data,159,mail_data,159,,
mail_data,160,mail_data,160,,
mail_data,161,mail_data,161,,
mail_data,162,mail_data,162,,
mail_data,163,mail_data,163,,
mail_data,164,mail_data,164,,
mail_data,165,mail_data,165,,
mail_data,166,mail_data,166,,
mail_data,167,mail_data,167,,
mail_data,168,mail_data,168,,
mail_data,169,mail_data,169,,
mail_data,170,mail_data,170,,
mail_data,171,mail_data,171,,
mail_data,172,mail_data,172,,
mail_data,173,mail_data,173,,
mail_data,174,mail_data,174,,
mail_data,175,mail_data,175,,
mail_data,176,mail_data,176,,
mail_data,177,mail_data,177,,
mail_data,178,mail_data,178,,
mail_data,179,mail_data,179,,
mail_data,180,mail_data,180,,
mail_data,181,mail_data,181,,
mail_data,182,mail_data,182,,
mail_data,183,mail_data,183,,
mail_data,184,mail_data,184,,
mail_data,185,mail_data,185,,
mail_data,186,mail_data,186,,
mail_data,187,mail_data,187,,
mail_data,188,mail_data,188,,
mail_data,189,mail_data,189,,
mail_data,190,mail_data,190,,
mail_data,191,mail_data,191,,
mail_data,192,mail_data,192,,
mail_data,193,mail_data,193,,
mail_data,194,mail_data,194,,
mail_data,195,mail_data,195,,
mail_data,196,mail_data,196,,
mail_data,197,mail_data,197,,
mail_data,198,mail_data,198,,
mail_data,199,mail_data,199,,
mail_data,200,mail_data,200,,
mail_data,201,mail_data,201,,
mail_data,202,mail_data,202,,
mail_data,203,mail_data,203,,
mail_data,204,mail_data,204,,
mail_data,205,mail_data,205,,
mail_data,206,mail_data,206,,
mail_data,207,mail_data,207,,
mail_data,208,mail_data,208,,
mail_data,209,mail_data,209,,
mail_data,210,mail_data,210,,
mail_data,211,mail_data,211,,
mail_data,212,mail_data,212,,
mail_data,213,mail_data,213,,
mail_data,214,mail_data,214,,
mail_data,215,mail_data,215,,
mail_data,216,mail_data,216,,
mail_data,217,mail_data,217,,
mail_data,218,mail_data,218,,
mail_data,219,mail_data,219,,
mail_data,220,mail_data,220,,
mail_data,221,mail_data,221,,
mail_data,222,mail_data,222,,
mail_data,223,mail_data,223,,
mail_data,224,mail_data,224,,
mail_data,225,mail_data,225,,
mail_data,226,mail_data,226,,
mail_data,227,mail_data,227,,
mail_data,228,mail_data,228,,
mail_data,229,mail_data,229,,
mail_data,230,mail_data,230,,
mail_data,231,mail_data,231,,
mail_data,232,mail_data,232,,
mail_data,233,mail_data,233,,
mail_data,234,mail_data,234,,
mail_data,235,mail_data,235,,
mail_data,236,mail_data,236,,
mail_data,237,mail_data,237,,
mail_data,238,mail_data,238,,
mail_data,239,mail_data,239,,
mail_data,240,mail_data,240,,
mail_data,241,mail_data,241,,
mail_data,242,mail_data,242,,
mail_data,243,mail_data,243,,
mail_data,244,mail_data,244,,
mail_data,245,mail_data,245,,
mail_data,246,mail_data,246,,
mail_data,247,mail_data,247,,
mail_data,248,mail_data,248,,
mail_data,249,mail_data,249,,
mail_data,250,mail_data,250,,
mail_data,251,mail_data,251,,
mail_data,252,mail_data,252,,
mail_data,253,mail_data,253,,
mail_data,254,mail_data,254,,
mail_data,255,mail_data,255,,
mail_data,256,mail_data,256,,
mail_data,257,mail_data,257,,
mail_data,258,mail_data,258,,
mail_data,259,mail_data,259,,
mail_data,260,mail_data,260,,
mail_data,261,mail_data,261,,
mail_data,262,mail_data,262,,
mail_data,263,mail_data,263,,
mail_data,264,mail_data,264,,
mail_data,265,mail_data,265,,
mail_data,266,mail_data,266,,
mail_data,267,mail_data,267,,
mail_data,268,mail_data,268,,
mail_data,269,mail_data,269,,
mail_data,270,mail_data,270,,
mail_data,271,mail_data,271,,
mail_data,272,mail_data,272,,
mail_data,273,mail_data,273,,
mail_data,274,mail_data,274,,
mail_data,275,mail_data,275,,
mail_data,276,mail_data,276,,
mail_data,277,mail_data,277,,
mail_data,278,mail_data,278,,
mail_data,279,mail_data,279,,
mail_data,280,mail_data,280,,
mail_data,281,mail_data,281,,
mail_data,282,mail_data,282,,
mail_data,283,mail_data,283,,
mail_data,284,mail_data,284,,
mail_data,285,mail_data,285,,
mail_data,286,mail_data,286,,
mail_data,287,mail_data,287,,
mail_data,288,mail_data,288,,
mail_data,289,mail_data,289,,
mail_data,290,mail_data,290,,
mail_data,291,mail_data,291,,
mail_data,292,mail_data,292,,
mail_data,293,mail_data,293,,
mail_data,294,mail_data,294,,
mail_data,295,mail_data,295,,
mail_data,296,mail_data,296,,
mail_data,297,mail_data,297,,
mail_data,298,mail_data,298,,
mail_data,299,mail_data,299,,
mail_data,300,mail_data,300,,
mail_data,301,mail_data,301,,
mail_data,302,mail_data,302,,
mail_data,303,mail_data,303,,
mail_data,304,mail_data,304,,
mail_data,305,mail_data,305,,
mail_data,306,mail_data,306,,
mail_data,307,mail_data,307,,
mail_data,308,mail_data,308,,
mail_data,309,mail_data,309,,
mail_data,310,mail_data,310,,
mail_data,311,mail_data,311,,
mail_data,312,mail_data,312,,
mail_data,313,mail_data,313,,
mail_data,314,mail_data,314,,
mail_data,315,mail_data,315,,
mail_data,316,mail_data,316,,
mail_data,317,mail_data,317,,
mail_data,318,mail_data,318,,
mail_data,319,mail_data,319,,
mail_data,320,mail_data,320,,
mail_data,321,mail_data,321,,
mail_data,322,mail_data,322,,
mail_data,323,mail_data,323,,
mail_data,324,mail_data,324,,
mail_data,325,mail_data,325,,
mail_data,326,mail_data,326,,
mail_data,327,mail_data,327,,
mail_data,328,mail_data,328,,
mail_data,329,mail_data,329,,
mail_data,330,mail_data,330,,
mail_data,331,mail_data,331,,
mail_data,332,mail_data,332,,
mail_data,333,mail_data,333,,
mail_data,334,mail_data,334,,
mail_data,335,mail_data,335,,
mail_data,336,mail_data,336,,
mail_data,337,mail_data,337,,
mail_data,338,mail_data,338,,
mail_data,339,mail_data,339,,
mail_data,340,mail_data,340,,
mail_data,341,mail_data,341,,
mail_data,342,mail_data,342,,
mail_data,343,mail_data,343,,
mail_data,344,mail_data,344,,
mail_data,345,mail_data,345,,
mail_data,346,mail_data,346,,
mail_data,347,mail_data,347,,
mail_data,348,mail_data,348,,
mail_data,349,mail_data,349,,
mail_data,350,mail_data,350,,
mail_data,351,mail_data,351,,
mail_data,352,mail_data,352,,
mail_data,353,mail_data,353,,
mail_data,354,mail_data,354,,
mail_data,355,mail_data,355,,
mail_data,356,mail_data,356,,
mail_data,357,mail_data,357,,
mail_data,358,mail_data,358,,
mail_data,359,mail_data,359,,
mail_data,360,mail_data,360,,
mail_data,361,mail_data,361,,
mail_data,362,mail_data,362,,
mail_data,363,mail_data,363,,
mail_data,364,mail_data,364,,
mail_data,365,mail_data,365,,
mail_data,366,mail_data,366,,
mail_data,367,mail_data,367,,
mail_data,368,mail_data,368,,
mail_data,369,mail_data,369,,
mail_data,370,mail_data,370,,
mail_data,371,mail_data,371,,
mail_data,372,mail_data,372,,
mail_data,373,mail_data,373,,
mail_data,374,mail_data,374,,
mail_data,375,mail_data,375,,
mail_data,376,mail_data,376,,
mail_data,377,mail_data,377,,
mail_data,378,mail_data,378,,
mail_data,379,mail_data,379,,
mail_data,380,mail_data,380,,
mail_data,381,mail_data,381,,
mail_data,382,mail_data,382,,
mail_data,383,mail_data,383,,
mail_data,384,mail_data,384,,
mail_data,385,mail_data,385,,
mail_data,386,mail_data,386,,
mail_data,387,mail_data,387,,
mail_data,388,mail_data,388,,
mail_data,389,mail_data,389,,
mail_data,390,mail_data,390,,
mail_data,391,mail_data,391,,
mail_data,392,mail_data,392,,
mail_data,393,mail_data,393,,
mail_data,394,mail_data,394,,
mail_data,395,mail_data,395,,
mail_data,396,mail_data,396,,
mail_data,397,mail_data,397,,
mail_data,398,mail_data,398,,
mail_data,399,mail_data,399,,
mail_data,400,mail_data,400,,
mail_data,401,mail_data,401,,
mail_data,402,mail_data,402,,
mail_data,403,mail_data,403,,
mail_data,404,mail_data,404,,
mail_data,405,mail_data,405,,
mail_data,406,mail_data,406,,
mail_data,407,mail_data,407,,
mail_data,408,mail_data,408,,
mail_data,409,mail_data,409,,
mail_data,410,mail_data,410,,
mail_data,411,mail_data,411,,
mail_data,412,mail_data,412,,
mail_data,413,mail_data,413,,
mail_data,414,mail_data,414,,
mail_data,415,mail_data,415,,
mail_data,416,mail_data,416,,
mail_data,417,mail_data,417,,
mail_data,418,mail_data,418,,
mail_data,419,mail_data,419,,
mail_data,420,mail_data,420,,
mail_data,421,mail_data,421,,
mail_data,422,mail_data,422,,
mail_data,423,mail_data,423,,
mail_data,424,mail_data,424,,
mail_data,425,mail_data,425,,
mail_data,426,mail_data,426,,
mail_data,427,mail_data,427,,
mail_data,428,mail_data,428,,
mail_data,429,mail_data,429,,
mail_data,430,mail_data,430,,
mail_data,431,mail_data,431,,
mail_data,432,mail_data,432,,
mail_data,433,mail_data,433,,
mail_data,434,mail_data,434,,
mail_data,435,mail_data,435,,
mail_data,436,mail_data,436,,
mail_data,437,mail_data,437,,
mail_data,438,mail_data,438,,
mail_data,439,mail_data,439,,
mail_data,440,mail_data,440,,
mail_data,441,mail_data,441,,
mail_data,442,mail_data,442,,
mail_data,443,mail_data,443,,
mail_data,444,mail_data,444,,
mail_data,445,mail_data,445,,
mail_data,446,mail_data,446,,
mail_data,447,mail_data,447,,
mail_data,448,mail_data,448,,
mail_data,449,mail_data,449,,
mail_data,450,mail_data,450,,
mail_data,451,mail_data,451,,
mail_data,452,mail_data,452,,
mail_data,453,mail_data,453,,
mail_data,454,mail_data,454,,
mail_data,455,mail_data,455,,
mail_data,456,mail_data,456,,
mail_data,457,mail_data,457,,
mail_data,458,mail_data,458,,
mail_data,459,mail_data,459,,
mail_data,460,mail_data,460,,
mail_data,461,mail_data,461,,
mail_data,462,mail_data,462,,
mail_data,463,mail_data,463,,
mail_data,464,mail_data,464,,
mail_data,465,mail_data,465,,
mail_data,466,mail_data,466,,
mail_data,467,mail_data,467,,
mail_data,468,mail_data,468,,
mail_data,469,mail_data,469,,
mail_data,470,mail_data,470,,
mail_data,471,mail_data,471,,
mail_data,472,mail_data,472,,
mail_data,473,mail_data,473,,
mail_data,474,mail_data,474,,
mail_data,475,mail_data,475,,
mail_data,476,mail_data,476,,
mail_data,477,mail_data,477,,
mail_data,478,mail_data,478,,
mail_data,479,mail_data,479,,
mail_data,480,mail_data,480,,
mail_data,481,mail_data,481,,
mail_data,482,mail_data,482,,
mail_data,483,mail_data,483,,
mail_data,484,mail_data,484,,
mail_data,485,mail_data,485,,
mail_data,486,mail_data,486,,
mail_data,487,mail_data,487,,
mail_data,488,mail_data,488,,
mail_data,489,mail_data,489,,
mail_data,490,mail_data,490,,
mail_data,491,mail_data,491,,
mail_data,492,mail_data,492,,
mail_data,493,mail_data,493,,
mail_data,494,mail_data,494,,
mail_data,495,mail_data,495,,
mail_data,496,mail_data,496,,
mail_data,497,mail_data,497,,
mail_data,498,mail_data,498,,
mail_data,499,mail_data,499,,
mail_data,500,mail_data,500,,
mail_data,501,mail_data,501,,
mail_data,502,mail_data,502,,
mail_data,503,mail_data,503,,
mail_data,504,mail_data,504,,
mail_data,505,mail_data,505,,
mail_data,506,mail_data,506,,
mail_data,507,mail_data,507,,
mail_data,508,mail_data,508,,
mail_data,509,mail_data,509,,
mail_data,510,mail_data,510,,
mail_data,511,mail_data,511,,
mail_data,512,mail_data,512,,
mail_data,513,mail_data,513,,
mail_data,514,mail_data,514,,
mail_data,515,mail_data,515,,
mail_data,516,mail_data,516,,
mail_data,517,mail_data,517,,
mail_data,518,mail_data,518,,
mail_data,519,mail_data,519,,
mail_data,520,mail_data,520,,
mail_data,521,mail_data,521,,
mail_data,522,mail_data,522,,
mail_data,523,mail_data,523,,
mail_data,524,mail_data,524,,
mail_data,525,mail_data,525,,
mail_data,526,mail_data,526,,
mail_data,527,mail_data,527,,
mail_data,528,mail_data,528,,
mail_data,529,mail_data,529,,
mail_data,530,mail_data,530,,
mail_data,531,mail_data,531,,
mail_data,532,mail_data,532,,
mail_data,533,mail_data,533,,
mail_data,534,mail_data,534,,
mail_data,535,mail_data,535,,
mail_data,536,mail_data,536,,
mail_data,537,mail_data,537,,
mail_data,538,mail_data,538,,
mail_data,539,mail_data,539,,
mail_data,540,mail_data,540,,
mail_data,541,mail_data,541,,
mail_data,542,mail_data,542,,
mail_data,543,mail_data,543,,
super_data,0,super_data,0,,
super_data,1,super_data,1,,
super_data,2,super_data,2,,
super_data,3,super_data,3,,
super_data,4,super_data,4,,
super_data,5,super_data,5,,
super_data,6,super_data,6,,
super_data,7,super_data,7,,
super_data,8,super_data,8,,
super_data,9,super_data,9,,
super_data,10,super_data,10,,
super_data,11,super_data,11,,
super_data,12,super_data,12,,
super_data,13,super_data,13,,
super_data,14,super_data,14,,
super_data,15,super_data,15,,
super_data,16,super_data,16,,
super_data,17,super_data,17,,
super_data,18,super_data,18,,
super_data,19,super_data,19,,
super_data,20,super_data,20,,
super_data,21,super_data,21,,
super_data,22,super_data,22,,
super_data,23,super_data,23,,
super_data,24,super_data,24,,
super_data,25,super_data,25,,
super_data,26,super_data,26,,
super_data,27,super_data,27,,
super_data,28,super_data,28,,
super_data,29,super_data,29,,
super_data,30,super_data,30,,
super_data,31,super_data,31,,
super_data,32,super_data,32,,
super_data,33,super_data,33,,
super_data,34,super_data,34,,
super_data,35,super_data,35,,
super_data,36,super_data,36,,
super_data,37,super_data,37,,
super_data,38,super_data,38,,
super_data,39,super_data,39,,
super_data,40,super_data,40,,
super_data,41,super_data,41,,
super_data,42,super_data,42,,
super_data,43,super_data,43,,
super_data,44,super_data,44,,
super_data,45,super_data,45,,
super_data,46,super_data,46,,
super_data,47,super_data,47,,
super_data,48,super_data,48,,
super_data,49,super_data,49,,
super_data,50,super_data,50,,
super_data,51,super_data,51,,
super_data,52,super_data,52,,
super_data,53,super_data,53,,
super_data,54,super_data,54,,
super_data,55,super_data,55,,
super_data,56,super_data,56,,
super_data,57,super_data,57,,
super_data,58,super_data,58,,
super_data,59,super_data,59,,
super_data,60,super_data,60,,
super_data,61,super_data,61,,
super_data,62,super_data,62,,
super_data,63,super_data,63,,
super_data,64,super_data,64,,
super_data,65,super_data,65,,
super_data,66,super_data,66,,
super_data,67,super_data,67,,
super_data,68,super_data,68,,
super_data,69,super_data,69,,
super_data,70,super_data,70,,
super_data,71,super_data,71,,
super_data,72,super_data,72,,
super_data,73,super_data,73,,
super_data,74,super_data,74,,
super_data,75,super_data,75,,
super_data,76,super_data,76,,
super_data,77,super_data,77,,
super_data,78,super_data,78,,
super_data,79,super_data,79,,
super_data,80,super_data,80,,
super_data,81,super_data,81,,
super_data,82,super_data,82,,
super_data,83,super_data,83,,
super_data,84,super_data,84,,
super_data,85,super_data,85,,
super_data,86,super_data,86,,
super_data,87,super_data,87,,
super_data,88,super_data,88,,
super_data,89,super_data,89,,
super_data,90,super_data,90,,
super_data,91,super_data,91,,
super_data,92,super_data,92,,
super_data,93,super_data,93,,
super_data,94,super_data,94,,
super_data,95,super_data,95,,
super_data,96,super_data,96,,
super_data,97,super_data,97,,
super_data,98,super_data,98,,
super_data,99,super_data,99,,
super_data,100,super_data,100,,
super_data,101,super_data,101,,
super_data,102,super_data,102,,
super_data,103,super_data,103,,
super_data,104,super_data,104,,
super_data,105,super_data,105,,
super_data,106,super_data,106,,
super_data,107,super_data,107,,
super_data,108,super_data,108,,
super_data,109,super_data,109,,
super_data,110,super_data,110,,
super_data,111,super_data,111,,
super_data,112,super_data,112,,
super_data,113,super_data,113,,
super_data,114,super_data,114,,
super_data,115,super_data,115,,
super_data,116,super_data,116,,
super_data,117,super_data,117,,
super_data,118,super_data,118,,
super_data,119,super_data,119,,
super_data,120,super_data,120,,
super_data,121,super_data,121,,
super_data,122,super_data,122,,
super_data,123,super_data,123,,
super_data,124,super_data,124,,
super_data,125,super_data,125,,
super_data,126,super_data,126,,
super_data,127,super_data,127,,
super_data,128,super_data,128,,
super_data,129,super_data,129,,
super_data,130,super_data,130,,
super_data,131,super_data,131,,
super_data,132,super_data,132,,
super_data,133,super_data,133,,
super_data,134,super_data,134,,
super_data,135,super_data,135,,
super_data,136,super_data,136,,
super_data,137,super_data,137,,
super_data,138,super_data,138,,
super_data,139,super_data,139,,
super_data,140,super_data,140,,
super_data,141,super_data,141,,
super_data,142,super_data,142,,
super_data,143,super_data,143,,
super_data,144,super_data,144,,
super_data,145,super_data,145,,
super_data,146,super_data,146,,
super_data,147,super_data,147,,
super_data,148,super_data,148,,
super_data,149,super_data,149,,
super_data,150,super_data,150,,
super_data,151,super_data,151,,
super_data,152,super_data,152,,
super_data,153,super_data,153,,
super_data,154,super_data,154,,
super_data,155,super_data,155,,
super_data,156,super_data,156,,
super_data,157,super_data,157,,
super_data,158,super_data,158,,
super_data,159,super_data,159,,
super_data,160,super_data,160,,
super_data,161,super_data,161,,
super_data,162,super_data,162,,
super_data,163,super_data,163,,
super_data,164,super_data,164,,
super_data,165,super_data,165,,
super_data,166,super_data,166,,
super_data,167,super_data,167,,
super_data,168,super_data,168,,
super_data,169,super_data,169,,
super_data,170,super_data,170,,
super_data,171,super_data,171,,
super_data,172,super_data,172,,
super_data,173,super_data,173,,
super_data,174,super_data,174,,
super_data,175,super_data,175,,
super_data,176,super_data,176,,
super_data,177,super_data,177,,
super_data,178,super_data,178,,
super_data,179,super_data,179,,
super_data,180,super_data,180,,
super_data,181,super_data,181,,
super_data,182,super_data,182,,
super_data,183,super_data,183,,
super_data,184,super_data,184,,
super_data,185,super_data,185,,
super_data,186,super_data,186,,
super_data,187,super_data,187,,
super_data,188,super_data,188,,
super_data,189,super_data,189,,
super_data,190,super_data,190,,
super_data,191,super_data,191,,
super_data,192,super_data,192,,
super_data,193,super_data,193,,
super_data,194,super_data,194,,
super_data,195,super_data,195,,
super_data,196,super_data,196,,
super_data,197,super_data,197,,
super_data,198,super_data,198,,
super_data,199,super_data,199,,
super_data,200,super_data,200,,
super_data,201,super_data,201,,
super_data,202,super_data,202,,
super_data,203,super_data,203,,
super_data,204,super_data,204,,
super_data,205,super_data,205,,
super_data,206,super_data,206,,
super_data,207,super_data,207,,
super_data,208,super_data,208,,
super_data,209,super_data,209,,
super_data,210,super_data,210,,
super_data,211,super_data,211,,
super_data,212,super_data,212,,
super_data,213,super_data,213,,
super_data,214,super_data,214,,
super_data,215,super_data,215,,
super_data,216,super_data,216,,
super_data,217,super_data,217,,
super_data,218,super_data,218,,
super_data,219,super_data,219,,
super_data,220,super_data,220,,
super_data,221,super_data,221,,
super_data,222,super_data,222,,
super_data,223,super_data,223,,
super_data,224,super_data,224,,
super_data,225,super_data,225,,
super_data,226,super_data,226,,
super_data,227,super_data,227,,
super_data,228,super_data,228,,
super_data,229,super_data,229,,
super_data,230,super_data,230,,
super_data,231,super_data,231,,
super_data,232,super_data,232,,
super_data,233,super_data,233,,
super_data,234,super_data,234,,
super_data,235,super_data,235,,
super_data,236,super_data,236,,
super_data,237,super_data,237,,
super_data,238,super_data,238,,
super_data,239,super_data,239,,
super_data,240,super_data,240,,
super_data,241,super_data,241,,
super_data,242,super_data,242,,
super_data,243,super_data,243,,
super_data,244,super_data,244,,
super_data,245,super_data,245,,
super_data,246,super_data,246,,
super_data,247,super_data,247,,
super_data,248,super_data,248,,
super_data,249,super_data,249,,
super_data,250,super_data,250,,
super_data,251,super_data,251,,
super_data,252,super_data,252,,
super_data,253,super_data,253,,
super_data,254,super_data,254,,
super_data,255,super_data,255,,
super_data,256,super_data,256,,
super_data,257,super_data,257,,
super_data,258,super_data,258,,
super_data,259,super_data,259,,
super_data,260,super_data,260,,
super_data,261,super_data,261,,
super_data,262,super_data,262,,
super_data,263,super_data,263,,
super_data,264,super_data,264,,
super_data,265,super_data,265,,
super_data,266,super_data,266,,
super_data,267,super_data,267,,
super_data,268,super_data,268,,
super_data,269,super_data,269,,
super_data,270,super_data,270,,
super_data,271,super_data,271,,
super_data,272,super_data,272,,
super_data,273,super_data,273,,
super_data,274,super_data,274,,
super_data,275,super_data,275,,
super_data,276,super_data,276,,
super_data,277,super_data,277,,
super_data,278,super_data,278,,
super_data,279,super_data,279,,
super_data,280,super_data,280,,
super_data,281,super_data,281,,
super_data,282,super_data,282,,
super_data,283,super_data,283,,
super_data,284,super_data,284,,
super_data,285,super_data,285,,
super_data,286,super_data,286,,
super_data,287,super_data,287,,
super_data,288,super_data,288,,
super_data,289,super_data,289,,
super_data,290,super_data,290,,
super_data,291,super_data,291,,
super_data,292,super_data,292,,
super_data,293,super_data,293,,
super_data,294,super_data,294,,
super_data,295,super_data,295,,
super_data,296,super_data,296,,
super_data,297,super_data,297,,
super_data,298,super_data,298,,
super_data,299,super_data,299,,
super_data,300,super_data,300,,
super_data,301,super_data,301,,
super_data,302,super_data,302,,
super_data,303,super_data,303,,
super_data,304,super_data,304,,
super_data,305,super_data,305,,
super_data,306,super_data,306,,
super_data,307,super_data,307,,
super_data,308,super_data,308,,
super_data,309,super_data,309,,
super_data,310,super_data,310,,
super_data,311,super_data,311,,
super_data,312,super_data,312,,
super_data,313,super_data,313,,
super_data,314,super_data,314,,
super_data,315,super_data,315,,
super_data,316,super_data,316,,
super_data,317,super_data,317,,
super_data,318,super_data,318,,
super_data,319,super_data,319,,
super_data,320,super_data,320,,
super_data,321,super_data,321,,
super_data,322,super_data,322,,
super_data,323,super_data,323,,
super_data,324,super_data,324,,
super_data,325,super_data,325,,
super_data,326,super_data,326,,
super_data,327,super_data,327,,
super_data,328,super_data,328,,
super_data,329,super_data,329,,
super_data,330,super_data,330,,
super_data,331,super_data,331,,
super_data,332,super_data,332,,
super_data,333,super_data,333,,
super_data,334,super_data,334,,
super_data,335,super_data,335,,
super_data,336,super_data,336,,
super_data,337,super_data,337,,
super_data,338,super_data,338,,
super_data,339,super_data,339,,
super_data,340,super_data,340,,
super_data,341,super_data,341,,
super_data,342,super_data,342,,
super_data,343,super_data,343,,
super_data,344,super_data,344,,
super_data,345,super_data,345,,
super_data,346,super_data,346,,
super_data,347,super_data,347,,
super_data,348,super_data,348,,
super_data,349,super_data,349,,
super_data,350,super_data,350,,
super_data,351,super_data,351,,
super_data,352,super_data,352,,
super_data,353,super_data,353,,
super_data,354,super_data,354,,
super_data,355,super_data,355,,
super_data,356,super_data,356,,
super_data,357,super_data,357,,
super_data,358,super_data,358,,
super_data,359,super_data,359,,
super_data,360,super_data,360,,
super_data,361,super_data,361,,
super_data,362,super_data,362,,
super_data,363,super_data,363,,
super_data,364,super_data,364,,
super_data,365,super_data,365,,
super_data,366,super_data,366,,
super_data,367,super_data,367,,
super_data,368,super_data,368,,
super_data,369,super_data,369,,
super_data,370,super_data,370,,
super_data,371,super_data,371,,
super_data,372,super_data,372,,
super_data,373,super_data,373,,
super_data,374,super_data,374,,
super_data,375,super_data,375,,
super_data,376,super_data,376,,
super_data,377,super_data,377,,
super_data,378,super_data,378,,
super_data,379,super_data,379,,
super_data,380,super_data,380,,
super_data,381,super_data,381,,
super_data,382,super_data,382,,
super_data,383,super_data,383,,
super_data,384,super_data,384,,
super_data,385,super_data,385,,
super_data,386,super_data,386,,
super_data,387,super_data,387,,
super_data,388,super_data,388,,
super_data,389,super_data,389,,
super_data,390,super_data,390,,
super_data,391,super_data,391,,
super_data,392,super_data,392,,
super_data,393,super_data,393,,
super_data,394,super_data,394,,
super_data,395,super_data,395,,
super_data,396,super_data,396,,
super_data,397,super_data,397,,
super_data,398,super_data,398,,
super_data,399,super_data,399,,
super_data,400,super_data,400,,
super_data,401,super_data,401,,
super_data,402,super_data,402,,
super_data,403,super_data,403,,
super_data,404,super_data,404,,
super_data,405,super_data,405,,
super_data,406,super_data,406,,
super_data,407,super_data,407,,
super_data,408,super_data,408,,
super_data,409,super_data,409,,
super_data,410,super_data,410,,
super_data,411,super_data,411,,
super_data,412,super_data,412,,
super_data,413,super_data,413,,
super_data,414,super_data,414,,
super_data,415,super_data,415,,
super_data,416,super_data,416,,
super_data,417,super_data,417,,
super_data,418,super_data,418,,
super_data,419,super_data,419,,
super_data,420,super_data,420,,
super_data,421,super_data,421,,
super_data,422,super_data,422,,
super_data,423,super_data,423,,
super_data,424,super_data,424,,
super_data,425,super_data,425,,
super_data,426,super_data,426,,
super_data,427,super_data,427,,
super_data,428,super_data,428,,
super_data,429,super_data,429,,
super_data,430,super_data,430,,
super_data,431,super_data,431,,
super_data,432,super_data,432,,
super_data,433,super_data,433,,
super_data,434,super_data,434,,
super_data,435,super_data,435,,
super_data,436,super_data,436,,
super_data,437,super_data,437,,
super_data,438,super_data,438,,
super_data,439,super_data,439,,
super_data,440,super_data,440,,
super_data,441,super_data,441,,
super_data,442,super_data,442,,
super_data,443,super_data,443,,
super_data,444,super_data,444,,
super_data,445,super_data,445,,
super_data,446,super_data,446,,
super_data,447,super_data,447,,
super_data,448,super_data,448,,
super_data,449,super_data,449,,
super_data,450,super_data,450,,
super_data,451,super_data,451,,
super_data,452,super_data,452,,
super_data,453,super_data,453,,
super_data,454,super_data,454,,
super_data,455,super_data,455,,
super_data,456,super_data,456,,
super_data,457,super_data,457,,
super_data,458,super_data,458,,
super_data,459,super_data,459,,
super_data,460,super_data,460,,
super_data,461,super_data,461,,
super_data,462,super_data,462,,
super_data,463,super_data,463,,
super_data,464,super_data,464,,
super_data,465,super_data,465,,
super_data,466,super_data,466,,
super_data,467,super_data,467,,
super_data,468,super_data,468,,
super_data,469,super_data,469,,
super_data,470,super_data,470,,
super_data,471,super_data,471,,
super_data,472,super_data,472,,
super_data,473,super_data,473,,
super_data,474,super_data,474,,
super_data,475,super_data,475,,
super_data,476,super_data,476,,
super_data,477,super_data,477,,
super_data,478,super_data,478,,
super_data,479,super_data,479,,
super_data,480,super_data,480,,
super_data,481,super_data,481,,
super_data,482,super_data,482,,
super_data,483,super_data,483,,
super_data,484,super_data,484,,
super_data,485,super_data,485,,
super_data,486,super_data,486,,
super_data,487,super_data,487,,
super_data,488,super_data,488,,
super_data,489,super_data,489,,
super_data,490,super_data,490,,
super_data,491,super_data,491,,
super_data,492,super_data,492,,
super_data,493,super_data,493,,
super_data,494,super_data,494,,
super_data,495,super_data,495,,
super_data,496,super_data,496,,
super_data,497,super_data,497,,
super_data,498,super_data,498,,
super_data,499,super_data,499,,
super_data,500,super_data,500,,
super_data,501,super_data,501,,
super_data,502,super_data,502,,
super_data,503,super_data,503,,
super_data,504,super_data,504,,
super_data,505,super_data,505,,
super_data,506,super_data,506,,
super_data,507,super_data,507,,
super_data,508,super_data,508,,
super_data,509,super_data,509,,
super_data,510,super_data,510,,
super_data,511,super_data,511,,
super_data,512,super_data,512,,
super_data,513,super_data,513,,
super_data,514,super_data,514,,
super_data,515,super_data,515,,
super_data,516,super_data,516,,
super_data,517,super_data,517,,
super_data,518,super_data,518,,
super_data,519,super_data,519,,
super_data,520,super_data,520,,
super_data,521,super_data,521,,
super_data,522,super_data,522,,
super_data,523,super_data,523,,
super_data,524,super_data,524,,
super_data,525,super_data,525,,
super_data,526,super_data,526,,
super_data,527,super_data,527,,
super_data,528,super_data,528,,
super_data,529,super_data,529,,
super_data,530,super_data,530,,
super_data,531,super_data,531,,
super_data,532,super_data,532,,
super_data,533,super_data,533,,
super_data,534,super_data,534,,
super_data,535,super_data,535,,
super_data,536,super_data,536,,
super_data,537,super_data,537,,
super_data,538,super_data,538,,
super_data,539,super_data,539,,
super_data,540,super_data,540,,
super_data,541,super_data,541,,
super_data,542,super_data,542,,
super_data,543,super_data,543,,
ps_data,0,ps_data,0,,
ps_data,1,ps_data,1,,
ps_data,2,ps_data,2,,
ps_data,3,ps_data,3,,
ps_data,4,ps_data,4,,
ps_data,5,ps_data,5,,
ps_data,6,ps_data,6,,
ps_data,7,ps_data,7,,
ps_data,8,ps_data,8,,
ps_data,9,ps_data,9,,
ps_data,10,ps_data,10,,
ps_data,11,ps_data,11,,
ps_data,12,ps_data,12,,
ps_data,13,ps_data,13,,
ps_data,14,ps_data,14,,
ps_data,15,ps_data,15,,
ps_data,16,ps_data,16,,
ps_data,17,ps_data,17,,
ps_data,18,ps_data,18,,
ps_data,19,ps_data,19,,
ps_data,20,ps_data,20,,
ps_data,21,ps_data,21,,
ps_data,22,ps_data,22,,
ps_data,23,ps_data,23,,
ps_data,24,ps_data,24,,
ps_data,25,ps_data,25,,
ps_data,26,ps_data,26,,
ps_data,27,ps_data,27,,
ps_data,28,ps_data,28,,
ps_data,29,ps_data,29,,
ps_data,30,ps_data,30,,
ps_data,31,ps_data,31,,
ps_data,32,ps_data,32,,
ps_data,33,ps_data,33,,
ps_data,34,ps_data,34,,
ps_data,35,ps_data,35,,
ps_data,36,ps_data,36,,
ps_data,37,ps_data,37,,
ps_data,38,ps_data,38,,
ps_data,39,ps_data,39,,
ps_data,40,ps_data,40,,
ps_data,41,ps_data,41,,
ps_data,42,ps_data,42,,
ps_data,43,ps_data,43,,
ps_data,44,ps_data,44,,
ps_data,45,ps_data,45,,
ps_data,46,ps_data,46,,
ps_data,47,ps_data,47,,
ps_data,48,ps_data,48,,
ps_data,49,ps_data,49,,
ps_data,50,ps_data,50,,
ps_data,51,ps_data,51,,
ps_data,52,ps_data,52,,
ps_data,53,ps_data,53,,
ps_data,54,ps_data,54,,
ps_data,55,ps_data,55,,
ps_data,56,ps_data,56,,
ps_data,57,ps_data,57,,
ps_data,58,ps_data,58,,
ps_data,59,ps_data,59,,
ps_data,60,ps_data,60,,
ps_data,61,ps_data,61,,
ps_data,62,ps_data,62,,
ps_data,63,ps_data,63,,
ps_data,64,ps_data,64,,
ps_data,65,ps_data,65,,
ps_data,66,ps_data,66,,
ps_data,67,ps_data,67,,
ps_data,68,ps_data,68,,
ps_data,69,ps_data,69,,
ps_data,70,ps_data,70,,
ps_data,71,ps_data,71,,
ps_data,72,ps_data,72,,
ps_data,73,ps_data,73,,
ps_data,74,ps_data,74,,
ps_data,75,ps_data,75,,
ps_data,76,ps_data,76,,
ps_data,77,ps_data,77,,
ps_data,78,ps_data,78,,
ps_data,79,ps_data,79,,
ps_data,80,ps_data,80,,
ps_data,81,ps_data,81,,
ps_data,82,ps_data,82,,
ps_data,83,ps_data,83,,
ps_data,84,ps_data,84,,
ps_data,85,ps_data,85,,
ps_data,86,ps_data,86,,
ps_data,87,ps_data,87,,
ps_data,88,ps_data,88,,
ps_data,89,ps_data,89,,
ps_data,90,ps_data,90,,
ps_data,91,ps_data,91,,
ps_data,92,ps_data,92,,
ps_data,93,ps_data,93,,
ps_data,94,ps_data,94,,
ps_data,95,ps_data,95,,
ps_data,96,ps_data,96,,
ps_data,97,ps_data,97,,
ps_data,98,ps_data,98,,
ps_data,99,ps_data,99,,
ps_data,100,ps_data,100,,
ps_data,101,ps_data,101,,
ps_data,102,ps_data,102,,
ps_data,103,ps_data,103,,
ps_data,104,ps_data,104,,
ps_data,105,ps_data,105,,
ps_data,106,ps_data,106,,
ps_data,107,ps_data,107,,
ps_data,108,ps_data,108,,
ps_data,109,ps_data,109,,
ps_data,110,ps_data,110,,
ps_data,111,ps_data,111,,
ps_data,112,ps_data,112,,
ps_data,113,ps_data,113,,
ps_data,114,ps_data,114,,
ps_data,115,ps_data,115,,
ps_data,116,ps_data,116,,
ps_data,117,ps_data,117,,
ps_data,118,ps_data,118,,
ps_data,119,ps_data,119,,
ps_data,120,ps_data,120,,
ps_data,121,ps_data,121,,
ps_data,122,ps_data,122,,
ps_data,123,ps_data,123,,
ps_data,124,ps_data,124,,
ps_data,125,ps_data,125,,
ps_data,126,ps_data,126,,
ps_data,127,ps_data,127,,
ps_data,128,ps_data,128,,
ps_data,129,ps_data,129,,
ps_data,130,ps_data,130,,
ps_data,131,ps_data,131,,
ps_data,132,ps_data,132,,
ps_data,133,ps_data,133,,
ps_data,134,ps_data,134,,
ps_data,135,ps_data,135,,
ps_data,136,ps_data,136,,
ps_data,137,ps_data,137,,
ps_data,138,ps_data,138,,
ps_data,139,ps_data,139,,
ps_data,140,ps_data,140,,
ps_data,141,ps_data,141,,
ps_data,142,ps_data,142,,
ps_data,143,ps_data,143,,
ps_data,144,ps_data,144,,
ps_data,145,ps_data,145,,
ps_data,146,ps_data,146,,
ps_data,147,ps_data,147,,
ps_data,148,ps_data,148,,
ps_data,149,ps_data,149,,
ps_data,150,ps_data,150,,
ps_data,151,ps_data,151,,
ps_data,152,ps_data,152,,
ps_data,153,ps_data,153,,
ps_data,154,ps_data,154,,
ps_data,155,ps_data,155,,
ps_data,156,ps_data,156,,
ps_data,157,ps_data,157,,
ps_data,158,ps_data,158,,
ps_data,159,ps_data,159,,
ps_data,160,ps_data,160,,
ps_data,161,ps_data,161,,
ps_data,162,ps_data,162,,
ps_data,163,ps_data,163,,
ps_data,164,ps_data,164,,
ps_data,165,ps_data,165,,
ps_data,166,ps_data,166,,
ps_data,167,ps_data,167,,
ps_data,168,ps_data,168,,
ps_data,169,ps_data,169,,
ps_data,170,ps_data,170,,
ps_data,171,ps_data,171,,
ps_data,172,ps_data,172,,
ps_data,173,ps_data,173,,
ps_data,174,ps_data,174,,
ps_data,175,ps_data,175,,
ps_data,176,ps_data,176,,
ps_data,177,ps_data,177,,
ps_data,178,ps_data,178,,
ps_data,179,ps_data,179,,
ps_data,180,ps_data,180,,
ps_data,181,ps_data,181,,
ps_data,182,ps_data,182,,
ps_data,183,ps_data,183,,
ps_data,184,ps_data,184,,
ps_data,185,ps_data,185,,
ps_data,186,ps_data,186,,
ps_data,187,ps_data,187,,
ps_data,188,ps_data,188,,
ps_data,189,ps_data,189,,
ps_data,190,ps_data,190,,
ps_data,191,ps_data,191,,
ps_data,192,ps_data,192,,
ps_data,193,ps_data,193,,
ps_data,194,ps_data,194,,
ps_data,195,ps_data,195,,
ps_data,196,ps_data,196,,
ps_data,197,ps_data,197,,
ps_data,198,ps_data,198,,
ps_data,199,ps_data,199,,
ps_data,200,ps_data,200,,
ps_data,201,ps_data,201,,
ps_data,202,ps_data,202,,
ps_data,203,ps_data,203,,
ps_data,204,ps_data,204,,
ps_data,205,ps_data,205,,
ps_data,206,ps_data,206,,
ps_data,207,ps_data,207,,
ps_data,208,ps_data,208,,
ps_data,209,ps_data,209,,
ps_data,210,ps_data,210,,
ps_data,211,ps_data,211,,
ps_data,212,ps_data,212,,
ps_data,213,ps_data,213,,
ps_data,214,ps_data,214,,
ps_data,215,ps_data,215,,
ps_data,216,ps_data,216,,
ps_data,217,ps_data,217,,
ps_data,218,ps_data,218,,
ps_data,219,ps_data,219,,
ps_data,220,ps_data,220,,
ps_data,221,ps_data,221,,
ps_data,222,ps_data,222,,
ps_data,223,ps_data,223,,
ps_data,224,ps_data,224,,
ps_data,225,ps_data,225,,
ps_data,226,ps_data,226,,
ps_data,227,ps_data,227,,
ps_data,228,ps_data,228,,
ps_data,229,ps_data,229,,
ps_data,230,ps_data,230,,
ps_data,231,ps_data,231,,
ps_data,232,ps_data,232,,
ps_data,233,ps_data,233,,
ps_data,234,ps_data,234,,
ps_data,235,ps_data,235,,
ps_data,236,ps_data,236,,
ps_data,237,ps_data,237,,
ps_data,238,ps_data,238,,
ps_data,239,ps_data,239,,
ps_data,240,ps_data,240,,
ps_data,241,ps_data,241,,
ps_data,242,ps_data,242,,
ps_data,243,ps_data,243,,
ps_data,244,ps_data,244,,
ps_data,245,ps_data,245,,
ps_data,246,ps_data,246,,
ps_data,247,ps_data,247,,
ps_data,248,ps_data,248,,
ps_data,249,ps_data,249,,
ps_data,250,ps_data,250,,
ps_data,251,ps_data,251,,
ps_data,252,ps_data,252,,
ps_data,253,ps_data,253,,
ps_data,254,ps_data,254,,
ps_data,255,ps_data,255,,
ps_data,256,ps_data,256,,
ps_data,257,ps_data,257,,
ps_data,258,ps_data,258,,
ps_data,259,ps_data,259,,
ps_data,260,ps_data,260,,
ps_data,261,ps_data,261,,
ps_data,262,ps_data,262,,
ps_data,263,ps_data,263,,
ps_data,264,ps_data,264,,
ps_data,265,ps_data,265,,
ps_data,266,ps_data,266,,
ps_data,267,ps_data,267,,
ps_data,268,ps_data,268,,
ps_data,269,ps_data,269,,
ps_data,270,ps_data,270,,
ps_data,271,ps_data,271,,
ps_data,272,ps_data,272,,
ps_data,273,ps_data,273,,
ps_data,274,ps_data,274,,
ps_data,275,ps_data,275,,
ps_data,276,ps_data,276,,
ps_data,277,ps_data,277,,
ps_data,278,ps_data,278,,
ps_data,279,ps_data,279,,
ps_data,280,ps_data,280,,
ps_data,281,ps_data,281,,
ps_data,282,ps_data,282,,
ps_data,283,ps_data,283,,
ps_data,284,ps_data,284,,
ps_data,285,ps_data,285,,
ps_data,286,ps_data,286,,
ps_data,287,ps_data,287,,
ps_data,288,ps_data,288,,
ps_data,289,ps_data,289,,
ps_data,290,ps_data,290,,
ps_data,291,ps_data,291,,
ps_data,292,ps_data,292,,
ps_data,293,ps_data,293,,
ps_data,294,ps_data,294,,
ps_data,295,ps_data,295,,
ps_data,296,ps_data,296,,
ps_data,297,ps_data,297,,
ps_data,298,ps_data,298,,
ps_data,299,ps_data,299,,
ps_data,300,ps_data,300,,
ps_data,301,ps_data,301,,
ps_data,302,ps_data,302,,
ps_data,303,ps_data,303,,
ps_data,304,ps_data,304,,
ps_data,305,ps_data,305,,
ps_data,306,ps_data,306,,
ps_data,307,ps_data,307,,
ps_data,308,ps_data,308,,
ps_data,309,ps_data,309,,
ps_data,310,ps_data,310,,
ps_data,311,ps_data,311,,
ps_data,312,ps_data,312,,
ps_data,313,ps_data,313,,
ps_data,314,ps_data,314,,
ps_data,315,ps_data,315,,
ps_data,316,ps_data,316,,
ps_data,317,ps_data,317,,
ps_data,318,ps_data,318,,
ps_data,319,ps_data,319,,
ps_data,320,ps_data,320,,
ps_data,321,ps_data,321,,
ps_data,322,ps_data,322,,
ps_data,323,ps_data,323,,
ps_data,324,ps_data,324,,
ps_data,325,ps_data,325,,
ps_data,326,ps_data,326,,
ps_data,327,ps_data,327,,
ps_data,328,ps_data,328,,
ps_data,329,ps_data,329,,
ps_data,330,ps_data,330,,
ps_data,331,ps_data,331,,
ps_data,332,ps_data,332,,
ps_data,333,ps_data,333,,
ps_data,334,ps_data,334,,
ps_data,335,ps_data,335,,
ps_data,336,ps_data,336,,
ps_data,337,ps_data,337,,
ps_data,338,ps_data,338,,
ps_data,339,ps_data,339,,
ps_data,340,ps_data,340,,
ps_data,341,ps_data,341,,
ps_data,342,ps_data,342,,
ps_data,343,ps_data,343,,
ps_data,344,ps_data,344,,
ps_data,345,ps_data,345,,
ps_data,346,ps_data,346,,
ps_data,347,ps_data,347,,
ps_data,348,ps_data,348,,
ps_data,349,ps_data,349,,
ps_data,350,ps_data,350,,
ps_data,351,ps_data,351,,
ps_data,352,ps_data,352,,
ps_data,353,ps_data,353,,
ps_data,354,ps_data,354,,
ps_data,355,ps_data,355,,
ps_data,356,ps_data,356,,
ps_data,357,ps_data,357,,
ps_data,358,ps_data,358,,
ps_data,359,ps_data,359,,
ps_data,360,ps_data,360,,
ps_data,361,ps_data,361,,
ps_data,362,ps_data,362,,
ps_data,363,ps_data,363,,
ps_data,364,ps_data,364,,
ps_data,365,ps_data,365,,
ps_data,366,ps_data,366,,
ps_data,367,ps_data,367,,
ps_data,368,ps_data,368,,
ps_data,369,ps_data,369,,
ps_data,370,ps_data,370,,
ps_data,371,ps_data,371,,
ps_data,372,ps_data,372,,
ps_data,373,ps_data,373,,
ps_data,374,ps_data,374,,
ps_data,375,ps_data,375,,
ps_data,376,ps_data,376,,
ps_data,377,ps_data,377,,
ps_data,378,ps_data,378,,
ps_data,379,ps_data,379,,
ps_data,380,ps_data,380,,
ps_data,381,ps_data,381,,
ps_data,382,ps_data,382,,
ps_data,383,ps_data,383,,
ps_data,384,ps_data,384,,
ps_data,385,ps_data,385,,
ps_data,386,ps_data,386,,
ps_data,387,ps_data,387,,
ps_data,388,ps_data,388,,
ps_data,389,ps_data,389,,
ps_data,390,ps_data,390,,
ps_data,391,ps_data,391,,
ps_data,392,ps_data,392,,
ps_data,393,ps_data,393,,
ps_data,394,ps_data,394,,
ps_data,395,ps_data,395,,
ps_data,396,ps_data,396,,
ps_data,397,ps_data,397,,
ps_data,398,ps_data,398,,
ps_data,399,ps_data,399,,
ps_data,400,ps_data,400,,
ps_data,401,ps_data,401,,
ps_data,402,ps_data,402,,
ps_data,403,ps_data,403,,
ps_data,404,ps_data,404,,
ps_data,405,ps_data,405,,
ps_data,406,ps_data,406,,
ps_data,407,ps_data,407,,
ps_data,408,ps_data,408,,
ps_data,409,ps_data,409,,
ps_data,410,ps_data,410,,
ps_data,411,ps_data,411,,
ps_data,412,ps_data,412,,
ps_data,413,ps_data,413,,
ps_data,414,ps_data,414,,
ps_data,415,ps_data,415,,
ps_data,416,ps_data,416,,
ps_data,417,ps_data,417,,
ps_data,418,ps_data,418,,
ps_data,419,ps_data,419,,
ps_data,420,ps_data,420,,
ps_data,421,ps_data,421,,
ps_data,422,ps_data,422,,
ps_data,423,ps_data,423,,
ps_data,424,ps_data,424,,
ps_data,425,ps_data,425,,
ps_data,426,ps_data,426,,
ps_data,427,ps_data,427,,
ps_data,428,ps_data,428,,
ps_data,429,ps_data,429,,
ps_data,430,ps_data,430,,
ps_data,431,ps_data,431,,
ps_data,432,ps_data,432,,
ps_data,433,ps_data,433,,
ps_data,434,ps_data,434,,
ps_data,435,ps_data,435,,
ps_data,436,ps_data,436,,
ps_data,437,ps_data,437,,
ps_data,438,ps_data,438,,
ps_data,439,ps_data,439,,
ps_data,440,ps_data,440,,
ps_data,441,ps_data,441,,
ps_data,442,ps_data,442,,
ps_data,443,ps_data,443,,
ps_data,444,ps_data,444,,
ps_data,445,ps_data,445,,
ps_data,446,ps_data,446,,
ps_data,447,ps_data,447,,
ps_data,448,ps_data,448,,
ps_data,449,ps_data,449,,
ps_data,450,ps_data,450,,
ps_data,451,ps_data,451,,
ps_data,452,ps_data,452,,
ps_data,453,ps_data,453,,
ps_data,454,ps_data,454,,
ps_data,455,ps_data,455,,
ps_data,456,ps_data,456,,
ps_data,457,ps_data,457,,
ps_data,458,ps_data,458,,
ps_data,459,ps_data,459,,
ps_data,460,ps_data,460,,
ps_data,461,ps_data,461,,
ps_data,462,ps_data,462,,
ps_data,463,ps_data,463,,
ps_data,464,ps_data,464,,
ps_data,465,ps_data,465,,
ps_data,466,ps_data,466,,
ps_data,467,ps_data,467,,
ps_data,468,ps_data,468,,
ps_data,469,ps_data,469,,
ps_data,470,ps_data,470,,
ps_data,471,ps_data,471,,
ps_data,472,ps_data,472,,
ps_data,473,ps_data,473,,
ps_data,474,ps_data,474,,
ps_data,475,ps_data,475,,
ps_data,476,ps_data,476,,
ps_data,477,ps_data,477,,
ps_data,478,ps_data,478,,
ps_data,479,ps_data,479,,
ps_data,480,ps_data,480,,
ps_data,481,ps_data,481,,
ps_data,482,ps_data,482,,
ps_data,483,ps_data,483,,
ps_data,484,ps_data,484,,
ps_data,485,ps_data,485,,
ps_data,486,ps_data,486,,
ps_data,487,ps_data,487,,
ps_data,488,ps_data,488,,
ps_data,489,ps_data,489,,
ps_data,490,ps_data,490,,
ps_data,491,ps_data,491,,
ps_data,492,ps_data,492,,
ps_data,493,ps_data,493,,
ps_data,494,ps_data,494,,
ps_data,495,ps_data,495,,
ps_data,496,ps_data,496,,
ps_data,497,ps_data,497,,
ps_data,498,ps_data,498,,
ps_data,499,ps_data,499,,
ps_data,500,ps_data,500,,
ps_data,501,ps_data,501,,
ps_data,502,ps_data,502,,
ps_data,503,ps_data,503,,
ps_data,504,ps_data,504,,
ps_data,505,ps_data,505,,
ps_data,506,ps_data,506,,
ps_data,507,ps_data,507,,
ps_data,508,ps_data,508,,
ps_data,509,ps_data,509,,
ps_data,510,ps_data,510,,
ps_data,511,ps_data,511,,
ps_data,512,ps_data,512,,
ps_data,513,ps_data,513,,
ps_data,514,ps_data,514,,
ps_data,515,ps_data,515,,
ps_data,516,ps_data,516,,
ps_data,517,ps_data,517,,
ps_data,518,ps_data,518,,
ps_data,519,ps_data,519,,
ps_data,520,ps_data,520,,
ps_data,521,ps_data,521,,
ps_data,522,ps_data,522,,
ps_data,523,ps_data,523,,
ps_data,524,ps_data,524,,
ps_data,525,ps_data,525,,
ps_data,526,ps_data,526,,
ps_data,527,ps_data,527,,
ps_data,528,ps_data,528,,
ps_data,529,ps_data,529,,
ps_data,530,ps_data,530,,
ps_data,531,ps_data,531,,
ps_data,532,ps_data,532,,
ps_data,533,ps_data,533,,
ps_data,534,ps_data,534,,
ps_data,535,ps_data,535,,
ps_data,536,ps_data,536,,
ps_data,537,ps_data,537,,
ps_data,538,ps_data,538,,
ps_data,539,ps_data,539,,
ps_data,540,ps_data,540,,
ps_data,541,ps_data,541,,
ps_data,542,ps_data,542,,
ps_data,543,ps_data,543,,
string_data,0,string_data,0,,
string_data,1,string_data,1,,
string_data,2,string_data,2,,
string_data,3,string_data,3,,
string_data,4,string_data,4,,
string_data,5,string_data,5,,
string_data,6,string_data,6,,
string_data,7,string_data,7,,
string_data,8,string_data,8,,
string_data,9,string_data,9,,
string_data,10,string_data,10,,
string_data,11,string_data,11,,
string_data,12,string_data,12,,
string_data,13,string_data,13,,
string_data,14,string_data,14,,
string_data,15,string_data,15,,
string_data,16,string_data,16,,
string_data,17,string_data,17,,
string_data,18,string_data,18,,
string_data,19,string_data,19,,
string_data,20,string_data,20,,
string_data,21,string_data,21,,
string_data,22,string_data,22,,
string_data,23,string_data,23,,
string_data,24,string_data,24,,
string_data,25,string_data,25,,
string_data,26,string_data,26,,
string_data,27,string_data,27,,
string_data,28,string_data,28,,
string_data,29,string_data,29,,
string_data,30,string_data,30,,
string_data,31,string_data,31,,
string_data,32,string_data,32,,
string_data,33,string_data,33,,
string_data,34,string_data,34,,
string_data,35,string_data,35,,
string_data,36,string_data,36,,
string_data,37,string_data,37,,
string_data,38,string_data,38,,
string_data,39,string_data,39,,
string_data,40,string_data,40,,
string_data,41,string_data,41,,
string_data,42,string_data,42,,
string_data,43,string_data,43,,
string_data,44,string_data,44,,
string_data,45,string_data,45,,
string_data,46,string_data,46,,
string_data,47,string_data,47,,
string_data,48,string_data,48,,
string_data,49,string_data,49,,
string_data,50,string_data,50,,
string_data,51,string_data,51,,
string_data,52,string_data,52,,
string_data,53,string_data,53,,
string_data,54,string_data,54,,
string_data,55,string_data,55,,
string_data,56,string_data,56,,
string_data,57,string_data,57,,
string_data,58,string_data,58,,
string_data,59,string_data,59,,
string_data,60,string_data,60,,
string_data,61,string_data,61,,
string_data,62,string_data,62,,
string_data,63,string_data,63,,
string_data,64,string_data,64,,
string_data,65,string_data,65,,
string_data,66,string_data,66,,
string_data,67,string_data,67,,
string_data,68,string_data,68,,
string_data,69,string_data,69,,
string_data,70,string_data,70,,
string_data,71,string_data,71,,
string_data,72,string_data,72,,
string_data,73,string_data,73,,
string_data,74,string_data,74,,
string_data,75,string_data,75,,
string_data,76,string_data,76,,
string_data,77,string_data,77,,
string_data,78,string_data,78,,
string_data,79,string_data,79,,
string_data,80,string_data,80,,
string_data,81,string_data,81,,
string_data,82,string_data,82,,
string_data,83,string_data,83,,
string_data,84,string_data,84,,
string_data,85,string_data,85,,
string_data,86,string_data,86,,
string_data,87,string_data,87,,
string_data,88,string_data,88,,
string_data,89,string_data,89,,
string_data,90,string_data,90,,
string_data,91,string_data,91,,
string_data,92,string_data,92,,
string_data,93,string_data,93,,
string_data,94,string_data,94,,
string_data,95,string_data,95,,
string_data,96,string_data,96,,
string_data,97,string_data,97,,
string_data,98,string_data,98,,
string_data,99,string_data,99,,
string_data,100,string_data,100,,
string_data,101,string_data,101,,
string_data,102,string_data,102,,
string_data,103,string_data,103,,
string_data,104,string_data,104,,
string_data,105,string_data,105,,
string_data,106,string_data,106,,
string_data,107,string_data,107,,
string_data,108,string_data,108,,
string_data,109,string_data,109,,
string_data,110,string_data,110,,
string_data,111,string_data,111,,
string_data,112,string_data,112,,
string_data,113,string_data,113,,
string_data,114,string_data,114,,
string_data,115,string_data,115,,
string_data,116,string_data,116,,
string_data,117,string_data,117,,
string_data,118,string_data,118,,
string_data,119,string_data,119,,
string_data,120,string_data,120,,
string_data,121,string_data,121,,
string_data,122,string_data,122,,
string_data,123,string_data,123,,
string_data,124,string_data,124,,
string_data,125,string_data,125,,
string_data,126,string_data,126,,
string_data,127,string_data,127,,
string_data,128,string_data,128,,
string_data,129,string_data,129,,
string_data,130,string_data,130,,
string_data,131,string_data,131,,
string_data,132,string_data,132,,
string_data,133,string_data,133,,
string_data,134,string_data,134,,
string_data,135,string_data,135,,
string_data,136,string_data,136,,
string_data,137,string_data,137,,
string_data,138,string_data,138,,
string_data,139,string_data,139,,
string_data,140,string_data,140,,
string_data,141,string_data,141,,
string_data,142,string_data,142,,
string_data,143,string_data,143,,
string_data,144,string_data,144,,
string_data,145,string_data,145,,
string_data,146,string_data,146,,
string_data,147,string_data,147,,
string_data,148,string_data,148,,
string_data,149,string_data,149,,
string_data,150,string_data,150,,
string_data,151,string_data,151,,
string_data,152,string_data,152,,
string_data,153,string_data,153,,
string_data,154,string_data,154,,
string_data,155,string_data,155,,
string_data,156,string_data,156,,
string_data,157,string_data,157,,
string_data,158,string_data,158,,
string_data,159,string_data,159,,
string_data,160,string_data,160,,
string_data,161,string_data,161,,
string_data,162,string_data,162,,
string_data,163,string_data,163,,
string_data,164,string_data,164,,
string_data,165,string_data,165,,
string_data,166,string_data,166,,
string_data,167,string_data,167,,
string_data,168,string_data,168,,
string_data,169,string_data,169,,
string_data,170,string_data,170,,
string_data,171,string_data,171,,
string_data,172,string_data,172,,
string_data,173,string_data,173,,
string_data,174,string_data,174,,
string_data,175,string_data,175,,
string_data,176,string_data,176,,
string_data,177,string_data,177,,
string_data,178,string_data,178,,
string_data,179,string_data,179,,
string_data,180,string_data,180,,
string_data,181,string_data,181,,
string_data,182,string_data,182,,
string_data,183,string_data,183,,
string_data,184,string_data,184,,
string_data,185,string_data,185,,
string_data,186,string_data,186,,
string_data,187,string_data,187,,
string_data,188,string_data,188,,
string_data,189,string_data,189,,
string_data,190,string_data,190,,
string_data,191,string_data,191,,
string_data,192,string_data,192,,
string_data,193,string_data,193,,
string_data,194,string_data,194,,
string_data,195,string_data,195,,
string_data,196,string_data,196,,
string_data,197,string_data,197,,
string_data,198,string_data,198,,
string_data,199,string_data,199,,
string_data,200,string_data,200,,
string_data,201,string_data,201,,
string_data,202,string_data,202,,
string_data,203,string_data,203,,
string_data,204,string_data,204,,
string_data,205,string_data,205,,
string_data,206,string_data,206,,
string_data,207,string_data,207,,
string_data,208,string_data,208,,
string_data,209,string_data,209,,
string_data,210,string_data,210,,
string_data,211,string_data,211,,
string_data,212,string_data,212,,
string_data,213,string_data,213,,
string_data,214,string_data,214,,
string_data,215,string_data,215,,
string_data,216,string_data,216,,
string_data,217,string_data,217,,
string_data,218,string_data,218,,
string_data,219,string_data,219,,
string_data,220,string_data,220,,
string_data,221,string_data,221,,
string_data,222,string_data,222,,
string_data,223,string_data,223,,
string_data,224,string_data,224,,
string_data,225,string_data,225,,
string_data,226,string_data,226,,
string_data,227,string_data,227,,
string_data,228,string_data,228,,
string_data,229,string_data,229,,
string_data,230,string_data,230,,
string_data,231,string_data,231,,
string_data,232,string_data,232,,
string_data,233,string_data,233,,
string_data,234,string_data,234,,
string_data,235,string_data,235,,
string_data,236,string_data,236,,
string_data,237,string_data,237,,
string_data,238,string_data,238,,
string_data,239,string_data,239,,
string_data,240,string_data,240,,
string_data,241,string_data,241,,
string_data,242,string_data,242,,
string_data,243,string_data,243,,
string_data,244,string_data,244,,
string_data,245,string_data,245,,
string_data,246,string_data,246,,
string_data,247,string_data,247,,
string_data,248,string_data,248,,
string_data,249,string_data,249,,
string_data,250,string_data,250,,
string_data,251,string_data,251,,
string_data,252,string_data,252,,
string_data,253,string_data,253,,
string_data,254,string_data,254,,
string_data,255,string_data,255,,
string_data,256,string_data,256,,
string_data,257,string_data,257,,
string_data,258,string_data,258,,
string_data,259,string_data,259,,
string_data,260,string_data,260,,
string_data,261,string_data,261,,
string_data,262,string_data,262,,
string_data,263,string_data,263,,
string_data,264,string_data,264,,
string_data,265,string_data,265,,
string_data,266,string_data,266,,
string_data,267,string_data,267,,
string_data,268,string_data,268,,
string_data,269,string_data,269,,
string_data,270,string_data,270,,
string_data,271,string_data,271,,
string_data,272,string_data,272,,
string_data,273,string_data,273,,
string_data,274,string_data,274,,
string_data,275,string_data,275,,
string_data,276,string_data,276,,
string_data,277,string_data,277,,
string_data,278,string_data,278,,
string_data,279,string_data,279,,
string_data,280,string_data,280,,
string_data,281,string_data,281,,
string_data,282,string_data,282,,
string_data,283,string_data,283,,
string_data,284,string_data,284,,
string_data,285,string_data,285,,
string_data,286,string_data,286,,
string_data,287,string_data,287,,
string_data,288,string_data,288,,
string_data,289,string_data,289,,
string_data,290,string_data,290,,
string_data,291,string_data,291,,
string_data,292,string_data,292,,
string_data,293,string_data,293,,
string_data,294,string_data,294,,
string_data,295,string_data,295,,
string_data,296,string_data,296,,
string_data,297,string_data,297,,
string_data,298,string_data,298,,
string_data,299,string_data,299,,
string_data,300,string_data,300,,
string_data,301,string_data,301,,
string_data,302,string_data,302,,
string_data,303,string_data,303,,
string_data,304,string_data,304,,
string_data,305,string_data,305,,
string_data,306,string_data,306,,
string_data,307,string_data,307,,
string_data,308,string_data,308,,
string_data,309,string_data,309,,
string_data,310,string_data,310,,
string_data,311,string_data,311,,
string_data,312,string_data,312,,
string_data,313,string_data,313,,
string_data,314,string_data,314,,
string_data,315,string_data,315,,
string_data,316,string_data,316,,
string_data,317,string_data,317,,
string_data,318,string_data,318,,
string_data,319,string_data,319,,
string_data,320,string_data,320,,
string_data,321,string_data,321,,
string_data,322,string_data,322,,
string_data,323,string_data,323,,
string_data,324,string_data,324,,
string_data,325,string_data,325,,
string_data,326,string_data,326,,
string_data,327,string_data,327,,
string_data,328,string_data,328,,
string_data,329,string_data,329,,
string_data,330,string_data,330,,
string_data,331,string_data,331,,
string_data,332,string_data,332,,
string_data,333,string_data,333,,
string_data,334,string_data,334,,
string_data,335,string_data,335,,
string_data,336,string_data,336,,
string_data,337,string_data,337,,
string_data,338,string_data,338,,
string_data,339,string_data,339,,
string_data,340,string_data,340,,
string_data,341,string_data,341,,
string_data,342,string_data,342,,
string_data,343,string_data,343,,
string_data,344,string_data,344,,
string_data,345,string_data,345,,
string_data,346,string_data,346,,
string_data,347,string_data,347,,
string_data,348,string_data,348,,
string_data,349,string_data,349,,
string_data,350,string_data,350,,
string_data,351,string_data,351,,
string_data,352,string_data,352,,
string_data,353,string_data,353,,
string_data,354,string_data,354,,
string_data,355,string_data,355,,
string_data,356,string_data,356,,
string_data,357,string_data,357,,
string_data,358,string_data,358,,
string_data,359,string_data,359,,
string_data,360,string_data,360,,
string_data,361,string_data,361,,
string_data,362,string_data,362,,
string_data,363,string_data,363,,
string_data,364,string_data,364,,
string_data,365,string_data,365,,
string_data,366,string_data,366,,
string_data,367,string_data,367,,
string_data,368,string_data,368,,
string_data,369,string_data,369,,
string_data,370,string_data,370,,
string_data,371,string_data,371,,
string_data,372,string_data,372,,
string_data,373,string_data,373,,
string_data,374,string_data,374,,
string_data,375,string_data,375,,
string_data,376,string_data,376,,
string_data,377,string_data,377,,
string_data,378,string_data,378,,
string_data,379,string_data,379,,
string_data,380,string_data,380,,
string_data,381,string_data,381,,
string_data,382,string_data,382,,
string_data,383,string_data,383,,
string_data,384,string_data,384,,
string_data,385,string_data,385,,
string_data,386,string_data,386,,
string_data,387,string_data,387,,
string_data,388,string_data,388,,
string_data,389,string_data,389,,
string_data,390,string_data,390,,
string_data,391,string_data,391,,
string_data,392,string_data,392,,
string_data,393,string_data,393,,
string_data,394,string_data,394,,
string_data,395,string_data,395,,
string_data,396,string_data,396,,
string_data,397,string_data,397,,
string_data,398,string_data,398,,
string_data,399,string_data,399,,
string_data,400,string_data,400,,
string_data,401,string_data,401,,
string_data,402,string_data,402,,
string_data,403,string_data,403,,
string_data,404,string_data,404,,
string_data,405,string_data,405,,
string_data,406,string_data,406,,
string_data,407,string_data,407,,
string_data,408,string_data,408,,
string_data,409,string_data,409,,
string_data,410,string_data,410,,
string_data,411,string_data,411,,
string_data,412,string_data,412,,
string_data,413,string_data,413,,
string_data,414,string_data,414,,
string_data,415,string_data,415,,
string_data,416,string_data,416,,
string_data,417,string_data,417,,
string_data,418,string_data,418,,
string_data,419,string_data,419,,
string_data,420,string_data,420,,
string_data,421,string_data,421,,
string_data,422,string_data,422,,
string_data,423,string_data,423,,
string_data,424,string_data,424,,
string_data,425,string_data,425,,
string_data,426,string_data,426,,
string_data,427,string_data,427,,
string_data,428,string_data,428,,
string_data,429,string_data,429,,
string_data,430,string_data,430,,
string_data,431,string_data,431,,
string_data,432,string_data,432,,
string_data,433,string_data,433,,
string_data,434,string_data,434,,
string_data,435,string_data,435,,
string_data,436,string_data,436,,
string_data,437,string_data,437,,
string_data,438,string_data,438,,
string_data,439,string_data,439,,
string_data,440,string_data,440,,
string_data,441,string_data,441,,
string_data,442,string_data,442,,
string_data,443,string_data,443,,
string_data,444,string_data,444,,
string_data,445,string_data,445,,
string_data,446,string_data,446,,
string_data,447,string_data,447,,
string_data,448,string_data,448,,
string_data,449,string_data,449,,
string_data,450,string_data,450,,
string_data,451,string_data,451,,
string_data,452,string_data,452,,
string_data,453,string_data,453,,
string_data,454,string_data,454,,
string_data,455,string_data,455,,
string_data,456,string_data,456,,
string_data,457,string_data,457,,
string_data,458,string_data,458,,
string_data,459,string_data,459,,
string_data,460,string_data,460,,
string_data,461,string_data,461,,
string_data,462,string_data,462,,
string_data,463,string_data,463,,
string_data,464,string_data,464,,
string_data,465,string_data,465,,
string_data,466,string_data,466,,
string_data,467,string_data,467,,
string_data,468,string_data,468,,
string_data,469,string_data,469,,
string_data,470,string_data,470,,
string_data,471,string_data,471,,
string_data,472,string_data,472,,
string_data,473,string_data,473,,
string_data,474,string_data,474,,
string_data,475,string_data,475,,
string_data,476,string_data,476,,
string_data,477,string_data,477,,
string_data,478,string_data,478,,
string_data,479,string_data,479,,
string_data,480,string_data,480,,
string_data,481,string_data,481,,
string_data,482,string_data,482,,
string_data,483,string_data,483,,
string_data,484,string_data,484,,
string_data,485,string_data,485,,
string_data,486,string_data,486,,
string_data,487,string_data,487,,
string_data,488,string_data,488,,
string_data,489,string_data,489,,
string_data,490,string_data,490,,
string_data,491,string_data,491,,
string_data,492,string_data,492,,
string_data,493,string_data,493,,
string_data,494,string_data,494,,
string_data,495,string_data,495,,
string_data,496,string_data,496,,
string_data,497,string_data,497,,
string_data,498,string_data,498,,
string_data,499,string_data,499,,
string_data,500,string_data,500,,
string_data,501,string_data,501,,
string_data,502,string_data,502,,
string_data,503,string_data,503,,
string_data,504,string_data,504,,
string_data,505,string_data,505,,
string_data,506,string_data,506,,
string_data,507,string_data,507,,
string_data,508,string_data,508,,
string_data,509,string_data,509,,
string_data,510,string_data,510,,
string_data,511,string_data,511,,
string_data,512,string_data,512,,
string_data,513,string_data,513,,
string_data,514,string_data,514,,
string_data,515,string_data,515,,
string_data,516,string_data,516,,
string_data,517,string_data,517,,
string_data,518,string_data,518,,
string_data,519,string_data,519,,
string_data,520,string_data,520,,
string_data,521,string_data,521,,
string_data,522,string_data,522,,
string_data,523,string_data,523,,
string_data,524,string_data,524,,
string_data,525,string_data,525,,
string_data,526,string_data,526,,
string_data,527,string_data,527,,
string_data,528,string_data,528,,
string_data,529,string_data,529,,
string_data,530,string_data,530,,
string_data,531,string_data,531,,
string_data,532,string_data,532,,
string_data,533,string_data,533,,
string_data,534,string_data,534,,
string_data,535,string_data,535,,
string_data,536,string_data,536,,
string_data,537,string_data,537,,
string_data,538,string_data,538,,
string_data,539,string_data,539,,
string_data,540,string_data,540,,
string_data,541,string_data,541,,
string_data,542,string_data,542,,
string_data,543,string_data,543,,
string_data,544,string_data,544,,
string_data,545,string_data,545,,
string_data,546,string_data,546,,
string_data,547,string_data,547,,
string_data,548,string_data,548,,
string_data,549,string_data,549,,
string_data,550,string_data,550,,
string_data,551,string_data,551,,
string_data,552,string_data,552,,
string_data,553,string_data,553,,
string_data,554,string_data,554,,
string_data,555,string_data,555,,
string_data,556,string_data,556,,
string_data,557,string_data,557,,
string_data,558,string_data,558,,
string_data,559,string_data,559,,
string_data,560,string_data,560,,
string_data,561,string_data,561,,
string_data,562,string_data,562,,
string_data,563,string_data,563,,
string_data,564,string_data,564,,
string_data,565,string_data,565,,
string_data,566,string_data,566,,
string_data,567,string_data,567,,
string_data,568,string_data,568,,
string_data,569,string_data,569,,
string_data,570,string_data,570,,
string_data,571,string_data,571,,
string_data,572,string_data,572,,
string_data,573,string_data,573,,
string_data,574,string_data,574,,
string_data,575,string_data,575,,
string_data,576,string_data,576,,
string_data,577,string_data,577,,
string_data,578,string_data,578,,
string_data,579,string_data,579,,
string_data,580,string_data,580,,
string_data,581,string_data,581,,
string_data,582,string_data,582,,
string_data,583,string_data,583,,
string_data,584,string_data,584,,
string_data,585,string_data,585,,
string_data,586,string_data,586,,
string_data,587,string_data,587,,
string_data,588,string_data,588,,
string_data,589,string_data,589,,
string_data,590,string_data,590,,
string_data,591,string_data,591,,
string_data,592,string_data,592,,
string_data,593,string_data,593,,
string_data,594,string_data,594,,
string_data,595,string_data,595,,
string_data,596,string_data,596,,
string_data,597,string_data,597,,
string_data,598,string_data,598,,
string_data,599,string_data,599,,
string_data,600,string_data,600,,
string_data,601,string_data,601,,
string_data,602,string_data,602,,
string_data,603,string_data,603,,
string_data,604,string_data,604,,
string_data,605,string_data,605,,
string_data,606,string_data,606,,
string_data,607,string_data,607,,
string_data,608,string_data,608,,
string_data,609,string_data,609,,
string_data,610,string_data,610,,
string_data,611,string_data,611,,
string_data,612,string_data,612,,
string_data,613,string_data,613,,
string_data,614,string_data,614,,
string_data,615,string_data,615,,
string_data,616,string_data,616,,
string_data,617,string_data,617,,
string_data,618,string_data,618,,
string_data,619,string_data,619,,
string_data,620,string_data,620,,
string_data,621,string_data,621,,
string_data,622,string_data,622,,
string_data,623,string_data,623,,
string_data,624,string_data,624,,
string_data,625,string_data,625,,
string_data,626,string_data,626,,
string_data,627,string_data,627,,
string_data,628,string_data,628,,
string_data,629,string_data,629,,
string_data,630,string_data,630,,
string_data,631,string_data,631,,
string_data,632,string_data,632,,
string_data,633,string_data,633,,
string_data,634,string_data,634,,
string_data,635,string_data,635,,
string_data,636,string_data,636,,
string_data,637,string_data,637,,
string_data,638,string_data,638,,
string_data,639,string_data,639,,
string_data,640,string_data,640,,
string_data,641,string_data,641,,
string_data,642,string_data,642,,
string_data,643,string_data,643,,
string_data,644,string_data,644,,
string_data,645,string_data,645,,
string_data,646,string_data,646,,
string_data,647,string_data,647,,
string_data,648,string_data,648,,
string_data,649,string_data,649,,
string_data,650,string_data,650,,
string_data,651,string_data,651,,
string_data,652,string_data,652,,
string_data,653,string_data,653,,
string_data,654,string_data,654,,
string_data,655,string_data,655,,
string_data,656,string_data,656,,
string_data,657,string_data,657,,
string_data,658,string_data,658,,
string_data,659,string_data,659,,
string_data,660,string_data,660,,
string_data,661,string_data,661,,
string_data,662,string_data,662,,
string_data,663,string_data,663,,
string_data,664,string_data,664,,
string_data,665,string_data,665,,
string_data,666,string_data,666,,
string_data,667,string_data,667,,
string_data,668,string_data,668,,
string_data,669,string_data,669,,
string_data,670,string_data,670,,
string_data,671,string_data,671,,
string_data,672,string_data,672,,
string_data,673,string_data,673,,
string_data,674,string_data,674,,
string_data,675,string_data,675,,
string_data,676,string_data,676,,
string_data,677,string_data,677,,
string_data,678,string_data,678,,
string_data,679,string_data,679,,
string_data,680,string_data,680,,
string_data,681,string_data,681,,
string_data,682,string_data,682,,
string_data,683,string_data,683,,
string_data,684,string_data,684,,
string_data,685,string_data,685,,
string_data,686,string_data,686,,
string_data,687,string_data,687,,
string_data,688,string_data,688,,
string_data,689,string_data,689,,
string_data,690,string_data,690,,
string_data,691,string_data,691,,
string_data,692,string_data,692,,
string_data,693,string_data,693,,
string_data,694,string_data,694,,
string_data,695,string_data,695,,
string_data,696,string_data,696,,
string_data,697,string_data,697,,
string_data,698,string_data,698,,
string_data,699,string_data,699,,
string_data,700,string_data,700,,
string_data,701,string_data,701,,
string_data,702,string_data,702,,
string_data,703,string_data,703,,
string_data,704,string_data,704,,
string_data,705,string_data,705,,
string_data,706,string_data,706,,
string_data,707,string_data,707,,
string_data,708,string_data,708,,
string_data,709,string_data,709,,
string_data,710,string_data,710,,
string_data,711,string_data,711,,
string_data,712,string_data,712,,
string_data,713,string_data,713,,
string_data,714,string_data,714,,
string_data,715,string_data,715,,
string_data,716,string_data,716,,
string_data,717,string_data,717,,
string_data,718,string_data,718,,
string_data,719,string_data,719,,
string_data,720,string_data,720,,
string_data,721,string_data,721,,
string_data,722,string_data,722,,
string_data,723,string_data,723,,
string_data,724,string_data,724,,
string_data,725,string_data,725,,
string_data,726,string_data,726,,
string_data,727,string_data,727,,
string_data,728,string_data,728,,
string_data,729,string_data,729,,
string_data,730,string_data,730,,
string_data,731,string_data,731,,
string_data,732,string_data,732,,
string_data,733,string_data,733,,
string_data,734,string_data,734,,
string_data,735,string_data,735,,
string_data,736,string_data,736,,
string_data,737,string_data,737,,
string_data,738,string_data,738,,
string_data,739,string_data,739,,
string_data,740,string_data,740,,
string_data,741,string_data,741,,
string_data,742,string_data,742,,
string_data,743,string_data,743,,
string_data,744,string_data,744,,
string_data,745,string_data,745,,
string_data,746,string_data,746,,
string_data,747,string_data,747,,
string_data,748,string_data,748,,
string_data,749,string_data,749,,
string_data,750,string_data,750,,
string_data,751,string_data,751,,
string_data,752,string_data,752,,
string_data,753,string_data,753,,
string_data,754,string_data,754,,
string_data,755,string_data,755,,
string_data,756,string_data,756,,
string_data,757,string_data,757,,
string_data,758,string_data,758,,
string_data,759,string_data,759,,
string_data,760,string_data,760,,
string_data,761,string_data,761,,
string_data,762,string_data,762,,
string_data,763,string_data,763,,
string_data,764,string_data,764,,
string_data,765,string_data,765,,
string_data,766,string_data,766,,
string_data,767,string_data,767,,
string_data,768,string_data,768,,
string_data,769,string_data,769,,
string_data,770,string_data,770,,
string_data,771,string_data,771,,
string_data,772,string_data,772,,
string_data,773,string_data,773,,
string_data,774,string_data,774,,
string_data,775,string_data,775,,
string_data,776,string_data,776,,
string_data,777,string_data,777,,
string_data,778,string_data,778,,
string_data,779,string_data,779,,
string_data,780,string_data,780,,
string_data,781,string_data,781,,
string_data,782,string_data,782,,
string_data,783,string_data,783,,
string_data,784,string_data,784,,
string_data,785,string_data,785,,
string_data,786,string_data,786,,
string_data,787,string_data,787,,
string_data,788,string_data,788,,
string_data,789,string_data,789,,
string_data,790,string_data,790,,
string_data,791,string_data,791,,
string_data,792,string_data,792,,
string_data,793,string_data,793,,
string_data,794,string_data,794,,
string_data,795,string_data,795,,
string_data,796,string_data,796,,
string_data,797,string_data,797,,
string_data,798,string_data,798,,
string_data,799,string_data,799,,
string_data,800,string_data,800,,
string_data,801,string_data,801,,
string_data,802,string_data,802,,
string_data,803,string_data,803,,
string_data,804,string_data,804,,
string_data,805,string_data,805,,
string_data,806,string_data,806,,
string_data,807,string_data,807,,
string_data,808,string_data,808,,
string_data,809,string_data,809,,
string_data,810,string_data,810,,
string_data,811,string_data,811,,
string_data,812,string_data,812,,
string_data,813,string_data,813,,
string_data,814,string_data,814,,
string_data,815,string_data,815,,
string_data,816,string_data,816,,
string_data,817,string_data,817,,
string_data,818,string_data,818,,
string_data,819,string_data,819,,
string_data,820,string_data,820,,
string_data,821,string_data,821,,
string_data,822,string_data,822,,
string_data,823,string_data,823,,
string_data,824,string_data,824,,
string_data,825,string_data,825,,
string_data,826,string_data,826,,
string_data,827,string_data,827,,
string_data,828,string_data,828,,
string_data,829,string_data,829,,
string_data,830,string_data,830,,
string_data,831,string_data,831,,
string_data,832,string_data,832,,
string_data,833,string_data,833,,
string_data,834,string_data,834,,
string_data,835,string_data,835,,
string_data,836,string_data,836,,
string_data,837,string_data,837,,
string_data,838,string_data,838,,
string_data,839,string_data,839,,
string_data,840,string_data,840,,
string_data,841,string_data,841,,
string_data,842,string_data,842,,
string_data,843,string_data,843,,
string_data,844,string_data,844,,
string_data,845,string_data,845,,
string_data,846,string_data,846,,
string_data,847,string_data,847,,
string_data,848,string_data,848,,
string_data,849,string_data,849,,
string_data,850,string_data,850,,
string_data,851,string_data,851,,
string_data,852,string_data,852,,
string_data,853,string_data,853,,
string_data,854,string_data,854,,
string_data,855,string_data,855,,
string_data,856,string_data,856,,
string_data,857,string_data,857,,
string_data,858,string_data,858,,
string_data,859,string_data,859,,
string_data,860,string_data,860,,
string_data,861,string_data,861,,
string_data,862,string_data,862,,
string_data,863,string_data,863,,
string_data,864,string_data,864,,
string_data,865,string_data,865,,
string_data,866,string_data,866,,
string_data,867,string_data,867,,
string_data,868,string_data,868,,
string_data,869,string_data,869,,
string_data,870,string_data,870,,
string_data,871,string_data,871,,
string_data,872,string_data,872,,
string_data,873,string_data,873,,
string_data,874,string_data,874,,
string_data,875,string_data,875,,
string_data,876,string_data,876,,
string_data,877,string_data,877,,
string_data,878,string_data,878,,
string_data,879,string_data,879,,
string_data,880,string_data,880,,
string_data,881,string_data,881,,
string_data,882,string_data,882,,
string_data,883,string_data,883,,
string_data,884,string_data,884,,
string_data,885,string_data,885,,
string_data,886,string_data,886,,
string_data,887,string_data,887,,
string_data,888,string_data,888,,
string_data,889,string_data,889,,
string_data,890,string_data,890,,
string_data,891,string_data,891,,
string_data,892,string_data,892,,
string_data,893,string_data,893,,
string_data,894,string_data,894,,
string_data,895,string_data,895,,
string_data,896,string_data,896,,
string_data,897,string_data,897,,
string_data,898,string_data,898,,
string_data,899,string_data,899,,
string_data,900,string_data,900,,
string_data,901,string_data,901,,
string_data,902,string_data,902,,
string_data,903,string_data,903,,
string_data,904,string_data,904,,
string_data,905,string_data,905,,
string_data,906,string_data,906,,
string_data,907,string_data,907,,
string_data,908,string_data,908,,
string_data,909,string_data,909,,
string_data,910,string_data,910,,
string_data,911,string_data,911,,
string_data,912,string_data,912,,
string_data,913,string_data,913,,
string_data,914,string_data,914,,
string_data,915,string_data,915,,
string_data,916,string_data,916,,
string_data,917,string_data,917,,
string_data,918,string_data,918,,
string_data,919,string_data,919,,
string_data,920,string_data,920,,
string_data,921,string_data,921,,
string_data,922,string_data,922,,
string_data,923,string_data,923,,
string_data,924,string_data,924,,
string_data,925,string_data,925,,
string_data,926,string_data,926,,
string_data,927,string_data,927,,
string_data,928,string_data,928,,
string_data,929,string_data,929,,
string_data,930,string_data,930,,
string_data,931,string_data,931,,
string_data,932,string_data,932,,
string_data,933,string_data,933,,
string_data,934,string_data,934,,
string_data,935,string_data,935,,
string_data,936,string_data,936,,
string_data,937,string_data,937,,
string_data,938,string_data,938,,
string_data,939,string_data,939,,
string_data,940,string_data,940,,
string_data,941,string_data,941,,
string_data,942,string_data,942,,
string_data,943,string_data,943,,
string_data,944,string_data,944,,
string_data,945,string_data,945,,
string_data,946,string_data,946,,
string_data,947,string_data,947,,
string_data,948,string_data,948,,
string_data,949,string_data,949,,
string_data,950,string_data,950,,
string_data,951,string_data,951,,
string_data,952,string_data,952,,
string_data,953,string_data,953,,
string_data,954,string_data,954,,
string_data,955,string_data,955,,
string_data,956,string_data,956,,
string_data,957,string_data,957,,
string_data,958,string_data,958,,
string_data,959,string_data,959,,
string_data,960,string_data,960,,
string_data,961,string_data,961,,
string_data,962,string_data,962,,
string_data,963,string_data,963,,
string_data,964,string_data,964,,
string_data,965,string_data,965,,
string_data,966,string_data,966,,
string_data,967,string_data,967,,
string_data,968,string_data,968,,
string_data,969,string_data,969,,
string_data,970,string_data,970,,
string_data,971,string_data,971,,
string_data,972,string_data,972,,
string_data,973,string_data,973,,
string_data,974,string_data,974,,
string_data,975,string_data,975,,
string_data,976,string_data,976,,
string_data,977,string_data,977,,
string_data,978,string_data,978,,
string_data,979,string_data,979,,
string_data,980,string_data,980,,
string_data,981,string_data,981,,
string_data,982,string_data,982,,
string_data,983,string_data,983,,
string_data,984,string_data,984,,
string_data,985,string_data,985,,
string_data,986,string_data,986,,
string_data,987,string_data,987,,
string_data,988,string_data,988,,
string_data,989,string_data,989,,
string_data,990,string_data,990,,
string_data,991,string_data,991,,
string_data,992,string_data,992,,
string_data,993,string_data,993,,
string_data,994,string_data,994,,
string_data,995,string_data,995,,
string_data,996,string_data,996,,
string_data,997,string_data,997,,
string_data,998,string_data,998,,
string_data,999,string_data,999,,
string_data,1000,string_data,1000,,
string_data,1001,string_data,1001,,
string_data,1002,string_data,1002,,
string_data,1003,string_data,1003,,
string_data,1004,string_data,1004,,
string_data,1005,string_data,1005,,
string_data,1006,string_data,1006,,
string_data,1007,string_data,1007,,
string_data,1008,string_data,1008,,
string_data,1009,string_data,1009,,
string_data,1010,string_data,1010,,
string_data,1011,string_data,1011,,
string_data,1012,string_data,1012,,
string_data,1013,string_data,1013,,
string_data,1014,string_data,1014,,
string_data,1015,string_data,1015,,
string_data,1016,string_data,1016,,
string_data,1017,string_data,1017,,
string_data,1018,string_data,1018,,
string_data,1019,string_data,1019,,
string_data,1020,string_data,1020,,
string_data,1021,string_data,1021,,
string_data,1022,string_data,1022,,
string_data,1023,string_data,1023,,
string_data,1024,string_data,1024,,
string_data,1025,string_data,1025,,
string_data,1026,string_data,1026,,
string_data,1027,string_data,1027,,
string_data,1028,string_data,1028,,
string_data,1029,string_data,1029,,
string_data,1030,string_data,1030,,
string_data,1031,string_data,1031,,
string_data,1032,string_data,1032,,
string_data,1033,string_data,1033,,
string_data,1034,string_data,1034,,
string_data,1035,string_data,1035,,
string_data,1036,string_data,1036,,
string_data,1037,string_data,1037,,
string_data,1038,string_data,1038,,
string_data,1039,string_data,1039,,
string_data,1040,string_data,1040,,
string_data,1041,string_data,1041,,
string_data,1042,string_data,1042,,
string_data,1043,string_data,1043,,
string_data,1044,string_data,1044,,
string_data,1045,string_data,1045,,
string_data,1046,string_data,1046,,
string_data,1047,string_data,1047,,
string_data,1048,string_data,1048,,
string_data,1049,string_data,1049,,
string_data,1050,string_data,1050,,
string_data,1051,string_data,1051,,
string_data,1052,string_data,1052,,
string_data,1053,string_data,1053,,
string_data,1054,string_data,1054,,
string_data,1055,string_data,1055,,
string_data,1056,string_data,1056,,
string_data,1057,string_data,1057,,
string_data,1058,string_data,1058,,
string_data,1059,string_data,1059,,
string_data,1060,string_data,1060,,
string_data,1061,string_data,1061,,
string_data,1062,string_data,1062,,
string_data,1063,string_data,1063,,
string_data,1064,string_data,1064,,
string_data,1065,string_data,1065,,
string_data,1066,string_data,1066,,
string_data,1067,string_data,1067,,
string_data,1068,string_data,1068,,
string_data,1069,string_data,1069,,
string_data,1070,string_data,1070,,
string_data,1071,string_data,1071,,
string_data,1072,string_data,1072,,
string_data,1073,string_data,1073,,
string_data,1074,string_data,1074,,
string_data,1075,string_data,1075,,
string_data,1076,string_data,1076,,
string_data,1077,string_data,1077,,
string_data,1078,string_data,1078,,
string_data,1079,string_data,1079,,
string_data,1080,string_data,1080,,
string_data,1081,string_data,1081,,
string_data,1082,string_data,1082,,
string_data,1083,string_data,1083,,
string_data,1084,string_data,1084,,
string_data,1085,string_data,1085,,
string_data,1086,string_data,1086,,
string_data,1087,string_data,1087,,
string_data,1088,string_data,1088,,
string_data,1089,string_data,1089,,
string_data,1090,string_data,1090,,
string_data,1091,string_data,1091,,
string_data,1092,string_data,1092,,
string_data,1093,string_data,1093,,
string_data,1094,string_data,1094,,
string_data,1095,string_data,1095,,
string_data,1096,string_data,1096,,
string_data,1097,string_data,1097,,
string_data,1098,string_data,1098,,
string_data,1099,string_data,1099,,
string_data,1100,string_data,1100,,
string_data,1101,string_data,1101,,
string_data,1102,string_data,1102,,
string_data,1103,string_data,1103,,
string_data,1104,string_data,1104,,
string_data,1105,string_data,1105,,
string_data,1106,string_data,1106,,
string_data,1107,string_data,1107,,
string_data,1108,string_data,1108,,
string_data,1109,string_data,1109,,
string_data,1110,string_data,1110,,
string_data,1111,string_data,1111,,
string_data,1112,string_data,1112,,
string_data,1113,string_data,1113,,
string_data,1114,string_data,1114,,
string_data,1115,string_data,1115,,
string_data,1116,string_data,1116,,
string_data,1117,string_data,1117,,
string_data,1118,string_data,1118,,
string_data,1119,string_data,1119,,
string_data,1120,string_data,1120,,
string_data,1121,string_data,1121,,
string_data,1122,string_data,1122,,
string_data,1123,string_data,1123,,
string_data,1124,string_data,1124,,
string_data,1125,string_data,1125,,
string_data,1126,string_data,1126,,
string_data,1127,string_data,1127,,
string_data,1128,string_data,1128,,
string_data,1129,string_data,1129,,
string_data,1130,string_data,1130,,
string_data,1131,string_data,1131,,
string_data,1132,string_data,1132,,
string_data,1133,string_data,1133,,
string_data,1134,string_data,1134,,
string_data,1135,string_data,1135,,
string_data,1136,string_data,1136,,
string_data,1137,string_data,1137,,
string_data,1138,string_data,1138,,
string_data,1139,string_data,1139,,
string_data,1140,string_data,1140,,
string_data,1141,string_data,1141,,
string_data,1142,string_data,1142,,
string_data,1143,string_data,1143,,
string_data,1144,string_data,1144,,
string_data,1145,string_data,1145,,
string_data,1146,string_data,1146,,
string_data,1147,string_data,1147,,
string_data,1148,string_data,1148,,
string_data,1149,string_data,1149,,
string_data,1150,string_data,1150,,
string_data,1151,string_data,1151,,
string_data,1152,string_data,1152,,
string_data,1153,string_data,1153,,
string_data,1154,string_data,1154,,
string_data,1155,string_data,1155,,
string_data,1156,string_data,1156,,
string_data,1157,string_data,1157,,
string_data,1158,string_data,1158,,
string_data,1159,string_data,1159,,
string_data,1160,string_data,1160,,
string_data,1161,string_data,1161,,
string_data,1162,string_data,1162,,
string_data,1163,string_data,1163,,
string_data,1164,string_data,1164,,
string_data,1165,string_data,1165,,
string_data,1166,string_data,1166,,
string_data,1167,string_data,1167,,
string_data,1168,string_data,1168,,
string_data,1169,string_data,1169,,
string_data,1170,string_data,1170,,
string_data,1171,string_data,1171,,
string_data,1172,string_data,1172,,
string_data,1173,string_data,1173,,
string_data,1174,string_data,1174,,
string_data,1175,string_data,1175,,
string_data,1176,string_data,1176,,
string_data,1177,string_data,1177,,
string_data,1178,string_data,1178,,
string_data,1179,string_data,1179,,
string_data,1180,string_data,1180,,
string_data,1181,string_data,1181,,
string_data,1182,string_data,1182,,
string_data,1183,string_data,1183,,
string_data,1184,string_data,1184,,
string_data,1185,string_data,1185,,
string_data,1186,string_data,1186,,
string_data,1187,string_data,1187,,
string_data,1188,string_data,1188,,
string_data,1189,string_data,1189,,
string_data,1190,string_data,1190,,
string_data,1191,string_data,1191,,
string_data,1192,string_data,1192,,
string_data,1193,string_data,1193,,
string_data,1194,string_data,1194,,
string_data,1195,string_data,1195,,
string_data,1196,string_data,1196,,
string_data,1197,string_data,1197,,
string_data,1198,string_data,1198,,
string_data,1199,string_data,1199,,
string_data,1200,string_data,1200,,
string_data,1201,string_data,1201,,
string_data,1202,string_data,1202,,
string_data,1203,string_data,1203,,
string_data,1204,string_data,1204,,
string_data,1205,string_data,1205,,
string_data,1206,string_data,1206,,
string_data,1207,string_data,1207,,
string_data,1208,string_data,1208,,
string_data,1209,string_data,1209,,
string_data,1210,string_data,1210,,
string_data,1211,string_data,1211,,
string_data,1212,string_data,1212,,
string_data,1213,string_data,1213,,
string_data,1214,string_data,1214,,
string_data,1215,string_data,1215,,
string_data,1216,string_data,1216,,
string_data,1217,string_data,1217,,
string_data,1218,string_data,1218,,
string_data,1219,string_data,1219,,
string_data,1220,string_data,1220,,
string_data,1221,string_data,1221,,
string_data,1222,string_data,1222,,
string_data,1223,string_data,1223,,
string_data,1224,string_data,1224,,
string_data,1225,string_data,1225,,
string_data,1226,string_data,1226,,
string_data,1227,string_data,1227,,
string_data,1228,string_data,1228,,
string_data,1229,string_data,1229,,
string_data,1230,string_data,1230,,
string_data,1231,string_data,1231,,
string_data,1232,string_data,1232,,
string_data,1233,string_data,1233,,
string_data,1234,string_data,1234,,
string_data,1235,string_data,1235,,
string_data,1236,string_data,1236,,
string_data,1237,string_data,1237,,
string_data,1238,string_data,1238,,
string_data,1239,string_data,1239,,
string_data,1240,string_data,1240,,
string_data,1241,string_data,1241,,
string_data,1242,string_data,1242,,
string_data,1243,string_data,1243,,
string_data,1244,string_data,1244,,
string_data,1245,string_data,1245,,
string_data,1246,string_data,1246,,
string_data,1247,string_data,1247,,
string_data,1248,string_data,1248,,
string_data,1249,string_data,1249,,
string_data,1250,string_data,1250,,
string_data,1251,string_data,1251,,
string_data,1252,string_data,1252,,
string_data,1253,string_data,1253,,
string_data,1254,string_data,1254,,
string_data,1255,string_data,1255,,
string_data,1256,string_data,1256,,
string_data,1257,string_data,1257,,
string_data,1258,string_data,1258,,
string_data,1259,string_data,1259,,
string_data,1260,string_data,1260,,
string_data,1261,string_data,1261,,
string_data,1262,string_data,1262,,
string_data,1263,string_data,1263,,
string_data,1264,string_data,1264,,
string_data,1265,string_data,1265,,
string_data,1266,string_data,1266,,
string_data,1267,string_data,1267,,
string_data,1268,string_data,1268,,
string_data,1269,string_data,1269,,
string_data,1270,string_data,1270,,
string_data,1271,string_data,1271,,
string_data,1272,string_data,1272,,
string_data,1273,string_data,1273,,
string_data,1274,string_data,1274,,
string_data,1275,string_data,1275,,
string_data,1276,string_data,1276,,
string_data,1277,string_data,1277,,
string_data,1278,string_data,1278,,
string_data,1279,string_data,1279,,
string_data,1280,string_data,1280,,
string_data,1281,string_data,1281,,
string_data,1282,string_data,1282,,
string_data,1283,string_data,1283,,
string_data,1284,string_data,1284,,
string_data,1285,string_data,1285,,
string_data,1286,string_data,1286,,
string_data,1287,string_data,1287,,
string_data,1288,string_data,1288,,
string_data,1289,string_data,1289,,
string_data,1290,string_data,1290,,
string_data,1291,string_data,1291,,
string_data,1292,string_data,1292,,
string_data,1293,string_data,1293,,
string_data,1294,string_data,1294,,
string_data,1295,string_data,1295,,
string_data,1296,string_data,1296,,
string_data,1297,string_data,1297,,
string_data,1298,string_data,1298,,
string_data,1299,string_data,1299,,
string_data,1300,string_data,1300,,
string_data,1301,string_data,1301,,
string_data,1302,string_data,1302,,
string_data,1303,string_data,1303,,
string_data,1304,string_data,1304,,
string_data,1305,string_data,1305,,
string_data,1306,string_data,1306,,
string_data,1307,string_data,1307,,
string_data,1308,string_data,1308,,
string_data,1309,string_data,1309,,
string_data,1310,string_data,1310,,
string_data,1311,string_data,1311,,
string_data,1312,string_data,1312,,
string_data,1313,string_data,1313,,
string_data,1314,string_data,1314,,
string_data,1315,string_data,1315,,
string_data,1316,string_data,1316,,
string_data,1317,string_data,1317,,
string_data,1318,string_data,1318,,
string_data,1319,string_data,1319,,
string_data,1320,string_data,1320,,
string_data,1321,string_data,1321,,
string_data,1322,string_data,1322,,
string_data,1323,string_data,1323,,
string_data,1324,string_data,1324,,
string_data,1325,string_data,1325,,
string_data,1326,string_data,1326,,
string_data,1327,string_data,1327,,
string_data,1328,string_data,1328,,
string_data,1329,string_data,1329,,
string_data,1330,string_data,1330,,
string_data,1331,string_data,1331,,
string_data,1332,string_data,1332,,
string_data,1333,string_data,1333,,
string_data,1334,string_data,1334,,
string_data,1335,string_data,1335,,
string_data,1336,string_data,1336,,
string_data,1337,string_data,1337,,
string_data,1338,string_data,1338,,
string_data,1339,string_data,1339,,
string_data,1340,string_data,1340,,
string_data,1341,string_data,1341,,
string_data,1342,string_data,1342,,
string_data,1343,string_data,1343,,
string_data,1344,string_data,1344,,
string_data,1345,string_data,1345,,
string_data,1346,string_data,1346,,
string_data,1347,string_data,1347,,
string_data,1348,string_data,1348,,
string_data,1349,string_data,1349,,
string_data,1350,string_data,1350,,
string_data,1351,string_data,1351,,
string_data,1352,string_data,1352,,
string_data,1353,string_data,1353,,
string_data,1354,string_data,1354,,
string_data,1355,string_data,1355,,
string_data,1356,string_data,1356,,
string_data,1357,string_data,1357,,
string_data,1358,string_data,1358,,
string_data,1359,string_data,1359,,
string_data,1360,string_data,1360,,
string_data,1361,string_data,1361,,
string_data,1362,string_data,1362,,
string_data,1363,string_data,1363,,
string_data,1364,string_data,1364,,
string_data,1365,string_data,1365,,
string_data,1366,string_data,1366,,
string_data,1367,string_data,1367,,
string_data,1368,string_data,1368,,
string_data,1369,string_data,1369,,
string_data,1370,string_data,1370,,
string_data,1371,string_data,1371,,
string_data,1372,string_data,1372,,
string_data,1373,string_data,1373,,
string_data,1374,string_data,1374,,
string_data,1375,string_data,1375,,
string_data,1376,string_data,1376,,
string_data,1377,string_data,1377,,
string_data,1378,string_data,1378,,
string_data,1379,string_data,1379,,
string_data,1380,string_data,1380,,
string_data,1381,string_data,1381,,
string_data,1382,string_data,1382,,
string_data,1383,string_data,1383,,
string_data,1384,string_data,1384,,
string_data,1385,string_data,1385,,
string_data,1386,string_data,1386,,
string_data,1387,string_data,1387,,
string_data,1388,string_data,1388,,
string_data,1389,string_data,1389,,
string_data,1390,string_data,1390,,
string_data,1391,string_data,1391,,
string_data,1392,string_data,1392,,
string_data,1393,string_data,1393,,
string_data,1394,string_data,1394,,
string_data,1395,string_data,1395,,
string_data,1396,string_data,1396,,
string_data,1397,string_data,1397,,
string_data,1398,string_data,1398,,
string_data,1399,string_data,1399,,
string_data,1400,string_data,1400,,
string_data,1401,string_data,1401,,
string_data,1402,string_data,1402,,
string_data,1403,string_data,1403,,
string_data,1404,string_data,1404,,
string_data,1405,string_data,1405,,
string_data,1406,string_data,1406,,
string_data,1407,string_data,1407,,
string_data,1408,string_data,1408,,
string_data,1409,string_data,1409,,
string_data,1410,string_data,1410,,
string_data,1411,string_data,1411,,
string_data,1412,string_data,1412,,
string_data,1413,string_data,1413,,
string_data,1414,string_data,1414,,
string_data,1415,string_data,1415,,
string_data,1416,string_data,1416,,
string_data,1417,string_data,1417,,
string_data,1418,string_data,1418,,
string_data,1419,string_data,1419,,
string_data,1420,string_data,1420,,
string_data,1421,string_data,1421,,
string_data,1422,string_data,1422,,
string_data,1423,string_data,1423,,
string_data,1424,string_data,1424,,
string_data,1425,string_data,1425,,
string_data,1426,string_data,1426,,
string_data,1427,string_data,1427,,
string_data,1428,string_data,1428,,
string_data,1429,string_data,1429,,
string_data,1430,string_data,1430,,
string_data,1431,string_data,1431,,
string_data,1432,string_data,1432,,
string_data,1433,string_data,1433,,
string_data,1434,string_data,1434,,
string_data,1435,string_data,1435,,
string_data,1436,string_data,1436,,
string_data,1437,string_data,1437,,
string_data,1438,string_data,1438,,
string_data,1439,string_data,1439,,
string_data,1440,string_data,1440,,
string_data,1441,string_data,1441,,
string_data,1442,string_data,1442,,
string_data,1443,string_data,1443,,
string_data,1444,string_data,1444,,
string_data,1445,string_data,1445,,
string_data,1446,string_data,1446,,
string_data,1447,string_data,1447,,
string_data,1448,string_data,1448,,
string_data,1449,string_data,1449,,
string_data,1450,string_data,1450,,
string_data,1451,string_data,1451,,
string_data,1452,string_data,1452,,
string_data,1453,string_data,1453,,
string_data,1454,string_data,1454,,
string_data,1455,string_data,1455,,
string_data,1456,string_data,1456,,
string_data,1457,string_data,1457,,
string_data,1458,string_data,1458,,
string_data,1459,string_data,1459,,
string_data,1460,string_data,1460,,
string_data,1461,string_data,1461,,
string_data,1462,string_data,1462,,
string_data,1463,string_data,1463,,
string_data,1464,string_data,1464,,
string_data,1465,string_data,1465,,
string_data,1466,string_data,1466,,
string_data,1467,string_data,1467,,
string_data,1468,string_data,1468,,
string_data,1469,string_data,1469,,
string_data,1470,string_data,1470,,
string_data,1471,string_data,1471,,
string_data,1472,string_data,1472,,
string_data,1473,string_data,1473,,
string_data,1474,string_data,1474,,
string_data,1475,string_data,1475,,
string_data,1476,string_data,1476,,
string_data,1477,string_data,1477,,
string_data,1478,string_data,1478,,
string_data,1479,string_data,1479,,
string_data,1480,string_data,1480,,
string_data,1481,string_data,1481,,
string_data,1482,string_data,1482,,
string_data,1483,string_data,1483,,
string_data,1484,string_data,1484,,
string_data,1485,string_data,1485,,
string_data,1486,string_data,1486,,
string_data,1487,string_data,1487,,
string_data,1488,string_data,1488,,
string_data,1489,string_data,1489,,
string_data,1490,string_data,1490,,
string_data,1491,string_data,1491,,
string_data,1492,string_data,1492,,
string_data,1493,string_data,1493,,
string_data,1494,string_data,1494,,
string_data,1495,string_data,1495,,
string_data,1496,string_data,1496,,
string_data,1497,string_data,1497,,
string_data,1498,string_data,1498,,
string_data,1499,string_data,1499,,
string_data,1500,string_data,1500,,
string_data,1501,string_data,1501,,
string_data,1502,string_data,1502,,
string_data,1503,string_data,1503,,
string_data,1504,string_data,1504,,
string_data,1505,string_data,1505,,
string_data,1506,string_data,1506,,
string_data,1507,string_data,1507,,
string_data,1508,string_data,1508,,
string_data,1509,string_data,1509,,
string_data,1510,string_data,1510,,
string_data,1511,string_data,1511,,
string_data,1512,string_data,1512,,
string_data,1513,string_data,1513,,
string_data,1514,string_data,1514,,
string_data,1515,string_data,1515,,
string_data,1516,string_data,1516,,
string_data,1517,string_data,1517,,
string_data,1518,string_data,1518,,
string_data,1519,string_data,1519,,
string_data,1520,string_data,1520,,
string_data,1521,string_data,1521,,
string_data,1522,string_data,1522,,
string_data,1523,string_data,1523,,
string_data,1524,string_data,1524,,
string_data,1525,string_data,1525,,
string_data,1526,string_data,1526,,
string_data,1527,string_data,1527,,
string_data,1528,string_data,1528,,
string_data,1529,string_data,1529,,
string_data,1530,string_data,1530,,
string_data,1531,string_data,1531,,
string_data,1532,string_data,1532,,
string_data,1533,string_data,1533,,
string_data,1534,string_data,1534,,
string_data,1535,string_data,1535,,
string_data,1536,string_data,1536,,
string_data,1537,string_data,1537,,
string_data,1538,string_data,1538,,
string_data,1539,string_data,1539,,
string_data,1540,string_data,1540,,
string_data,1541,string_data,1541,,
string_data,1542,string_data,1542,,
string_data,1543,string_data,1543,,
string_data,1544,string_data,1544,,
string_data,1545,string_data,1545,,
string_data,1546,string_data,1546,,
string_data,1547,string_data,1547,,
string_data,1548,string_data,1548,,
string_data,1549,string_data,1549,,
string_data,1550,string_data,1550,,
string_data,1551,string_data,1551,,
string_data,1552,string_data,1552,,
string_data,1553,string_data,1553,,
string_data,1554,string_data,1554,,
string_data,1555,string_data,1555,,
string_data,1556,string_data,1556,,
string_data,1557,string_data,1557,,
string_data,1558,string_data,1558,,
string_data,1559,string_data,1559,,
string_data,1560,string_data,1560,,
string_data,1561,string_data,1561,,
string_data,1562,,,January,
string_data,1563,,,February,
string_data,1564,,,March,
string_data,1565,,,April,
string_data,1566,,,May,
string_data,1567,,,June,
string_data,1568,,,July,
string_data,1569,,,August,
string_data,1570,,,September,
string_data,1571,,,October,
string_data,1572,,,November,
string_data,1573,,,December,
npc_name_str,0,npc_name_str,0,,
npc_name_str,1,npc_name_str,1,,
npc_name_str,2,npc_name_str,2,,
npc_name_str,3,npc_name_str,3,,
npc_name_str,4,npc_name_str,4,,
npc_name_str,5,npc_name_str,5,,
npc_name_str,6,npc_name_str,6,,
npc_name_str,7,npc_name_str,7,,
npc_name_str,8,npc_name_str,8,,
npc_name_str,9,npc_name_str,9,,
npc_name_str,10,npc_name_str,10,,
npc_name_str,11,npc_name_str,11,,
npc_name_str,12,npc_name_str,12,,
npc_name_str,13,npc_name_str,13,,
npc_name_str,14,npc_name_str,14,,
npc_name_str,15,npc_name_str,15,,
npc_name_str,16,npc_name_str,16,,
npc_name_str,17,npc_name_str,17,,
npc_name_str,18,npc_name_str,18,,
npc_name_str,19,npc_name_str,19,,
npc_name_str,20,npc_name_str,20,,
npc_name_str,21,npc_name_str,21,,
npc_name_str,22,npc_name_str,22,,
npc_name_str,23,npc_name_str,23,,
npc_name_str,24,npc_name_str,24,,
npc_name_str,25,npc_name_str,25,,
npc_name_str,26,npc_name_str,26,,
npc_name_str,27,npc_name_str,27,,
npc_name_str,28,npc_name_str,28,,
npc_name_str,29,npc_name_str,29,,
npc_name_str,30,npc_name_str,30,,
npc_name_str,31,npc_name_str,31,,
npc_name_str,32,npc_name_str,32,,
npc_name_str,33,npc_name_str,33,,
npc_name_str,34,npc_name_str,34,,
npc_name_str,35,npc_name_str,35,,
npc_name_str,36,npc_name_str,36,,
npc_name_str,37,npc_name_str,37,,
npc_name_str,38,npc_name_str,38,,
npc_name_str,39,npc_name_str,39,,
npc_name_str,40,npc_name_str,40,,
npc_name_str,41,npc_name_str,41,,
npc_name_str,42,npc_name_str,42,,
npc_name_str,43,npc_name_str,43,,
npc_name_str,44,npc_name_str,44,,
npc_name_str,45,npc_name_str,45,,
npc_name_str,46,npc_name_str,46,,
npc_name_str,47,npc_name_str,47,,
npc_name_str,48,npc_name_str,48,,
npc_name_str,49,npc_name_str,49,,
npc_name_str,50,npc_name_str,50,,
npc_name_str,51,npc_name_str,51,,
npc_name_str,52,npc_name_str,52,,
npc_name_str,53,npc_name_str,53,,
npc_name_str,54,npc_name_str,54,,
npc_name_str,55,npc_name_str,55,,
npc_name_str,56,npc_name_str,56,,
npc_name_str,57,npc_name_str,57,,
npc_name_str,58,npc_name_str,58,,
npc_name_str,59,npc_name_str,59,,
npc_name_str,60,npc_name_str,60,,
npc_name_str,61,npc_name_str,61,,
npc_name_str,62,npc_name_str,62,,
npc_name_str,63,npc_name_str,63,,
npc_name_str,64,npc_name_str,64,,
npc_name_str,65,npc_name_str,65,,
npc_name_str,66,npc_name_str,66,,
npc_name_str,67,npc_name_str,67,,
npc_name_str,68,npc_name_str,68,,
npc_name_str,69,npc_name_str,69,,
npc_name_str,70,npc_name_str,70,,
npc_name_str,71,npc_name_str,71,,
npc_name_str,72,npc_name_str,72,,
npc_name_str,73,npc_name_str,73,,
npc_name_str,74,npc_name_str,74,,
npc_name_str,75,npc_name_str,75,,
npc_name_str,76,npc_name_str,76,,
npc_name_str,77,npc_name_str,77,,
npc_name_str,78,npc_name_str,78,,
npc_name_str,79,npc_name_str,79,,
npc_name_str,80,npc_name_str,80,,
npc_name_str,81,npc_name_str,81,,
npc_name_str,82,npc_name_str,82,,
npc_name_str,83,npc_name_str,83,,
npc_name_str,84,npc_name_str,84,,
npc_name_str,85,npc_name_str,85,,
npc_name_str,86,npc_name_str,86,,
npc_name_str,87,npc_name_str,87,,
npc_name_str,88,npc_name_str,88,,
npc_name_str,89,npc_name_str,89,,
npc_name_str,90,npc_name_str,90,,
npc_name_str,91,npc_name_str,91,,
npc_name_str,92,npc_name_str,92,,
npc_name_str,93,npc_name_str,93,,
npc_name_str,94,npc_name_str,94,,
npc_name_str,95,npc_name_str,95,,
npc_name_str,96,npc_name_str,96,,
npc_name_str,97,npc_name_str,97,,
npc_name_str,98,npc_name_str,98,,
npc_name_str,99,npc_name_str,99,,
npc_name_str,100,npc_name_str,100,,
npc_name_str,101,npc_name_str,101,,
npc_name_str,102,npc_name_str,102,,
npc_name_str,103,npc_name_str,103,,
npc_name_str,104,npc_name_str,104,,
npc_name_str,105,npc_name_str,105,,
npc_name_str,106,npc_name_str,106,,
npc_name_str,107,npc_name_str,107,,
npc_name_str,108,npc_name_str,108,,
npc_name_str,109,npc_name_str,109,,
npc_name_str,110,npc_name_str,110,,
npc_name_str,111,npc_name_str,111,,
npc_name_str,112,npc_name_str,112,,
npc_name_str,113,npc_name_str,113,,
npc_name_str,114,npc_name_str,114,,
npc_name_str,115,npc_name_str,115,,
npc_name_str,116,npc_name_str,116,,
npc_name_str,117,npc_name_str,117,,
npc_name_str,118,npc_name_str,118,,
npc_name_str,119,npc_name_str,119,,
npc_name_str,120,npc_name_str,120,,
npc_name_str,121,npc_name_str,121,,
npc_name_str,122,npc_name_str,122,,
npc_name_str,123,npc_name_str,123,,
npc_name_str,124,npc_name_str,124,,
npc_name_str,125,npc_name_str,125,,
npc_name_str,126,npc_name_str,126,,
npc_name_str,127,npc_name_str,127,,
npc_name_str,128,npc_name_str,128,,
npc_name_str,129,npc_name_str,129,,
npc_name_str,130,npc_name_str,130,,
npc_name_str,131,npc_name_str,131,,
npc_name_str,132,npc_name_str,132,,
npc_name_str,133,npc_name_str,133,,
npc_name_str,134,npc_name_str,134,,
npc_name_str,135,npc_name_str,135,,
npc_name_str,136,npc_name_str,136,,
npc_name_str,137,npc_name_str,137,,
npc_name_str,138,npc_name_str,138,,
npc_name_str,139,npc_name_str,139,,
npc_name_str,140,npc_name_str,140,,
npc_name_str,141,npc_name_str,141,,
npc_name_str,142,npc_name_str,142,,
npc_name_str,143,npc_name_str,143,,
npc_name_str,144,npc_name_str,144,,
npc_name_str,145,npc_name_str,145,,
npc_name_str,146,npc_name_str,146,,
npc_name_str,147,npc_name_str,147,,
npc_name_str,148,npc_name_str,148,,
npc_name_str,149,npc_name_str,149,,
npc_name_str,150,npc_name_str,150,,
npc_name_str,151,npc_name_str,151,,
npc_name_str,152,npc_name_str,152,,
npc_name_str,153,npc_name_str,153,,
npc_name_str,154,npc_name_str,154,,
npc_name_str,155,npc_name_str,155,,
npc_name_str,156,npc_name_str,156,,
npc_name_str,157,npc_name_str,157,,
npc_name_str,158,npc_name_str,158,,
npc_name_str,159,npc_name_str,159,,
npc_name_str,160,npc_name_str,160,,
npc_name_str,161,npc_name_str,161,,
npc_name_str,162,npc_name_str,162,,
npc_name_str,163,npc_name_str,163,,
npc_name_str,164,npc_name_str,164,,
npc_name_str,165,npc_name_str,165,,
npc_name_str,166,npc_name_str,166,,
npc_name_str,167,npc_name_str,167,,
npc_name_str,168,npc_name_str,168,,
npc_name_str,169,npc_name_str,169,,
npc_name_str,170,npc_name_str,170,,
npc_name_str,171,npc_name_str,171,,
npc_name_str,172,npc_name_str,172,,
npc_name_str,173,npc_name_str,173,,
npc_name_str,174,npc_name_str,174,,
npc_name_str,175,npc_name_str,175,,
npc_name_str,176,npc_name_str,176,,
npc_name_str,177,npc_name_str,177,,
npc_name_str,178,npc_name_str,178,,
npc_name_str,179,npc_name_str,179,,
npc_name_str,180,npc_name_str,180,,
npc_name_str,181,npc_name_str,181,,
npc_name_str,182,npc_name_str,182,,
npc_name_str,183,npc_name_str,183,,
npc_name_str,184,npc_name_str,184,,
npc_name_str,185,npc_name_str,185,,
npc_name_str,186,npc_name_str,186,,
npc_name_str,187,npc_name_str,187,,
npc_name_str,188,npc_name_str,188,,
npc_name_str,189,npc_name_str,189,,
npc_name_str,190,npc_name_str,190,,
npc_name_str,191,npc_name_str,191,,
npc_name_str,192,npc_name_str,192,,
npc_name_str,193,npc_name_str,193,,
npc_name_str,194,npc_name_str,194,,
npc_name_str,195,npc_name_str,195,,
npc_name_str,196,npc_name_str,196,,
npc_name_str,197,npc_name_str,197,,
npc_name_str,198,npc_name_str,198,,
npc_name_str,199,npc_name_str,199,,
npc_name_str,200,npc_name_str,200,,
npc_name_str,201,npc_name_str,201,,
npc_name_str,202,npc_name_str,202,,
npc_name_str,203,npc_name_str,203,,
npc_name_str,204,npc_name_str,204,,
npc_name_str,205,npc_name_str,205,,
npc_name_str,206,npc_name_str,206,,
npc_name_str,207,npc_name_str,207,,
npc_name_str,208,npc_name_str,208,,
npc_name_str,209,npc_name_str,209,,
npc_name_str,210,npc_name_str,210,,
npc_name_str,211,npc_name_str,211,,
npc_name_str,212,npc_name_str,212,,
npc_name_str,213,npc_name_str,213,,
npc_name_str,214,npc_name_str,214,,
npc_name_str,215,npc_name_str,215,,
npc_name_str,216,npc_name_str,216,,
npc_name_str,217,npc_name_str,217,,
npc_name_str,218,npc_name_str,218,,
npc_name_str,219,npc_name_str,219,,
npc_name_str,220,npc_name_str,220,,
npc_name_str,221,npc_name_str,221,,
npc_name_str,222,npc_name_str,222,,
npc_name_str,223,npc_name_str,223,,
npc_name_str,224,npc_name_str,224,,
npc_name_str,225,npc_name_str,225,,
npc_name_str,226,npc_name_str,226,,
npc_name_str,227,npc_name_str,227,,
npc_name_str,228,npc_name_str,228,,
npc_name_str,229,npc_name_str,229,,
npc_name_str,230,npc_name_str,230,,
npc_name_str,231,npc_name_str,231,,
npc_name_str,232,npc_name_str,232,,
npc_name_str,233,npc_name_str,233,,
npc_name_str,234,npc_name_str,234,,
npc_name_str,235,npc_name_str,235,,
npc_name_str,236,,,,
npc_name_str,237,,,,
npc_name_str,238,,,,
npc_name_str,239,,,,
npc_name_str,240,,,,
npc_name_str,241,,,,
npc_name_str,242,,,,
npc_name_str,243,,,,
npc_name_str,244,,,,
npc_name_str,245,,,,
npc_name_str,246,,,,
npc_name_str,247,,,,
npc_name_str,248,,,,
npc_name_str,249,,,,
npc_name_str,250,,,,
npc_name_str,251,,,,
npc_name_str,252,,,,
npc_name_str,253,,,,
npc_name_str,254,,,,
item_1xxx,0,itemName_paper,0,,
item_1xxx,1,itemName_paper,1,,
item_1xxx,2,itemName_paper,2,,
item_1xxx,3,itemName_paper,3,,
item_1xxx,4,itemName_paper,4,,
item_1xxx,5,itemName_paper,5,,
item_1xxx,6,itemName_paper,6,,
item_1xxx,7,itemName_paper,7,,
item_1xxx,8,itemName_paper,8,,
item_1xxx,9,itemName_paper,9,,
item_1xxx,10,itemName_paper,10,,
item_1xxx,11,itemName_paper,11,,
item_1xxx,12,itemName_paper,12,,
item_1xxx,13,itemName_paper,13,,
item_1xxx,14,itemName_paper,14,,
item_1xxx,15,itemName_paper,15,,
item_1xxx,16,itemName_paper,16,,
item_1xxx,17,itemName_paper,17,,
item_1xxx,18,itemName_paper,18,,
item_1xxx,19,itemName_paper,19,,
item_1xxx,20,itemName_paper,20,,
item_1xxx,21,itemName_paper,21,,
item_1xxx,22,itemName_paper,22,,
item_1xxx,23,itemName_paper,23,,
item_1xxx,24,itemName_paper,24,,
item_1xxx,25,itemName_paper,25,,
item_1xxx,26,itemName_paper,26,,
item_1xxx,27,itemName_paper,27,,
item_1xxx,28,itemName_paper,28,,
item_1xxx,29,itemName_paper,29,,
item_1xxx,30,itemName_paper,30,,
item_1xxx,31,itemName_paper,31,,
item_1xxx,32,itemName_paper,32,,
item_1xxx,33,itemName_paper,33,,
item_1xxx,34,itemName_paper,34,,
item_1xxx,35,itemName_paper,35,,
item_1xxx,36,itemName_paper,36,,
item_1xxx,37,itemName_paper,37,,
item_1xxx,38,itemName_paper,38,,
item_1xxx,39,itemName_paper,39,,
item_1xxx,40,itemName_paper,40,,
item_1xxx,41,itemName_paper,41,,
item_1xxx,42,itemName_paper,42,,
item_1xxx,43,itemName_paper,43,,
item_1xxx,44,itemName_paper,44,,
item_1xxx,45,itemName_paper,45,,
item_1xxx,46,itemName_paper,46,,
item_1xxx,47,itemName_paper,47,,
item_1xxx,48,itemName_paper,48,,
item_1xxx,49,itemName_paper,49,,
item_1xxx,50,itemName_paper,50,,
item_1xxx,51,itemName_paper,51,,
item_1xxx,52,itemName_paper,52,,
item_1xxx,53,itemName_paper,53,,
item_1xxx,54,itemName_paper,54,,
item_1xxx,55,itemName_paper,55,,
item_1xxx,56,itemName_paper,56,,
item_1xxx,57,itemName_paper,57,,
item_1xxx,58,itemName_paper,58,,
item_1xxx,59,itemName_paper,59,,
item_1xxx,60,itemName_paper,60,,
item_1xxx,61,itemName_paper,61,,
item_1xxx,62,itemName_paper,62,,
item_1xxx,63,itemName_paper,63,,
item_1xxx,102,itemName_paper,38,,
item_1xxx,166,itemName_paper,38,,
item_1xxx,230,itemName_paper,38,,
item_1xxx,64,itemName_money,0,,
item_1xxx,65,itemName_money,1,,
item_1xxx,66,itemName_money,2,,
item_1xxx,67,itemName_money,3,,
item_1xxx,68,itemName_tool,0,,
item_1xxx,69,itemName_tool,1,,
item_1xxx,70,itemName_tool,2,,
item_1xxx,71,itemName_tool,3,,
item_1xxx,72,itemName_tool,4,,
item_1xxx,73,itemName_tool,5,,
item_1xxx,74,itemName_tool,6,,
item_1xxx,75,itemName_tool,7,,
item_1xxx,76,itemName_tool,8,,
item_1xxx,77,itemName_tool,9,,
item_1xxx,78,itemName_tool,10,,
item_1xxx,79,itemName_tool,11,,
item_1xxx,80,itemName_tool,12,,
item_1xxx,81,itemName_tool,13,,
item_1xxx,82,itemName_tool,14,,
item_1xxx,83,itemName_tool,15,,
item_1xxx,84,itemName_tool,16,,
item_1xxx,85,itemName_tool,17,,
item_1xxx,86,itemName_tool,18,,
item_1xxx,87,itemName_tool,19,,
item_1xxx,88,itemName_tool,20,,
item_1xxx,89,itemName_tool,21,,
item_1xxx,90,itemName_tool,22,,
item_1xxx,91,itemName_tool,23,,
item_1xxx,92,itemName_tool,24,,
item_1xxx,93,itemName_tool,25,,
item_1xxx,94,itemName_tool,26,,
item_1xxx,95,itemName_tool,27,,
item_1xxx,96,itemName_tool,28,,
item_1xxx,97,itemName_tool,29,,
item_1xxx,98,itemName_tool,30,,
item_1xxx,99,itemName_tool,31,,
item_1xxx,100,itemName_tool,32,,
item_1xxx,101,itemName_tool,33,,
item_1xxx,103,itemName_tool,35,,
item_1xxx,304,itemName_cloth,168,,
item_1xxx,305,itemName_cloth,169,,
item_1xxx,306,itemName_cloth,170,,
item_1xxx,307,itemName_cloth,171,,
item_1xxx,308,itemName_cloth,172,,
item_1xxx,309,itemName_cloth,173,,
item_1xxx,310,itemName_cloth,174,,
item_1xxx,311,itemName_cloth,175,,
item_1xxx,312,itemName_cloth,176,,
item_1xxx,313,itemName_cloth,177,,
item_1xxx,314,itemName_cloth,178,,
item_1xxx,315,itemName_cloth,179,,
item_1xxx,316,itemName_cloth,180,,
item_1xxx,317,itemName_cloth,181,,
item_1xxx,318,itemName_cloth,182,,
item_1xxx,319,itemName_cloth,183,,
item_1xxx,320,itemName_cloth,184,,
item_1xxx,328,,328,,
item_1xxx,329,,329,,
item_1xxx,330,,330,,
item_1xxx,331,,331,,
item_1xxx,332,,332,,
item_1xxx,333,,333,,
item_1xxx,334,,334,,
item_1xxx,335,,335,,
item_1xxx,336,,336,,
item_1xxx,337,,337,,
item_1xxx,338,,338,,
item_1xxx,339,,339,,
item_1xxx,340,,340,,
item_1xxx,341,,341,,
item_1xxx,342,,342,,
item_1xxx,343,,343,,
item_1xxx,344,,344,,
item_1xxx,345,,345,,
item_1xxx,346,,346,,
item_1xxx,347,,347,,
item_1xxx,348,,348,,
item_1xxx,349,,349,,
item_1xxx,350,,350,,
item_1xxx,351,,351,,
item_1xxx,104,itemName_fish,0,,
item_1xxx,105,itemName_fish,1,,
item_1xxx,106,itemName_fish,2,,
item_1xxx,107,itemName_fish,3,,
item_1xxx,108,itemName_fish,4,,
item_1xxx,109,itemName_fish,5,,
item_1xxx,110,itemName_fish,6,,
item_1xxx,111,itemName_fish,7,,
item_1xxx,112,itemName_fish,8,,
item_1xxx,113,itemName_fish,9,,
item_1xxx,114,itemName_fish,10,,
item_1xxx,115,itemName_fish,11,,
item_1xxx,116,itemName_fish,12,,
item_1xxx,117,itemName_fish,13,,
item_1xxx,118,itemName_fish,14,,
item_1xxx,119,itemName_fish,15,,
item_1xxx,120,itemName_fish,16,,
item_1xxx,121,itemName_fish,17,,
item_1xxx,122,itemName_fish,18,,
item_1xxx,123,itemName_fish,19,,
item_1xxx,124,itemName_fish,20,,
item_1xxx,125,itemName_fish,21,,
item_1xxx,126,itemName_fish,22,,
item_1xxx,127,itemName_fish,23,,
item_1xxx,128,itemName_fish,24,,
item_1xxx,129,itemName_fish,25,,
item_1xxx,130,itemName_fish,26,,
item_1xxx,131,itemName_fish,27,,
item_1xxx,132,itemName_fish,28,,
item_1xxx,133,itemName_fish,29,,
item_1xxx,134,itemName_fish,30,,
item_1xxx,135,itemName_fish,31,,
item_1xxx,384,,384,,
item_1xxx,385,,385,,
item_1xxx,386,,386,,
item_1xxx,387,,387,,
item_1xxx,388,,388,,
item_1xxx,389,,389,,
item_1xxx,390,,390,,
item_1xxx,391,,391,,
item_1xxx,136,itemName_cloth,0,,
item_1xxx,137,itemName_cloth,1,,
item_1xxx,138,itemName_cloth,2,,
item_1xxx,139,itemName_cloth,3,,
item_1xxx,140,itemName_cloth,4,,
item_1xxx,141,itemName_cloth,5,,
item_1xxx,142,itemName_cloth,6,,
item_1xxx,143,itemName_cloth,7,,
item_1xxx,144,itemName_cloth,8,,
item_1xxx,145,itemName_cloth,9,,
item_1xxx,146,itemName_cloth,10,,
item_1xxx,147,itemName_cloth,11,,
item_1xxx,148,itemName_cloth,12,,
item_1xxx,149,itemName_cloth,13,,
item_1xxx,150,itemName_cloth,14,,
item_1xxx,151,itemName_cloth,15,,
item_1xxx,152,itemName_cloth,16,,
item_1xxx,153,itemName_cloth,17,,
item_1xxx,154,itemName_cloth,18,,
item_1xxx,155,itemName_cloth,19,,
item_1xxx,156,itemName_cloth,20,,
item_1xxx,157,itemName_cloth,21,,
item_1xxx,158,itemName_cloth,22,,
item_1xxx,159,itemName_cloth,23,,
item_1xxx,160,itemName_cloth,24,,
item_1xxx,161,itemName_cloth,25,,
item_1xxx,418,itemName_cloth,26,,
item_1xxx,419,itemName_cloth,27,,
item_1xxx,164,itemName_cloth,28,,
item_1xxx,165,itemName_cloth,29,,
item_1xxx,167,itemName_cloth,31,,
item_1xxx,168,itemName_cloth,32,,
item_1xxx,169,itemName_cloth,33,,
item_1xxx,170,itemName_cloth,34,,
item_1xxx,171,itemName_cloth,35,,
item_1xxx,172,itemName_cloth,36,,
item_1xxx,173,itemName_cloth,37,,
item_1xxx,174,itemName_cloth,38,,
item_1xxx,175,itemName_cloth,39,,
item_1xxx,176,itemName_cloth,40,,
item_1xxx,177,itemName_cloth,41,,
item_1xxx,178,itemName_cloth,42,,
item_1xxx,179,itemName_cloth,43,,
item_1xxx,180,itemName_cloth,44,,
item_1xxx,181,itemName_cloth,45,,
item_1xxx,182,itemName_cloth,46,,
item_1xxx,183,itemName_cloth,47,,
item_1xxx,184,itemName_cloth,48,,
item_1xxx,185,itemName_cloth,49,,
item_1xxx,186,itemName_cloth,50,,
item_1xxx,187,itemName_cloth,51,,
item_1xxx,188,itemName_cloth,52,,
item_1xxx,189,itemName_cloth,53,,
item_1xxx,190,itemName_cloth,54,,
item_1xxx,191,itemName_cloth,55,,
item_1xxx,192,itemName_cloth,56,,
item_1xxx,193,itemName_cloth,57,,
item_1xxx,194,itemName_cloth,58,,
item_1xxx,195,itemName_cloth,59,,
item_1xxx,196,itemName_cloth,60,,
item_1xxx,197,itemName_cloth,61,,
item_1xxx,198,itemName_cloth,62,,
item_1xxx,199,itemName_cloth,63,,
item_1xxx,200,itemName_cloth,64,,
item_1xxx,201,itemName_cloth,65,,
item_1xxx,202,itemName_cloth,66,,
item_1xxx,203,itemName_cloth,67,,
item_1xxx,204,itemName_cloth,68,,
item_1xxx,205,itemName_cloth,69,,
item_1xxx,206,itemName_cloth,70,,
item_1xxx,207,itemName_cloth,71,,
item_1xxx,208,itemName_cloth,72,,
item_1xxx,209,itemName_cloth,73,,
item_1xxx,210,itemName_cloth,74,,
item_1xxx,211,itemName_cloth,75,,
item_1xxx,212,itemName_cloth,76,,
item_1xxx,213,itemName_cloth,77,,
item_1xxx,214,itemName_cloth,78,,
item_1xxx,215,itemName_cloth,79,,
item_1xxx,216,itemName_cloth,80,,
item_1xxx,217,itemName_cloth,81,,
item_1xxx,218,itemName_cloth,82,,
item_1xxx,219,itemName_cloth,83,,
item_1xxx,220,itemName_cloth,84,,
item_1xxx,221,itemName_cloth,85,,
item_1xxx,222,itemName_cloth,86,,
item_1xxx,223,itemName_cloth,87,,
item_1xxx,224,itemName_cloth,88,,
item_1xxx,225,itemName_cloth,89,,
item_1xxx,226,itemName_cloth,90,,
item_1xxx,227,itemName_cloth,91,,
item_1xxx,228,itemName_cloth,92,,
item_1xxx,229,itemName_cloth,93,,
item_1xxx,231,itemName_cloth,95,,
item_1xxx,232,itemName_cloth,96,,
item_1xxx,233,itemName_cloth,97,,
item_1xxx,234,itemName_cloth,98,,
item_1xxx,235,itemName_cloth,99,,
item_1xxx,236,itemName_cloth,100,,
item_1xxx,237,itemName_cloth,101,,
item_1xxx,238,itemName_cloth,102,,
item_1xxx,239,itemName_cloth,103,,
item_1xxx,240,itemName_cloth,104,,
item_1xxx,241,itemName_cloth,105,,
item_1xxx,242,itemName_cloth,106,,
item_1xxx,243,itemName_cloth,107,,
item_1xxx,244,itemName_cloth,108,,
item_1xxx,245,itemName_cloth,109,,
item_1xxx,246,itemName_cloth,110,,
item_1xxx,247,itemName_cloth,111,,
item_1xxx,248,itemName_cloth,112,,
item_1xxx,249,itemName_cloth,113,,
item_1xxx,250,itemName_cloth,114,,
item_1xxx,251,itemName_cloth,115,,
item_1xxx,252,itemName_cloth,116,,
item_1xxx,253,itemName_cloth,117,,
item_1xxx,254,itemName_cloth,118,,
item_1xxx,255,itemName_cloth,119,,
item_1xxx,256,itemName_cloth,120,,
item_1xxx,257,itemName_cloth,121,,
item_1xxx,258,itemName_cloth,122,,
item_1xxx,259,itemName_cloth,123,,
item_1xxx,260,itemName_cloth,124,,
item_1xxx,261,itemName_cloth,125,,
item_1xxx,262,itemName_cloth,126,,
item_1xxx,263,itemName_cloth,127,,
item_1xxx,264,itemName_cloth,128,,
item_1xxx,265,itemName_cloth,129,,
item_1xxx,266,itemName_cloth,130,,
item_1xxx,267,itemName_cloth,131,,
item_1xxx,268,itemName_cloth,132,,
item_1xxx,269,itemName_cloth,133,,
item_1xxx,270,itemName_cloth,134,,
item_1xxx,271,itemName_cloth,135,,
item_1xxx,272,itemName_cloth,136,,
item_1xxx,273,itemName_cloth,137,,
item_1xxx,274,itemName_cloth,138,,
item_1xxx,275,itemName_cloth,139,,
item_1xxx,276,itemName_cloth,140,,
item_1xxx,277,itemName_cloth,141,,
item_1xxx,278,itemName_cloth,142,,
item_1xxx,279,itemName_cloth,143,,
item_1xxx,280,itemName_cloth,144,,
item_1xxx,281,itemName_cloth,145,,
item_1xxx,282,itemName_cloth,146,,
item_1xxx,283,itemName_cloth,147,,
item_1xxx,284,itemName_cloth,148,,
item_1xxx,285,itemName_cloth,149,,
item_1xxx,286,itemName_cloth,150,,
item_1xxx,287,itemName_cloth,151,,
item_1xxx,288,itemName_cloth,152,,
item_1xxx,289,itemName_cloth,153,,
item_1xxx,290,itemName_cloth,154,,
item_1xxx,291,itemName_cloth,155,,
item_1xxx,292,itemName_cloth,156,,
item_1xxx,293,itemName_cloth,157,,
item_1xxx,294,itemName_cloth,158,,
item_1xxx,295,itemName_cloth,159,,
item_1xxx,296,itemName_cloth,160,,
item_1xxx,297,itemName_cloth,161,,
item_1xxx,298,itemName_cloth,162,,
item_1xxx,299,itemName_cloth,163,,
item_1xxx,300,itemName_cloth,164,,
item_1xxx,301,itemName_cloth,165,,
item_1xxx,302,itemName_cloth,166,,
item_1xxx,303,itemName_cloth,167,,
item_1xxx,321,itemName_cloth,185,,
item_1xxx,322,itemName_cloth,186,,
item_1xxx,323,itemName_cloth,187,,
item_1xxx,324,itemName_cloth,188,,
item_1xxx,325,itemName_cloth,189,,
item_1xxx,326,itemName_cloth,190,,
item_1xxx,583,itemName_cloth,191,,
item_1xxx,595,itemName_cloth,203,,
item_1xxx,352,itemName_cloth,216,,
item_1xxx,353,itemName_cloth,217,,
item_1xxx,354,itemName_cloth,218,,
item_1xxx,355,itemName_cloth,219,,
item_1xxx,356,itemName_cloth,220,,
item_1xxx,357,itemName_cloth,221,,
item_1xxx,358,itemName_cloth,222,,
item_1xxx,359,itemName_cloth,223,,
item_1xxx,360,itemName_cloth,224,,
item_1xxx,361,itemName_cloth,225,,
item_1xxx,362,itemName_cloth,226,,
item_1xxx,363,itemName_cloth,227,,
item_1xxx,364,itemName_cloth,228,,
item_1xxx,365,itemName_cloth,229,,
item_1xxx,366,itemName_cloth,230,,
item_1xxx,367,itemName_cloth,231,,
item_1xxx,368,itemName_cloth,232,,
item_1xxx,369,itemName_cloth,233,,
item_1xxx,370,itemName_cloth,234,,
item_1xxx,371,itemName_cloth,235,,
item_1xxx,372,itemName_cloth,236,,
item_1xxx,373,itemName_cloth,237,,
item_1xxx,374,itemName_cloth,238,,
item_1xxx,375,itemName_cloth,239,,
item_1xxx,376,itemName_cloth,240,,
item_1xxx,377,itemName_cloth,241,,
item_1xxx,378,itemName_cloth,242,,
item_1xxx,379,itemName_cloth,243,,
item_1xxx,380,itemName_cloth,244,,
item_1xxx,381,itemName_cloth,245,,
item_1xxx,382,itemName_cloth,246,,
item_1xxx,383,itemName_cloth,247,,
item_1xxx,392,itemName_etc,1,,
item_1xxx,393,itemName_etc,2,,
item_1xxx,394,itemName_etc,3,,
item_1xxx,395,itemName_etc,4,,
item_1xxx,396,itemName_etc,5,,
item_1xxx,397,itemName_etc,6,,
item_1xxx,398,itemName_etc,7,,
item_1xxx,399,itemName_etc,8,,
item_1xxx,400,itemName_etc,9,,
item_1xxx,401,itemName_etc,10,,
item_1xxx,402,itemName_etc,11,,
item_1xxx,403,itemName_etc,12,,
item_1xxx,404,itemName_etc,13,,
item_1xxx,405,itemName_etc,14,,
item_1xxx,406,itemName_etc,15,,
item_1xxx,407,itemName_etc,16,,
item_1xxx,408,itemName_etc,17,,
item_1xxx,409,itemName_etc,18,,
item_1xxx,410,itemName_etc,19,,
item_1xxx,411,itemName_etc,20,,
item_1xxx,412,itemName_etc,21,,
item_1xxx,413,itemName_etc,22,,
item_1xxx,414,itemName_etc,23,,
item_1xxx,415,itemName_etc,24,,
item_1xxx,416,itemName_etc,25,,
item_1xxx,417,itemName_etc,26,,
item_1xxx,420,itemName_etc,29,,
item_1xxx,677,itemName_etc,30,,
item_1xxx,682,itemName_etc,35,,
item_1xxx,683,itemName_etc,36,,
item_1xxx,684,itemName_etc,37,,
item_1xxx,685,itemName_etc,38,,
item_1xxx,686,itemName_etc,39,,
item_1xxx,687,itemName_etc,40,,
item_1xxx,688,itemName_etc,41,,
item_1xxx,689,itemName_etc,42,,
item_1xxx,690,itemName_etc,43,,
item_1xxx,691,itemName_etc,44,,
item_1xxx,692,itemName_etc,45,,
item_1xxx,693,itemName_etc,46,,
item_1xxx,694,itemName_etc,47,,
item_1xxx,421,itemName_carpet,0,,
item_1xxx,422,itemName_carpet,1,,
item_1xxx,423,itemName_carpet,2,,
item_1xxx,424,itemName_carpet,3,,
item_1xxx,425,itemName_carpet,4,,
item_1xxx,426,itemName_carpet,5,,
item_1xxx,427,itemName_carpet,6,,
item_1xxx,428,itemName_carpet,7,,
item_1xxx,429,itemName_carpet,8,,
item_1xxx,430,itemName_carpet,9,,
item_1xxx,431,itemName_carpet,10,,
item_1xxx,432,itemName_carpet,11,,
item_1xxx,433,itemName_carpet,12,,
item_1xxx,434,itemName_carpet,13,,
item_1xxx,435,itemName_carpet,14,,
item_1xxx,436,itemName_carpet,15,,
item_1xxx,437,itemName_carpet,16,,
item_1xxx,438,itemName_carpet,17,,
item_1xxx,439,itemName_carpet,18,,
item_1xxx,440,itemName_carpet,19,,
item_1xxx,441,itemName_carpet,20,,
item_1xxx,442,itemName_carpet,21,,
item_1xxx,443,itemName_carpet,22,,
item_1xxx,444,itemName_carpet,23,,
item_1xxx,445,itemName_carpet,24,,
item_1xxx,446,itemName_carpet,25,,
item_1xxx,447,itemName_carpet,26,,
item_1xxx,448,itemName_carpet,27,,
item_1xxx,449,itemName_carpet,28,,
item_1xxx,450,itemName_carpet,29,,
item_1xxx,451,itemName_carpet,30,,
item_1xxx,452,itemName_carpet,31,,
item_1xxx,453,itemName_carpet,32,,
item_1xxx,454,itemName_carpet,33,,
item_1xxx,455,itemName_carpet,34,,
item_1xxx,456,itemName_carpet,35,,
item_1xxx,457,itemName_carpet,36,,
item_1xxx,458,itemName_carpet,37,,
item_1xxx,459,itemName_carpet,38,,
item_1xxx,460,itemName_carpet,39,,
item_1xxx,461,itemName_carpet,40,,
item_1xxx,462,itemName_carpet,41,,
item_1xxx,463,itemName_carpet,42,,
item_1xxx,464,itemName_carpet,43,,
item_1xxx,465,itemName_carpet,44,,
item_1xxx,466,itemName_carpet,45,,
item_1xxx,467,itemName_carpet,46,,
item_1xxx,468,itemName_carpet,47,,
item_1xxx,469,itemName_carpet,48,,
item_1xxx,470,itemName_carpet,49,,
item_1xxx,535,itemName_carpet,50,,
item_1xxx,472,itemName_carpet,51,,
item_1xxx,473,itemName_carpet,52,,
item_1xxx,474,itemName_carpet,53,,
item_1xxx,475,itemName_carpet,54,,
item_1xxx,476,itemName_carpet,55,,
item_1xxx,477,itemName_carpet,56,,
item_1xxx,478,itemName_carpet,57,,
item_1xxx,479,itemName_carpet,58,,
item_1xxx,480,itemName_carpet,59,,
item_1xxx,481,itemName_carpet,60,,
item_1xxx,482,itemName_carpet,61,,
item_1xxx,483,itemName_carpet,62,,
item_1xxx,484,itemName_carpet,63,,
item_1xxx,485,itemName_wall,0,,
item_1xxx,486,itemName_wall,1,,
item_1xxx,487,itemName_wall,2,,
item_1xxx,488,itemName_wall,3,,
item_1xxx,489,itemName_wall,4,,
item_1xxx,490,itemName_wall,5,,
item_1xxx,491,itemName_wall,6,,
item_1xxx,492,itemName_wall,7,,
item_1xxx,493,itemName_wall,8,,
item_1xxx,494,itemName_wall,9,,
item_1xxx,495,itemName_wall,10,,
item_1xxx,496,itemName_wall,11,,
item_1xxx,497,itemName_wall,12,,
item_1xxx,498,itemName_wall,13,,
item_1xxx,499,itemName_wall,14,,
item_1xxx,500,itemName_wall,15,,
item_1xxx,501,itemName_wall,16,,
item_1xxx,502,itemName_wall,17,,
item_1xxx,503,itemName_wall,18,,
item_1xxx,504,itemName_wall,19,,
item_1xxx,505,itemName_wall,20,,
item_1xxx,506,itemName_wall,21,,
item_1xxx,507,itemName_wall,22,,
item_1xxx,508,itemName_wall,23,,
item_1xxx,509,itemName_wall,24,,
item_1xxx,510,itemName_wall,25,,
item_1xxx,511,itemName_wall,26,,
item_1xxx,512,itemName_wall,27,,
item_1xxx,513,itemName_wall,28,,
item_1xxx,514,itemName_wall,29,,
item_1xxx,515,itemName_wall,30,,
item_1xxx,516,itemName_wall,31,,
item_1xxx,517,itemName_wall,32,,
item_1xxx,518,itemName_wall,33,,
item_1xxx,519,itemName_wall,34,,
item_1xxx,520,itemName_wall,35,,
item_1xxx,521,itemName_wall,36,,
item_1xxx,522,itemName_wall,37,,
item_1xxx,523,itemName_wall,38,,
item_1xxx,524,itemName_wall,39,,
item_1xxx,525,itemName_wall,40,,
item_1xxx,526,itemName_wall,41,,
item_1xxx,527,itemName_wall,42,,
item_1xxx,528,itemName_wall,43,,
item_1xxx,529,itemName_wall,44,,
item_1xxx,530,itemName_wall,45,,
item_1xxx,531,itemName_wall,46,,
item_1xxx,532,itemName_wall,47,,
item_1xxx,533,itemName_wall,48,,
item_1xxx,534,itemName_wall,49,,
item_1xxx,536,itemName_wall,51,,
item_1xxx,537,itemName_wall,52,,
item_1xxx,538,itemName_wall,53,,
item_1xxx,539,itemName_wall,54,,
item_1xxx,540,itemName_wall,55,,
item_1xxx,541,itemName_wall,56,,
item_1xxx,542,itemName_wall,57,,
item_1xxx,543,itemName_wall,58,,
item_1xxx,544,itemName_wall,59,,
item_1xxx,545,itemName_wall,60,,
item_1xxx,546,itemName_wall,61,,
item_1xxx,547,itemName_wall,62,,
item_1xxx,548,itemName_wall,63,,
item_1xxx,549,itemName_fruit,0,,
item_1xxx,550,itemName_fruit,1,,
item_1xxx,551,itemName_fruit,2,,
item_1xxx,552,itemName_fruit,3,,
item_1xxx,553,itemName_fruit,4,,
item_1xxx,554,itemName_fruit,5,,
item_1xxx,555,itemName_fruit,6,,
item_1xxx,830,itemName_plant,18,,
item_1xxx,831,ftrName_table,18,,
item_1xxx,832,ftrName_table,19,,
item_1xxx,833,ftrName_table,19,,
item_1xxx,834,ftrName_table,19,,
item_1xxx,835,ftrName_table,19,,
item_1xxx,836,ftrName_table,20,,
item_1xxx,837,ftrName_table,20,,
item_1xxx,838,ftrName_table,20,,
item_1xxx,839,ftrName_table,20,,
item_1xxx,840,ftrName_table,21,,
item_1xxx,841,ftrName_table,21,,
item_1xxx,842,ftrName_table,21,,
item_1xxx,567,itemName_minidisk,1,,
item_1xxx,568,itemName_minidisk,2,,
item_1xxx,569,itemName_minidisk,3,,
item_1xxx,570,itemName_minidisk,4,,
item_1xxx,571,itemName_minidisk,5,,
item_1xxx,572,itemName_minidisk,6,,
item_1xxx,573,itemName_minidisk,7,,
item_1xxx,574,itemName_minidisk,8,,
item_1xxx,575,itemName_minidisk,9,,
item_1xxx,576,itemName_minidisk,10,,
item_1xxx,577,itemName_minidisk,11,,
item_1xxx,578,itemName_minidisk,12,,
item_1xxx,579,itemName_minidisk,13,,
item_1xxx,580,itemName_minidisk,14,,
item_1xxx,581,itemName_minidisk,15,,
item_1xxx,582,itemName_minidisk,16,,
item_1xxx,584,itemName_minidisk,18,,
item_1xxx,585,itemName_minidisk,19,,
item_1xxx,586,itemName_minidisk,20,,
item_1xxx,587,itemName_minidisk,21,,
item_1xxx,588,itemName_minidisk,22,,
item_1xxx,589,itemName_minidisk,23,,
item_1xxx,590,itemName_minidisk,24,,
item_1xxx,591,itemName_minidisk,25,,
item_1xxx,592,itemName_minidisk,26,,
item_1xxx,593,itemName_minidisk,27,,
item_1xxx,594,itemName_minidisk,28,,
item_1xxx,596,itemName_minidisk,30,,
item_1xxx,597,itemName_minidisk,31,,
item_1xxx,598,itemName_minidisk,32,,
item_1xxx,599,itemName_minidisk,33,,
item_1xxx,600,itemName_minidisk,34,,
item_1xxx,601,itemName_minidisk,35,,
item_1xxx,602,itemName_minidisk,36,,
item_1xxx,603,itemName_minidisk,37,,
item_1xxx,604,itemName_minidisk,38,,
item_1xxx,605,itemName_minidisk,39,,
item_1xxx,606,itemName_minidisk,40,,
item_1xxx,607,itemName_minidisk,41,,
item_1xxx,608,itemName_minidisk,42,,
item_1xxx,609,itemName_minidisk,43,,
item_1xxx,610,itemName_minidisk,44,,
item_1xxx,611,itemName_minidisk,45,,
item_1xxx,612,itemName_minidisk,46,,
item_1xxx,613,itemName_minidisk,47,,
item_1xxx,614,itemName_minidisk,48,,
item_1xxx,615,itemName_minidisk,49,,
item_1xxx,616,itemName_minidisk,50,,
item_1xxx,617,itemName_minidisk,51,,
item_1xxx,618,itemName_minidisk,52,,
item_1xxx,619,itemName_minidisk,53,,
item_1xxx,620,itemName_minidisk,54,,
item_1xxx,897,ftrName_table,35,,
item_1xxx,898,ftrName_table,35,,
item_1xxx,899,ftrName_table,35,,
item_1xxx,900,ftrName_table,35,,
item_1xxx,901,ftrName_table,36,,
item_1xxx,902,ftrName_table,36,,
item_1xxx,903,ftrName_table,36,,
item_1xxx,904,ftrName_table,36,,
item_1xxx,905,ftrName_table,37,,
item_1xxx,906,ftrName_table,37,,
item_1xxx,907,ftrName_table,37,,
item_1xxx,908,ftrName_table,37,,
item_1xxx,909,ftrName_table,38,,
item_1xxx,910,ftrName_table,38,,
item_1xxx,911,ftrName_table,38,,
item_1xxx,912,ftrName_table,38,,
item_1xxx,913,ftrName_table,39,,
item_1xxx,914,ftrName_table,39,,
item_1xxx,915,ftrName_table,39,,
item_1xxx,916,ftrName_table,39,,
item_1xxx,917,ftrName_table,40,,
item_1xxx,918,ftrName_table,40,,
item_1xxx,919,ftrName_table,40,,
item_1xxx,920,ftrName_table,40,,
item_1xxx,921,ftrName_table,41,,
item_1xxx,922,ftrName_table,41,,
item_1xxx,923,ftrName_table,41,,
item_1xxx,924,ftrName_table,41,,
item_1xxx,925,ftrName_table,42,,
item_1xxx,926,ftrName_table,42,,
item_1xxx,927,ftrName_table,42,,
item_1xxx,928,ftrName_table,42,,
item_1xxx,929,ftrName_table,43,,
item_1xxx,930,ftrName_table,43,,
item_1xxx,931,ftrName_table,43,,
item_1xxx,932,ftrName_table,43,,
item_1xxx,933,ftrName_table,44,,
item_1xxx,934,ftrName_table,44,,
item_1xxx,935,ftrName_table,44,,
item_1xxx,936,ftrName_table,44,,
item_1xxx,937,ftrName_table,45,,
item_1xxx,938,ftrName_table,45,,
item_1xxx,939,ftrName_table,45,,
item_1xxx,940,ftrName_table,45,,
item_1xxx,941,ftrName_table,46,,
item_1xxx,942,ftrName_table,46,,
item_1xxx,943,ftrName_table,46,,
item_1xxx,944,ftrName_table,46,,
item_1xxx,945,ftrName_table,47,,
item_1xxx,946,ftrName_table,47,,
item_1xxx,947,ftrName_table,47,,
item_1xxx,948,ftrName_table,47,,
item_1xxx,949,ftrName_table,48,,
item_1xxx,950,ftrName_table,48,,
item_1xxx,951,ftrName_table,48,,
item_1xxx,952,ftrName_table,48,,
item_1xxx,953,ftrName_table,49,,
item_1xxx,954,ftrName_table,49,,
item_1xxx,955,ftrName_table,49,,
item_1xxx,956,ftrName_table,49,,
item_1xxx,957,ftrName_table,50,,
item_1xxx,958,ftrName_table,50,,
item_1xxx,959,ftrName_table,50,,
item_1xxx,960,ftrName_table,50,,
item_1xxx,961,ftrName_table,51,,
item_1xxx,962,ftrName_table,51,,
item_1xxx,963,ftrName_table,51,,
item_1xxx,964,ftrName_table,51,,
item_1xxx,965,ftrName_table,52,,
item_1xxx,966,ftrName_table,52,,
item_1xxx,967,ftrName_table,52,,
item_1xxx,968,ftrName_table,52,,
item_1xxx,969,ftrName_table,53,,
item_1xxx,970,ftrName_table,53,,
item_1xxx,971,ftrName_table,53,,
item_1xxx,972,ftrName_table,53,,
item_1xxx,973,ftrName_table,54,,
item_1xxx,974,ftrName_table,54,,
item_1xxx,975,ftrName_table,54,,
item_1xxx,976,ftrName_table,54,,
item_1xxx,977,ftrName_table,55,,
item_1xxx,978,ftrName_table,55,,
item_1xxx,979,ftrName_table,55,,
item_1xxx,980,ftrName_table,55,,
item_1xxx,981,ftrName_table,56,,
item_1xxx,982,ftrName_table,56,,
item_1xxx,983,ftrName_table,56,,
item_1xxx,984,ftrName_table,56,,
item_1xxx,985,ftrName_table,57,,
item_1xxx,986,ftrName_table,57,,
item_1xxx,987,ftrName_table,57,,
item_1xxx,988,ftrName_table,57,,
item_1xxx,989,ftrName_table,58,,
item_1xxx,990,ftrName_table,58,,
item_1xxx,991,ftrName_table,58,,
item_1xxx,992,ftrName_table,58,,
item_1xxx,993,ftrName_table,59,,
item_1xxx,994,ftrName_table,59,,
item_1xxx,995,ftrName_table,59,,
item_1xxx,996,ftrName_table,59,,
item_1xxx,997,ftrName_table,60,,
item_1xxx,998,ftrName_table,60,,
item_1xxx,999,ftrName_table,60,,
item_1xxx,1000,ftrName_table,60,,
item_1xxx,1001,ftrName_table,61,,
item_1xxx,1002,ftrName_table,61,,
item_1xxx,1003,ftrName_table,61,,
item_1xxx,1004,ftrName_table,61,,
item_1xxx,1005,ftrName_table,62,,
item_1xxx,1006,ftrName_table,62,,
item_1xxx,1007,ftrName_table,62,,
item_1xxx,1008,ftrName_table,62,,
item_1xxx,1009,ftrName_table,63,,
item_1xxx,1010,ftrName_table,63,,
item_1xxx,1011,ftrName_table,63,,
item_1xxx,1012,ftrName_table,63,,
item_1xxx,1013,ftrName_table,64,,
item_1xxx,1014,ftrName_table,64,,
item_1xxx,1015,ftrName_table,64,,
item_1xxx,1016,ftrName_table,64,,
item_1xxx,1017,ftrName_table,65,,
item_1xxx,1018,ftrName_table,65,,
item_1xxx,1019,ftrName_table,65,,
item_1xxx,1020,ftrName_table,65,,
item_1xxx,1021,ftrName_table,66,,
item_1xxx,1022,ftrName_table,66,,
item_1xxx,1023,ftrName_table,66,,
item_1xxx,1024,ftrName_table,66,,
item_1xxx,1025,ftrName_table,67,,
item_1xxx,1026,ftrName_table,67,,
item_1xxx,1027,ftrName_table,67,,
item_1xxx,1028,ftrName_table,67,,
item_1xxx,1029,ftrName_table,68,,
item_1xxx,1030,ftrName_table,68,,
item_1xxx,1031,ftrName_table,68,,
item_1xxx,1032,ftrName_table,68,,
item_1xxx,1033,ftrName_table,69,,
item_1xxx,1034,ftrName_table,69,,
item_1xxx,1035,ftrName_table,69,,
item_1xxx,1036,ftrName_table,69,,
item_1xxx,1037,ftrName_table,70,,
item_1xxx,1038,ftrName_table,70,,
item_1xxx,1039,ftrName_table,70,,
item_1xxx,1040,ftrName_table,70,,
item_1xxx,1041,ftrName_table,71,,
item_1xxx,1042,ftrName_table,71,,
item_1xxx,1043,ftrName_table,71,,
item_1xxx,1044,ftrName_table,71,,
item_1xxx,1045,ftrName_table,72,,
item_1xxx,1046,ftrName_table,72,,
item_1xxx,1047,ftrName_table,72,,
item_1xxx,1048,ftrName_table,72,,
item_1xxx,1049,ftrName_table,73,,
item_1xxx,1050,ftrName_table,73,,
item_1xxx,1051,ftrName_table,73,,
item_1xxx,1052,ftrName_table,73,,
item_1xxx,1053,ftrName_table,74,,
item_1xxx,1054,ftrName_table,74,,
item_1xxx,1055,ftrName_table,74,,
item_1xxx,1056,ftrName_table,74,,
item_1xxx,1057,ftrName_table,75,,
item_1xxx,1058,ftrName_table,75,,
item_1xxx,1059,ftrName_table,75,,
item_1xxx,1060,ftrName_table,75,,
item_1xxx,1061,ftrName_table,76,,
item_1xxx,1062,ftrName_table,76,,
item_1xxx,1063,ftrName_table,76,,
item_1xxx,1064,ftrName_table,76,,
item_1xxx,1065,ftrName_table,77,,
item_1xxx,1066,ftrName_table,77,,
item_1xxx,1067,ftrName_table,77,,
item_1xxx,1068,ftrName_table,77,,
item_1xxx,1069,ftrName_table,78,,
item_1xxx,1070,ftrName_table,78,,
item_1xxx,1071,ftrName_table,78,,
item_1xxx,1072,ftrName_table,78,,
item_1xxx,1073,ftrName_table,79,,
item_1xxx,1074,ftrName_table,79,,
item_1xxx,1075,ftrName_table,79,,
item_1xxx,1076,ftrName_table,79,,
item_1xxx,1077,ftrName_table,80,,
item_1xxx,1078,ftrName_table,80,,
item_1xxx,1079,ftrName_table,80,,
item_1xxx,1080,ftrName_table,80,,
item_1xxx,1081,ftrName_table,81,,
item_1xxx,1082,ftrName_table,81,,
item_1xxx,1083,ftrName_table,81,,
item_1xxx,1084,ftrName_table,81,,
item_1xxx,1085,ftrName_table,82,,
item_1xxx,1086,ftrName_table,82,,
item_1xxx,1087,ftrName_table,82,,
item_1xxx,1088,ftrName_table,82,,
item_1xxx,1089,ftrName_table,83,,
item_1xxx,1090,ftrName_table,83,,
item_1xxx,1091,ftrName_table,83,,
item_1xxx,1092,ftrName_table,83,,
item_1xxx,1093,ftrName_table,84,,
item_1xxx,1094,ftrName_table,84,,
item_1xxx,1095,ftrName_table,84,,
item_1xxx,1096,ftrName_table,84,,
item_1xxx,1097,ftrName_table,85,,
item_1xxx,1098,ftrName_table,85,,
item_1xxx,1099,ftrName_table,85,,
item_1xxx,1100,ftrName_table,85,,
item_1xxx,1101,ftrName_table,86,,
item_1xxx,1102,ftrName_table,86,,
item_1xxx,1103,ftrName_table,86,,
item_1xxx,1104,ftrName_table,86,,
item_1xxx,1105,ftrName_table,87,,
item_1xxx,1106,ftrName_table,87,,
item_1xxx,1107,ftrName_table,87,,
item_1xxx,1108,ftrName_table,87,,
item_1xxx,1109,ftrName_table,88,,
item_1xxx,1110,ftrName_table,88,,
item_1xxx,1111,ftrName_table,88,,
item_1xxx,1112,ftrName_table,88,,
item_1xxx,1113,ftrName_table,89,,
item_1xxx,1114,ftrName_table,89,,
item_1xxx,1115,ftrName_table,89,,
item_1xxx,1116,ftrName_table,89,,
item_1xxx,1117,ftrName_table,90,,
item_1xxx,1118,ftrName_table,90,,
item_1xxx,1119,ftrName_table,90,,
item_1xxx,1120,ftrName_table,90,,
item_1xxx,1121,ftrName_table,91,,
item_1xxx,1122,ftrName_table,91,,
item_1xxx,1123,ftrName_table,91,,
item_1xxx,1124,ftrName_table,91,,
item_1xxx,1125,ftrName_table,92,,
item_1xxx,1126,ftrName_table,92,,
item_1xxx,1127,ftrName_table,92,,
item_1xxx,1128,ftrName_table,92,,
item_1xxx,1129,ftrName_table,93,,
item_1xxx,1130,ftrName_table,93,,
item_1xxx,1131,ftrName_table,93,,
item_1xxx,1132,ftrName_table,93,,
item_1xxx,1133,ftrName_table,94,,
item_1xxx,1134,ftrName_table,94,,
item_1xxx,1135,ftrName_table,94,,
item_1xxx,1136,ftrName_table,94,,
item_1xxx,1137,ftrName_table,95,,
item_1xxx,1138,ftrName_table,95,,
item_1xxx,1139,ftrName_table,95,,
item_1xxx,1140,ftrName_table,95,,
item_1xxx,1141,ftrName_table,96,,
item_1xxx,1142,ftrName_table,96,,
item_1xxx,1143,ftrName_table,96,,
item_1xxx,1144,ftrName_table,96,,
item_1xxx,1145,ftrName_table,97,,
item_1xxx,1146,ftrName_table,97,,
item_1xxx,1147,ftrName_table,97,,
item_1xxx,1148,ftrName_table,97,,
item_1xxx,1149,ftrName_table,98,,
item_1xxx,1150,ftrName_table,98,,
item_1xxx,1151,ftrName_table,98,,
item_1xxx,1152,ftrName_table,98,,
item_1xxx,1153,ftrName_table,99,,
item_1xxx,1154,ftrName_table,99,,
item_1xxx,1155,ftrName_table,99,,
item_1xxx,1156,ftrName_table,99,,
item_1xxx,1157,ftrName_table,100,,
item_1xxx,1158,ftrName_table,100,,
item_1xxx,1159,ftrName_table,100,,
item_1xxx,1160,ftrName_table,100,,
item_1xxx,1161,ftrName_table,101,,
item_1xxx,1162,ftrName_table,101,,
item_1xxx,1163,ftrName_table,101,,
item_1xxx,1164,ftrName_table,101,,
item_1xxx,1165,ftrName_table,102,,
item_1xxx,1166,ftrName_table,102,,
item_1xxx,1167,ftrName_table,102,,
item_1xxx,1168,ftrName_table,102,,
item_1xxx,1169,ftrName_table,103,,
item_1xxx,1170,ftrName_table,103,,
item_1xxx,1171,ftrName_table,103,,
item_1xxx,1172,ftrName_table,103,,
item_1xxx,1173,ftrName_table,104,,
item_1xxx,1174,ftrName_table,104,,
item_1xxx,1175,ftrName_table,104,,
item_1xxx,1176,ftrName_table,104,,
item_1xxx,1177,ftrName_table,105,,
item_1xxx,1178,ftrName_table,105,,
item_1xxx,1179,ftrName_table,105,,
item_1xxx,1180,ftrName_table,105,,
item_1xxx,1181,ftrName_table,106,,
item_1xxx,1182,ftrName_table,106,,
item_1xxx,1183,ftrName_table,106,,
item_1xxx,1184,ftrName_table,106,,
item_1xxx,1185,ftrName_table,107,,
item_1xxx,1186,ftrName_table,107,,
item_1xxx,1187,ftrName_table,107,,
item_1xxx,1188,ftrName_table,107,,
item_1xxx,1189,ftrName_table,108,,
item_1xxx,1190,ftrName_table,108,,
item_1xxx,1191,ftrName_table,108,,
item_1xxx,1192,ftrName_table,108,,
item_1xxx,1193,ftrName_table,109,,
item_1xxx,1194,ftrName_table,109,,
item_1xxx,1195,ftrName_table,109,,
item_1xxx,1196,ftrName_table,109,,
item_1xxx,1197,ftrName_table,110,,
item_1xxx,1198,ftrName_table,110,,
item_1xxx,1199,ftrName_table,110,,
item_1xxx,1200,ftrName_table,110,,
item_1xxx,1201,ftrName_table,111,,
item_1xxx,1202,ftrName_table,111,,
item_1xxx,1203,ftrName_table,111,,
item_1xxx,1204,ftrName_table,111,,
item_1xxx,1205,ftrName_table,112,,
item_1xxx,1206,ftrName_table,112,,
item_1xxx,1207,ftrName_table,112,,
item_1xxx,1208,ftrName_table,112,,
item_1xxx,1209,ftrName_table,113,,
item_1xxx,1210,ftrName_table,113,,
item_1xxx,1211,ftrName_table,113,,
item_1xxx,1212,ftrName_table,113,,
item_1xxx,1213,ftrName_table,114,,
item_1xxx,1214,ftrName_table,114,,
item_1xxx,1215,ftrName_table,114,,
item_1xxx,1216,ftrName_table,114,,
item_1xxx,1217,ftrName_table,115,,
item_1xxx,1218,ftrName_table,115,,
item_1xxx,1219,ftrName_table,115,,
item_1xxx,1220,ftrName_table,115,,
item_1xxx,1221,ftrName_table,116,,
item_1xxx,1222,ftrName_table,116,,
item_1xxx,1223,ftrName_table,116,,
item_1xxx,1224,ftrName_table,116,,
item_1xxx,1225,ftrName_table,117,,
item_1xxx,1226,ftrName_table,117,,
item_1xxx,1227,ftrName_table,117,,
item_1xxx,1228,ftrName_table,117,,
item_1xxx,1229,ftrName_table,118,,
item_1xxx,1230,ftrName_table,118,,
item_1xxx,1231,ftrName_table,118,,
item_1xxx,1232,ftrName_table,118,,
item_1xxx,1233,ftrName_table,119,,
item_1xxx,1234,ftrName_table,119,,
item_1xxx,1235,ftrName_table,119,,
item_1xxx,1236,ftrName_table,119,,
item_1xxx,1237,ftrName_table,120,,
item_1xxx,1238,ftrName_table,120,,
item_1xxx,1239,ftrName_table,120,,
item_1xxx,1240,ftrName_table,120,,
item_1xxx,1241,ftrName_table,121,,
item_1xxx,1242,ftrName_table,121,,
item_1xxx,1243,ftrName_table,121,,
item_1xxx,1244,ftrName_table,121,,
item_1xxx,1245,ftrName_table,122,,
item_1xxx,1246,ftrName_table,122,,
item_1xxx,1247,ftrName_table,122,,
item_1xxx,1248,ftrName_table,122,,
item_1xxx,1249,ftrName_table,123,,
item_1xxx,1250,ftrName_table,123,,
item_1xxx,1251,ftrName_table,123,,
item_1xxx,1252,ftrName_table,123,,
item_1xxx,1253,ftrName_table,124,,
item_1xxx,1254,ftrName_table,124,,
item_1xxx,1255,ftrName_table,124,,
item_1xxx,1256,ftrName_table,124,,
item_1xxx,1257,ftrName_table,125,,
item_1xxx,1258,ftrName_table,125,,
item_1xxx,1259,ftrName_table,125,,
item_1xxx,1260,ftrName_table,125,,
item_1xxx,1261,ftrName_table,126,,
item_1xxx,1262,ftrName_table,126,,
item_1xxx,1263,ftrName_table,126,,
item_1xxx,1264,ftrName_table,126,,
item_1xxx,1265,ftrName_table,127,,
item_1xxx,1266,ftrName_table,127,,
item_1xxx,1267,ftrName_table,127,,
item_1xxx,1268,ftrName_table,127,,
item_1xxx,1269,ftrName_table,128,,
item_1xxx,1270,ftrName_table,128,,
item_1xxx,1271,ftrName_table,128,,
item_1xxx,1272,ftrName_table,128,,
item_1xxx,1273,ftrName_table,129,,
item_1xxx,1274,ftrName_table,129,,
item_1xxx,1275,ftrName_table,129,,
item_1xxx,1276,ftrName_table,129,,
item_1xxx,1277,ftrName_table,130,,
item_1xxx,1278,ftrName_table,130,,
item_1xxx,1279,ftrName_table,130,,
item_1xxx,1280,ftrName_table,130,,
item_1xxx,1281,ftrName_table,131,,
item_1xxx,1282,ftrName_table,131,,
item_1xxx,1283,ftrName_table,131,,
item_1xxx,1284,ftrName_table,131,,
item_1xxx,1285,ftrName_table,132,,
item_1xxx,1286,ftrName_table,132,,
item_1xxx,1287,ftrName_table,132,,
item_1xxx,1288,ftrName_table,132,,
item_1xxx,1289,ftrName_table,133,,
item_1xxx,1290,ftrName_table,133,,
item_1xxx,1291,ftrName_table,133,,
item_1xxx,1292,ftrName_table,133,,
item_1xxx,1293,ftrName_table,134,,
item_1xxx,1294,ftrName_table,134,,
item_1xxx,1295,ftrName_table,134,,
item_1xxx,1296,ftrName_table,134,,
item_1xxx,1297,ftrName_table,135,,
item_1xxx,1298,ftrName_table,135,,
item_1xxx,1299,ftrName_table,135,,
item_1xxx,1300,ftrName_table,135,,
item_1xxx,1301,ftrName_table,136,,
item_1xxx,1302,ftrName_table,136,,
item_1xxx,1303,ftrName_table,136,,
item_1xxx,1304,ftrName_table,136,,
item_1xxx,1305,ftrName_table,137,,
item_1xxx,1306,ftrName_table,137,,
item_1xxx,1307,ftrName_table,137,,
item_1xxx,1308,ftrName_table,137,,
item_1xxx,1309,ftrName_table,138,,
item_1xxx,1310,ftrName_table,138,,
item_1xxx,1311,ftrName_table,138,,
item_1xxx,1312,ftrName_table,138,,
item_1xxx,1313,ftrName_table,139,,
item_1xxx,1314,ftrName_table,139,,
item_1xxx,1315,ftrName_table,139,,
item_1xxx,1316,ftrName_table,139,,
item_1xxx,1317,ftrName_table,140,,
item_1xxx,1318,ftrName_table,140,,
item_1xxx,1319,ftrName_table,140,,
item_1xxx,1320,ftrName_table,140,,
item_1xxx,1321,ftrName_table,141,,
item_1xxx,1322,ftrName_table,141,,
item_1xxx,1323,ftrName_table,141,,
item_1xxx,1324,ftrName_table,141,,
item_1xxx,1325,ftrName_table,142,,
item_1xxx,1326,ftrName_table,142,,
item_1xxx,1327,ftrName_table,142,,
item_1xxx,1328,ftrName_table,142,,
item_1xxx,1329,ftrName_table,143,,
item_1xxx,1330,ftrName_table,143,,
item_1xxx,1331,ftrName_table,143,,
item_1xxx,1332,ftrName_table,143,,
item_1xxx,1333,ftrName_table,144,,
item_1xxx,1334,ftrName_table,144,,
item_1xxx,1335,ftrName_table,144,,
item_1xxx,1336,ftrName_table,144,,
item_1xxx,1337,ftrName_table,145,,
item_1xxx,1338,ftrName_table,145,,
item_1xxx,1339,ftrName_table,145,,
item_1xxx,1340,ftrName_table,145,,
item_1xxx,1341,ftrName_table,146,,
item_1xxx,1342,ftrName_table,146,,
item_1xxx,1343,ftrName_table,146,,
item_1xxx,1344,ftrName_table,146,,
item_1xxx,1345,ftrName_table,147,,
item_1xxx,1346,ftrName_table,147,,
item_1xxx,1347,ftrName_table,147,,
item_1xxx,1348,ftrName_table,147,,
item_1xxx,1349,ftrName_table,148,,
item_1xxx,1350,ftrName_table,148,,
item_1xxx,1351,ftrName_table,148,,
item_1xxx,1352,ftrName_table,148,,
item_1xxx,1353,ftrName_table,149,,
item_1xxx,1354,ftrName_table,149,,
item_1xxx,1355,ftrName_table,149,,
item_1xxx,1356,ftrName_table,149,,
item_1xxx,1357,ftrName_table,150,,
item_1xxx,1358,ftrName_table,150,,
item_1xxx,1359,ftrName_table,150,,
item_1xxx,1360,ftrName_table,150,,
item_1xxx,1361,ftrName_table,151,,
item_1xxx,1362,ftrName_table,151,,
item_1xxx,1363,ftrName_table,151,,
item_1xxx,1364,ftrName_table,151,,
item_1xxx,1365,ftrName_table,152,,
item_1xxx,1366,ftrName_table,152,,
item_1xxx,1367,ftrName_table,152,,
item_1xxx,1368,ftrName_table,152,,
item_1xxx,1369,ftrName_table,153,,
item_1xxx,1370,ftrName_table,153,,
item_1xxx,1371,ftrName_table,153,,
item_1xxx,1372,ftrName_table,153,,
item_1xxx,1373,ftrName_table,154,,
item_1xxx,1374,ftrName_table,154,,
item_1xxx,1375,ftrName_table,154,,
item_1xxx,1376,ftrName_table,154,,
item_1xxx,1377,ftrName_table,155,,
item_1xxx,1378,ftrName_table,155,,
item_1xxx,1379,ftrName_table,155,,
item_1xxx,1380,ftrName_table,155,,
item_1xxx,1381,ftrName_table,156,,
item_1xxx,1382,ftrName_table,156,,
item_1xxx,1383,ftrName_table,156,,
item_1xxx,1384,ftrName_table,156,,
item_1xxx,1385,ftrName_table,157,,
item_1xxx,1386,ftrName_table,157,,
item_1xxx,1387,ftrName_table,157,,
item_1xxx,1388,ftrName_table,157,,
item_1xxx,1389,ftrName_table,158,,
item_1xxx,1390,ftrName_table,158,,
item_1xxx,1391,ftrName_table,158,,
item_1xxx,1392,ftrName_table,158,,
item_1xxx,1393,ftrName_table,159,,
item_1xxx,1394,ftrName_table,159,,
item_1xxx,1395,ftrName_table,159,,
item_1xxx,1396,ftrName_table,159,,
item_1xxx,1397,ftrName_table,160,,
item_1xxx,1398,ftrName_table,160,,
item_1xxx,1399,ftrName_table,160,,
item_1xxx,1400,ftrName_table,160,,
item_1xxx,1401,ftrName_table,161,,
item_1xxx,1402,ftrName_table,161,,
item_1xxx,1403,ftrName_table,161,,
item_1xxx,1404,ftrName_table,161,,
item_1xxx,1405,ftrName_table,162,,
item_1xxx,1406,ftrName_table,162,,
item_1xxx,1407,ftrName_table,162,,
item_1xxx,1408,ftrName_table,162,,
item_1xxx,1409,ftrName_table,163,,
item_1xxx,1410,ftrName_table,163,,
item_1xxx,1411,ftrName_table,163,,
item_1xxx,1412,ftrName_table,163,,
item_1xxx,1413,ftrName_table,164,,
item_1xxx,1414,ftrName_table,164,,
item_1xxx,1415,ftrName_table,164,,
item_1xxx,1416,ftrName_table,164,,
item_1xxx,1417,ftrName_table,165,,
item_1xxx,1418,ftrName_table,165,,
item_1xxx,1419,ftrName_table,165,,
item_1xxx,1420,ftrName_table,165,,
item_1xxx,1421,ftrName_table,166,,
item_1xxx,1422,ftrName_table,166,,
item_1xxx,1423,ftrName_table,166,,
item_1xxx,1424,ftrName_table,166,,
item_1xxx,1425,ftrName_table,167,,
item_1xxx,1426,ftrName_table,167,,
item_1xxx,1427,ftrName_table,167,,
item_1xxx,1428,ftrName_table,167,,
item_1xxx,1429,ftrName_table,168,,
item_1xxx,1430,ftrName_table,168,,
item_1xxx,1431,ftrName_table,168,,
item_1xxx,1432,ftrName_table,168,,
item_1xxx,1433,ftrName_table,169,,
item_1xxx,1434,ftrName_table,169,,
item_1xxx,1435,ftrName_table,169,,
item_1xxx,1436,ftrName_table,169,,
item_1xxx,1437,ftrName_table,170,,
item_1xxx,1438,ftrName_table,170,,
item_1xxx,1439,ftrName_table,170,,
item_1xxx,1440,ftrName_table,170,,
item_1xxx,1441,ftrName_table,171,,
item_1xxx,1442,ftrName_table,171,,
item_1xxx,1443,ftrName_table,171,,
item_1xxx,1444,ftrName_table,171,,
item_1xxx,1445,ftrName_table,172,,
item_1xxx,1446,ftrName_table,172,,
item_1xxx,1447,ftrName_table,172,,
item_1xxx,1448,ftrName_table,172,,
item_1xxx,1449,ftrName_table,173,,
item_1xxx,1450,ftrName_table,173,,
item_1xxx,1451,ftrName_table,173,,
item_1xxx,1452,ftrName_table,173,,
item_1xxx,1453,ftrName_table,174,,
item_1xxx,1454,ftrName_table,174,,
item_1xxx,1455,ftrName_table,174,,
item_1xxx,1456,ftrName_table,174,,
item_1xxx,1457,ftrName_table,175,,
item_1xxx,1458,ftrName_table,175,,
item_1xxx,1459,ftrName_table,175,,
item_1xxx,1460,ftrName_table,175,,
item_1xxx,1461,ftrName_table,176,,
item_1xxx,1462,ftrName_table,176,,
item_1xxx,1463,ftrName_table,176,,
item_1xxx,1464,ftrName_table,176,,
item_1xxx,1465,ftrName_table,177,,
item_1xxx,1466,ftrName_table,177,,
item_1xxx,1467,ftrName_table,177,,
item_1xxx,1468,ftrName_table,177,,
item_1xxx,1469,ftrName_table,178,,
item_1xxx,1470,ftrName_table,178,,
item_1xxx,1471,ftrName_table,178,,
item_1xxx,1472,ftrName_table,178,,
item_1xxx,1473,ftrName_table,179,,
item_1xxx,1474,ftrName_table,179,,
item_1xxx,1475,ftrName_table,179,,
item_1xxx,1476,ftrName_table,179,,
item_1xxx,1477,ftrName_table,180,,
item_1xxx,1478,ftrName_table,180,,
item_1xxx,1479,ftrName_table,180,,
item_1xxx,1480,ftrName_table,180,,
item_1xxx,1481,ftrName_table,181,,
item_1xxx,1482,ftrName_table,181,,
item_1xxx,1483,ftrName_table,181,,
item_1xxx,1484,ftrName_table,181,,
item_1xxx,1485,ftrName_table,182,,
item_1xxx,1486,ftrName_table,182,,
item_1xxx,1487,ftrName_table,182,,
item_1xxx,1488,ftrName_table,182,,
item_1xxx,1489,ftrName_table,183,,
item_1xxx,1490,ftrName_table,183,,
item_1xxx,1491,ftrName_table,183,,
item_1xxx,1492,ftrName_table,183,,
item_1xxx,1493,ftrName_table,184,,
item_1xxx,1494,ftrName_table,184,,
item_1xxx,1495,ftrName_table,184,,
item_1xxx,1496,ftrName_table,184,,
item_1xxx,1497,ftrName_table,185,,
item_1xxx,1498,ftrName_table,185,,
item_1xxx,1499,ftrName_table,185,,
item_1xxx,1500,ftrName_table,185,,
item_1xxx,1501,ftrName_table,186,,
item_1xxx,1502,ftrName_table,186,,
item_1xxx,1503,ftrName_table,186,,
item_1xxx,1504,ftrName_table,186,,
item_1xxx,1505,ftrName_table,187,,
item_1xxx,1506,ftrName_table,187,,
item_1xxx,1507,ftrName_table,187,,
item_1xxx,1508,ftrName_table,187,,
item_1xxx,1509,ftrName_table,188,,
item_1xxx,1510,ftrName_table,188,,
item_1xxx,1511,ftrName_table,188,,
item_1xxx,1512,ftrName_table,188,,
item_1xxx,1513,ftrName_table,189,,
item_1xxx,1514,ftrName_table,189,,
item_1xxx,1515,ftrName_table,189,,
item_1xxx,1516,ftrName_table,189,,
item_1xxx,1517,ftrName_table,190,,
item_1xxx,1518,ftrName_table,190,,
item_1xxx,1519,ftrName_table,190,,
item_1xxx,1520,ftrName_table,190,,
item_1xxx,1521,ftrName_table,191,,
item_1xxx,1522,ftrName_table,191,,
item_1xxx,1523,ftrName_table,191,,
item_1xxx,1524,ftrName_table,191,,
item_1xxx,1525,ftrName_table,192,,
item_1xxx,1526,ftrName_table,192,,
item_1xxx,1527,ftrName_table,192,,
item_1xxx,1528,ftrName_table,192,,
item_1xxx,1529,ftrName_table,193,,
item_1xxx,1530,ftrName_table,193,,
item_1xxx,1531,ftrName_table,193,,
item_1xxx,1532,ftrName_table,193,,
item_1xxx,1533,ftrName_table,194,,
item_1xxx,1534,ftrName_table,194,,
item_1xxx,1535,ftrName_table,194,,
item_1xxx,1536,ftrName_table,194,,
item_1xxx,1537,ftrName_table,195,,
item_1xxx,1538,ftrName_table,195,,
item_1xxx,1539,ftrName_table,195,,
item_1xxx,1540,ftrName_table,195,,
item_1xxx,1541,ftrName_table,196,,
item_1xxx,1542,ftrName_table,196,,
item_1xxx,1543,ftrName_table,196,,
item_1xxx,1544,ftrName_table,196,,
item_1xxx,1545,ftrName_table,197,,
item_1xxx,1546,ftrName_table,197,,
item_1xxx,1547,ftrName_table,197,,
item_1xxx,1548,ftrName_table,197,,
item_1xxx,1549,ftrName_table,198,,
item_1xxx,1550,ftrName_table,198,,
item_1xxx,1551,ftrName_table,198,,
item_1xxx,1552,ftrName_table,198,,
item_1xxx,1553,ftrName_table,199,,
item_1xxx,1554,ftrName_table,199,,
item_1xxx,1555,ftrName_table,199,,
item_1xxx,1556,ftrName_table,199,,
item_1xxx,1557,ftrName_table,200,,
item_1xxx,1558,ftrName_table,200,,
item_1xxx,1559,ftrName_table,200,,
item_1xxx,1560,ftrName_table,200,,
item_1xxx,1561,ftrName_table,201,,
item_1xxx,1562,ftrName_table,201,,
item_1xxx,1563,ftrName_table,201,,
item_1xxx,1564,ftrName_table,201,,
item_1xxx,1565,ftrName_table,202,,
item_1xxx,1566,ftrName_table,202,,
item_1xxx,1567,ftrName_table,202,,
item_1xxx,1568,ftrName_table,202,,
item_1xxx,1569,ftrName_table,203,,
item_1xxx,1570,ftrName_table,203,,
item_1xxx,1571,ftrName_table,203,,
item_1xxx,1572,ftrName_table,203,,
item_1xxx,1573,ftrName_table,204,,
item_1xxx,1574,ftrName_table,204,,
item_1xxx,1575,ftrName_table,204,,
item_1xxx,1576,ftrName_table,204,,
item_1xxx,1577,ftrName_table,205,,
item_1xxx,1578,ftrName_table,205,,
item_1xxx,1579,ftrName_table,205,,
item_1xxx,1580,ftrName_table,205,,
item_1xxx,1581,ftrName_table,206,,
item_1xxx,1582,ftrName_table,206,,
item_1xxx,1583,ftrName_table,206,,
item_1xxx,1584,ftrName_table,206,,
item_1xxx,1585,ftrName_table,207,,
item_1xxx,1586,ftrName_table,207,,
item_1xxx,1587,ftrName_table,207,,
item_1xxx,1588,ftrName_table,207,,
item_1xxx,1589,ftrName_table,208,,
item_1xxx,1590,ftrName_table,208,,
item_1xxx,1591,ftrName_table,208,,
item_1xxx,1592,ftrName_table,208,,
item_1xxx,1593,ftrName_table,209,,
item_1xxx,1594,ftrName_table,209,,
item_1xxx,1595,ftrName_table,209,,
item_1xxx,1596,ftrName_table,209,,
item_1xxx,1597,ftrName_table,210,,
item_1xxx,1598,ftrName_table,210,,
item_1xxx,1599,ftrName_table,210,,
item_1xxx,1600,ftrName_table,210,,
item_1xxx,1601,ftrName_table,211,,
item_1xxx,1602,ftrName_table,211,,
item_1xxx,1603,ftrName_table,211,,
item_1xxx,1604,ftrName_table,211,,
item_1xxx,1605,ftrName_table,212,,
item_1xxx,1606,ftrName_table,212,,
item_1xxx,1607,ftrName_table,212,,
item_1xxx,1608,ftrName_table,212,,
item_1xxx,1609,ftrName_table,213,,
item_1xxx,1610,ftrName_table,213,,
item_1xxx,1611,ftrName_table,213,,
item_1xxx,1612,ftrName_table,213,,
item_1xxx,1613,ftrName_table,214,,
item_1xxx,1614,ftrName_table,214,,
item_1xxx,1615,ftrName_table,214,,
item_1xxx,1616,ftrName_table,214,,
item_1xxx,1617,ftrName_table,215,,
item_1xxx,1618,ftrName_table,215,,
item_1xxx,1619,ftrName_table,215,,
item_1xxx,1620,ftrName_table,215,,
item_1xxx,1621,ftrName_table,216,,
item_1xxx,1622,ftrName_table,216,,
item_1xxx,1623,ftrName_table,216,,
item_1xxx,1624,ftrName_table,216,,
item_1xxx,1625,ftrName_table,217,,
item_1xxx,1626,ftrName_table,217,,
item_1xxx,1627,ftrName_table,217,,
item_1xxx,1628,ftrName_table,217,,
item_1xxx,1629,ftrName_table,218,,
item_1xxx,1630,ftrName_table,218,,
item_1xxx,1631,ftrName_table,218,,
item_1xxx,1632,ftrName_table,218,,
item_1xxx,1633,ftrName_table,219,,
item_1xxx,1634,ftrName_table,219,,
item_1xxx,1635,ftrName_table,219,,
item_1xxx,1636,ftrName_table,219,,
item_1xxx,1637,ftrName_table,220,,
item_1xxx,1638,ftrName_table,220,,
item_1xxx,1639,ftrName_table,220,,
item_1xxx,1640,ftrName_table,220,,
item_1xxx,1641,ftrName_table,221,,
item_1xxx,1642,ftrName_table,221,,
item_1xxx,1643,ftrName_table,221,,
item_1xxx,1644,ftrName_table,221,,
item_1xxx,1645,ftrName_table,222,,
item_1xxx,1646,ftrName_table,222,,
item_1xxx,1647,ftrName_table,222,,
item_1xxx,1648,ftrName_table,222,,
item_1xxx,1649,ftrName_table,223,,
item_1xxx,1650,ftrName_table,223,,
item_1xxx,1651,ftrName_table,223,,
item_1xxx,1652,ftrName_table,223,,
item_1xxx,1653,ftrName_table,224,,
item_1xxx,1654,ftrName_table,224,,
item_1xxx,1655,ftrName_table,224,,
item_1xxx,1656,ftrName_table,224,,
item_1xxx,1657,ftrName_table,225,,
item_1xxx,1658,ftrName_table,225,,
item_1xxx,1659,ftrName_table,225,,
item_1xxx,1660,ftrName_table,225,,
item_1xxx,1661,ftrName_table,226,,
item_1xxx,1662,ftrName_table,226,,
item_1xxx,1663,ftrName_table,226,,
item_1xxx,1664,ftrName_table,226,,
item_1xxx,1665,ftrName_table,227,,
item_1xxx,1666,ftrName_table,227,,
item_1xxx,1667,ftrName_table,227,,
item_1xxx,1668,ftrName_table,227,,
item_1xxx,1669,ftrName_table,228,,
item_1xxx,1670,ftrName_table,228,,
item_1xxx,1671,ftrName_table,228,,
item_1xxx,1672,ftrName_table,228,,
item_1xxx,1673,ftrName_table,229,,
item_1xxx,1674,ftrName_table,229,,
item_1xxx,1675,ftrName_table,229,,
item_1xxx,1676,ftrName_table,229,,
item_1xxx,1677,ftrName_table,230,,
item_1xxx,1678,ftrName_table,230,,
item_1xxx,1679,ftrName_table,230,,
item_1xxx,1680,ftrName_table,230,,
item_1xxx,1681,ftrName_table,231,,
item_1xxx,1682,ftrName_table,231,,
item_1xxx,1683,ftrName_table,231,,
item_1xxx,1684,ftrName_table,231,,
item_1xxx,1685,ftrName_table,232,,
item_1xxx,1686,ftrName_table,232,,
item_1xxx,1687,ftrName_table,232,,
item_1xxx,1688,ftrName_table,232,,
item_1xxx,1689,ftrName_table,233,,
item_1xxx,1690,ftrName_table,233,,
item_1xxx,1691,ftrName_table,233,,
item_1xxx,1692,ftrName_table,233,,
item_1xxx,1693,ftrName_table,234,,
item_1xxx,1694,ftrName_table,234,,
item_1xxx,1695,ftrName_table,234,,
item_1xxx,1696,ftrName_table,234,,
item_1xxx,1697,ftrName_table,235,,
item_1xxx,1698,ftrName_table,235,,
item_1xxx,1699,ftrName_table,235,,
item_1xxx,1700,ftrName_table,235,,
item_1xxx,1701,ftrName_table,236,,
item_1xxx,1702,ftrName_table,236,,
item_1xxx,1703,ftrName_table,236,,
item_1xxx,1704,ftrName_table,236,,
item_1xxx,1705,ftrName_table,237,,
item_1xxx,1706,ftrName_table,237,,
item_1xxx,1707,ftrName_table,237,,
item_1xxx,1708,ftrName_table,237,,
item_1xxx,1709,ftrName_table,238,,
item_1xxx,1710,ftrName_table,238,,
item_1xxx,1711,ftrName_table,238,,
item_1xxx,1712,ftrName_table,238,,
item_1xxx,1713,ftrName_table,239,,
item_1xxx,1714,ftrName_table,239,,
item_1xxx,1715,ftrName_table,239,,
item_1xxx,1716,ftrName_table,239,,
item_1xxx,1717,ftrName_table,240,,
item_1xxx,1718,ftrName_table,240,,
item_1xxx,1719,ftrName_table,240,,
item_1xxx,1720,ftrName_table,240,,
item_1xxx,1721,ftrName_table,241,,
item_1xxx,1722,ftrName_table,241,,
item_1xxx,1723,ftrName_table,241,,
item_1xxx,1724,ftrName_table,241,,
item_1xxx,1725,ftrName_table,242,,
item_1xxx,1726,ftrName_table,242,,
item_1xxx,1727,ftrName_table,242,,
item_1xxx,1728,ftrName_table,242,,
item_1xxx,1729,ftrName_table,243,,
item_1xxx,1730,ftrName_table,243,,
item_1xxx,1731,ftrName_table,243,,
item_1xxx,1732,ftrName_table,243,,
item_1xxx,1733,ftrName_table,244,,
item_1xxx,1734,ftrName_table,244,,
item_1xxx,1735,ftrName_table,244,,
item_1xxx,1736,ftrName_table,244,,
item_1xxx,1737,ftrName_table,245,,
item_1xxx,1738,ftrName_table,245,,
item_1xxx,1739,ftrName_table,245,,
item_1xxx,1740,ftrName_table,245,,
item_1xxx,1741,ftrName_table,246,,
item_1xxx,1742,ftrName_table,246,,
item_1xxx,1743,ftrName_table,246,,
item_1xxx,1744,ftrName_table,246,,
item_1xxx,1745,ftrName_table,247,,
item_1xxx,1746,ftrName_table,247,,
item_1xxx,1747,ftrName_table,247,,
item_1xxx,1748,ftrName_table,247,,
item_1xxx,1749,ftrName_table,248,,
item_1xxx,1750,ftrName_table,248,,
item_1xxx,1751,ftrName_table,248,,
item_1xxx,1752,ftrName_table,248,,
item_1xxx,1753,ftrName_table,249,,
item_1xxx,1754,ftrName_table,249,,
item_1xxx,1755,ftrName_table,249,,
item_1xxx,1756,ftrName_table,249,,
item_1xxx,1757,ftrName_table,250,,
item_1xxx,1758,ftrName_table,250,,
item_1xxx,1759,ftrName_table,250,,
item_1xxx,1760,ftrName_table,250,,
item_1xxx,1761,ftrName_table,251,,
item_1xxx,1762,ftrName_table,251,,
item_1xxx,1763,ftrName_table,251,,
item_1xxx,1764,ftrName_table,251,,
item_1xxx,1765,ftrName_table,252,,
item_1xxx,1766,ftrName_table,252,,
item_1xxx,1767,ftrName_table,252,,
item_1xxx,1768,ftrName_table,252,,
item_1xxx,1769,ftrName_table,253,,
item_1xxx,1770,ftrName_table,253,,
item_1xxx,1771,ftrName_table,253,,
item_1xxx,1772,ftrName_table,253,,
item_1xxx,1773,ftrName_table,254,,
item_1xxx,1774,ftrName_table,254,,
item_1xxx,1775,ftrName_table,254,,
item_1xxx,1776,ftrName_table,254,,
item_1xxx,1777,ftrName_table,255,,
item_1xxx,1778,ftrName_table,255,,
item_1xxx,1779,ftrName_table,255,,
item_1xxx,1780,ftrName_table,255,,
item_1xxx,1781,ftrName_table,256,,
item_1xxx,1782,ftrName_table,256,,
item_1xxx,1783,ftrName_table,256,,
item_1xxx,1784,ftrName_table,256,,
item_1xxx,1785,ftrName_table,257,,
item_1xxx,1786,ftrName_table,257,,
item_1xxx,1787,ftrName_table,257,,
item_1xxx,1788,ftrName_table,257,,
item_1xxx,1789,ftrName_table,258,,
item_1xxx,1790,ftrName_table,258,,
item_1xxx,1791,ftrName_table,258,,
item_1xxx,1792,ftrName_table,258,,
item_1xxx,1793,ftrName_table,259,,
item_1xxx,1794,ftrName_table,259,,
item_1xxx,1795,ftrName_table,259,,
item_1xxx,1796,ftrName_table,259,,
item_1xxx,1797,ftrName_table,260,,
item_1xxx,1798,ftrName_table,260,,
item_1xxx,1799,ftrName_table,260,,
item_1xxx,1800,ftrName_table,260,,
item_1xxx,1801,ftrName_table,261,,
item_1xxx,1802,ftrName_table,261,,
item_1xxx,1803,ftrName_table,261,,
item_1xxx,1804,ftrName_table,261,,
item_1xxx,1805,ftrName_table,262,,
item_1xxx,1806,ftrName_table,262,,
item_1xxx,1807,ftrName_table,262,,
item_1xxx,1808,ftrName_table,262,,
item_1xxx,1809,ftrName_table,263,,
item_1xxx,1810,ftrName_table,263,,
item_1xxx,1811,ftrName_table,263,,
item_1xxx,1812,ftrName_table,263,,
item_1xxx,1813,ftrName_table,264,,
item_1xxx,1814,ftrName_table,264,,
item_1xxx,1815,ftrName_table,264,,
item_1xxx,1816,ftrName_table,264,,
item_1xxx,1817,ftrName_table,265,,
item_1xxx,1818,ftrName_table,265,,
item_1xxx,1819,ftrName_table,265,,
item_1xxx,1820,ftrName_table,265,,
item_1xxx,1821,ftrName_table,266,,
item_1xxx,1822,ftrName_table,266,,
item_1xxx,1823,ftrName_table,266,,
item_1xxx,1824,ftrName_table,266,,
item_1xxx,1825,ftrName_table,267,,
item_1xxx,1826,ftrName_table,267,,
item_1xxx,1827,ftrName_table,267,,
item_1xxx,1828,ftrName_table,267,,
item_1xxx,1829,ftrName_table,268,,
item_1xxx,1830,ftrName_table,268,,
item_1xxx,1831,ftrName_table,268,,
item_1xxx,1832,ftrName_table,268,,
item_1xxx,1833,ftrName_table,269,,
item_1xxx,1834,ftrName_table,269,,
item_1xxx,1835,ftrName_table,269,,
item_1xxx,1836,ftrName_table,269,,
item_1xxx,1837,ftrName_table,270,,
item_1xxx,1838,ftrName_table,270,,
item_1xxx,1839,ftrName_table,270,,
item_1xxx,1840,ftrName_table,270,,
item_1xxx,1841,ftrName_table,271,,
item_1xxx,1842,ftrName_table,271,,
item_1xxx,1843,ftrName_table,271,,
item_1xxx,1844,ftrName_table,271,,
item_1xxx,1845,ftrName_table,272,,
item_1xxx,1846,ftrName_table,272,,
item_1xxx,1847,ftrName_table,272,,
item_1xxx,1848,ftrName_table,272,,
item_1xxx,1849,ftrName_table,273,,
item_1xxx,1850,ftrName_table,273,,
item_1xxx,1851,ftrName_table,273,,
item_1xxx,1852,ftrName_table,273,,
item_1xxx,1853,ftrName_table,274,,
item_1xxx,1854,ftrName_table,274,,
item_1xxx,1855,ftrName_table,274,,
item_1xxx,1856,ftrName_table,274,,
item_1xxx,1857,ftrName_table,275,,
item_1xxx,1858,ftrName_table,275,,
item_1xxx,1859,ftrName_table,275,,
item_1xxx,1860,ftrName_table,275,,
item_1xxx,1861,ftrName_table,276,,
item_1xxx,1862,ftrName_table,276,,
item_1xxx,1863,ftrName_table,276,,
item_1xxx,1864,ftrName_table,276,,
item_1xxx,1865,ftrName_table,277,,
item_1xxx,1866,ftrName_table,277,,
item_1xxx,1867,ftrName_table,277,,
item_1xxx,1868,ftrName_table,277,,
item_1xxx,1869,ftrName_table,278,,
item_1xxx,1870,ftrName_table,278,,
item_1xxx,1871,ftrName_table,278,,
item_1xxx,1872,ftrName_table,278,,
item_1xxx,1873,ftrName_table,279,,
item_1xxx,1874,ftrName_table,279,,
item_1xxx,1875,ftrName_table,279,,
item_1xxx,1876,ftrName_table,279,,
item_1xxx,1877,ftrName_table,280,,
item_1xxx,1878,ftrName_table,280,,
item_1xxx,1879,ftrName_table,280,,
item_1xxx,1880,ftrName_table,280,,
item_1xxx,1881,ftrName_table,281,,
item_1xxx,1882,ftrName_table,281,,
item_1xxx,1883,ftrName_table,281,,
item_1xxx,1884,ftrName_table,281,,
item_1xxx,1885,ftrName_table,282,,
item_1xxx,1886,ftrName_table,282,,
item_1xxx,1887,ftrName_table,282,,
item_1xxx,1888,ftrName_table,282,,
item_1xxx,1889,ftrName_table,283,,
item_1xxx,1890,ftrName_table,283,,
item_1xxx,1891,ftrName_table,283,,
item_1xxx,1892,ftrName_table,283,,
item_1xxx,1893,ftrName_table,284,,
item_1xxx,1894,ftrName_table,284,,
item_1xxx,1895,ftrName_table,284,,
item_1xxx,1896,ftrName_table,284,,
item_1xxx,1897,ftrName_table,285,,
item_1xxx,1898,ftrName_table,285,,
item_1xxx,1899,ftrName_table,285,,
item_1xxx,1900,ftrName_table,285,,
item_1xxx,1901,ftrName_table,286,,
item_1xxx,1902,ftrName_table,286,,
item_1xxx,1903,ftrName_table,286,,
item_1xxx,1904,ftrName_table,286,,
item_1xxx,1905,ftrName_table,287,,
item_1xxx,1906,ftrName_table,287,,
item_1xxx,1907,ftrName_table,287,,
item_1xxx,1908,ftrName_table,287,,
item_1xxx,1909,ftrName_table,288,,
item_1xxx,1910,ftrName_table,288,,
item_1xxx,1911,ftrName_table,288,,
item_1xxx,1912,ftrName_table,288,,
item_1xxx,1913,ftrName_table,289,,
item_1xxx,1914,ftrName_table,289,,
item_1xxx,1915,ftrName_table,289,,
item_1xxx,1916,ftrName_table,289,,
item_1xxx,1917,ftrName_table,290,,
item_1xxx,1918,ftrName_table,290,,
item_1xxx,1919,ftrName_table,290,,
item_1xxx,1920,ftrName_table,290,,
item_1xxx,1921,ftrName_table,291,,
item_1xxx,1922,ftrName_table,291,,
item_1xxx,1923,ftrName_table,291,,
item_1xxx,1924,ftrName_table,291,,
item_1xxx,1925,ftrName_table,292,,
item_1xxx,1926,ftrName_table,292,,
item_1xxx,1927,ftrName_table,292,,
item_1xxx,1928,ftrName_table,292,,
item_1xxx,1929,ftrName_table,293,,
item_1xxx,1930,ftrName_table,293,,
item_1xxx,1931,ftrName_table,293,,
item_1xxx,1932,ftrName_table,293,,
item_1xxx,1933,ftrName_table,294,,
item_1xxx,1934,ftrName_table,294,,
item_1xxx,1935,ftrName_table,294,,
item_1xxx,1936,ftrName_table,294,,
item_1xxx,1937,ftrName_table,295,,
item_1xxx,1938,ftrName_table,295,,
item_1xxx,1939,ftrName_table,295,,
item_1xxx,1940,ftrName_table,295,,
item_1xxx,1941,ftrName_table,296,,
item_1xxx,1942,ftrName_table,296,,
item_1xxx,1943,ftrName_table,296,,
item_1xxx,1944,ftrName_table,296,,
item_1xxx,1945,ftrName_table,297,,
item_1xxx,1946,ftrName_table,297,,
item_1xxx,1947,ftrName_table,297,,
item_1xxx,1948,ftrName_table,297,,
item_1xxx,1949,ftrName_table,298,,
item_1xxx,1950,ftrName_table,298,,
item_1xxx,1951,ftrName_table,298,,
item_1xxx,1952,ftrName_table,298,,
item_1xxx,1953,ftrName_table,299,,
item_1xxx,1954,ftrName_table,299,,
item_1xxx,1955,ftrName_table,299,,
item_1xxx,1956,ftrName_table,299,,
item_1xxx,1957,ftrName_table,300,,
item_1xxx,1958,ftrName_table,300,,
item_1xxx,1959,ftrName_table,300,,
item_1xxx,1960,ftrName_table,300,,
item_1xxx,1961,ftrName_table,301,,
item_1xxx,1962,ftrName_table,301,,
item_1xxx,1963,ftrName_table,301,,
item_1xxx,1964,ftrName_table,301,,
item_1xxx,1965,ftrName_table,302,,
item_1xxx,1966,ftrName_table,302,,
item_1xxx,1967,ftrName_table,302,,
item_1xxx,1968,ftrName_table,302,,
item_1xxx,1969,ftrName_table,303,,
item_1xxx,1970,ftrName_table,303,,
item_1xxx,1971,ftrName_table,303,,
item_1xxx,1972,ftrName_table,303,,
item_1xxx,1973,ftrName_table,304,,
item_1xxx,1974,ftrName_table,304,,
item_1xxx,1975,ftrName_table,304,,
item_1xxx,1976,ftrName_table,304,,
item_1xxx,1977,ftrName_table,305,,
item_1xxx,1978,ftrName_table,305,,
item_1xxx,1979,ftrName_table,305,,
item_1xxx,1980,ftrName_table,305,,
item_1xxx,1981,ftrName_table,306,,
item_1xxx,1982,ftrName_table,306,,
item_1xxx,1983,ftrName_table,306,,
item_1xxx,1984,ftrName_table,306,,
item_1xxx,1985,ftrName_table,307,,
item_1xxx,1986,ftrName_table,307,,
item_1xxx,1987,ftrName_table,307,,
item_1xxx,1988,ftrName_table,307,,
item_1xxx,1989,ftrName_table,308,,
item_1xxx,1990,ftrName_table,308,,
item_1xxx,1991,ftrName_table,308,,
item_1xxx,1992,ftrName_table,308,,
item_1xxx,1993,ftrName_table,309,,
item_1xxx,1994,ftrName_table,309,,
item_1xxx,1995,ftrName_table,309,,
item_1xxx,1996,ftrName_table,309,,
item_1xxx,1997,ftrName_table,310,,
item_1xxx,1998,ftrName_table,310,,
item_1xxx,1999,ftrName_table,310,,
item_1xxx,2000,ftrName_table,310,,
item_1xxx,2001,ftrName_table,311,,
item_1xxx,2002,ftrName_table,311,,
item_1xxx,2003,ftrName_table,311,,
item_1xxx,2004,ftrName_table,311,,
item_1xxx,2005,ftrName_table,312,,
item_1xxx,2006,ftrName_table,312,,
item_1xxx,2007,ftrName_table,312,,
item_1xxx,2008,ftrName_table,312,,
item_1xxx,2009,ftrName_table,313,,
item_1xxx,2010,ftrName_table,313,,
item_1xxx,2011,ftrName_table,313,,
item_1xxx,2012,ftrName_table,313,,
item_1xxx,2013,ftrName_table,314,,
item_1xxx,2014,ftrName_table,314,,
item_1xxx,2015,ftrName_table,314,,
item_1xxx,2016,ftrName_table,314,,
item_1xxx,2017,ftrName_table,315,,
item_1xxx,2018,ftrName_table,315,,
item_1xxx,2019,ftrName_table,315,,
item_1xxx,2020,ftrName_table,315,,
item_1xxx,2021,ftrName_table,316,,
item_1xxx,2022,ftrName_table,316,,
item_1xxx,2023,ftrName_table,316,,
item_1xxx,2024,ftrName_table,316,,
item_1xxx,2025,ftrName_table,317,,
item_1xxx,2026,ftrName_table,317,,
item_1xxx,2027,ftrName_table,317,,
item_1xxx,2028,ftrName_table,317,,
item_1xxx,2029,ftrName_table,318,,
item_1xxx,2030,ftrName_table,318,,
item_1xxx,2031,ftrName_table,318,,
item_1xxx,2032,ftrName_table,318,,
item_1xxx,2033,ftrName_table,319,,
item_1xxx,2034,ftrName_table,319,,
item_1xxx,2035,ftrName_table,319,,
item_1xxx,2036,ftrName_table,319,,
item_1xxx,2037,ftrName_table,320,,
item_1xxx,2038,ftrName_table,320,,
item_1xxx,2039,ftrName_table,320,,
item_1xxx,2040,ftrName_table,320,,
item_1xxx,2041,ftrName_table,321,,
item_1xxx,2042,ftrName_table,321,,
item_1xxx,2043,ftrName_table,321,,
item_1xxx,2044,ftrName_table,321,,
item_1xxx,2045,ftrName_table,322,,
item_1xxx,2046,ftrName_table,322,,
item_1xxx,2047,ftrName_table,322,,
item_1xxx,2048,ftrName_table,322,,
item_1xxx,2049,ftrName_table,323,,
item_1xxx,2050,ftrName_table,323,,
item_1xxx,2051,ftrName_table,323,,
item_1xxx,2052,ftrName_table,323,,
item_1xxx,2053,ftrName_table,324,,
item_1xxx,2054,ftrName_table,324,,
item_1xxx,2055,ftrName_table,324,,
item_1xxx,2056,ftrName_table,324,,
item_1xxx,2057,ftrName_table,325,,
item_1xxx,2058,ftrName_table,325,,
item_1xxx,2059,ftrName_table,325,,
item_1xxx,2060,ftrName_table,325,,
item_1xxx,2061,ftrName_table,326,,
item_1xxx,2062,ftrName_table,326,,
item_1xxx,2063,ftrName_table,326,,
item_1xxx,2064,ftrName_table,326,,
item_1xxx,2065,ftrName_table,327,,
item_1xxx,2066,ftrName_table,327,,
item_1xxx,2067,ftrName_table,327,,
item_1xxx,2068,ftrName_table,327,,
item_1xxx,2069,ftrName_table,328,,
item_1xxx,2070,ftrName_table,328,,
item_1xxx,2071,ftrName_table,328,,
item_1xxx,2072,ftrName_table,328,,
item_1xxx,2073,ftrName_table,329,,
item_1xxx,2074,ftrName_table,329,,
item_1xxx,2075,ftrName_table,329,,
item_1xxx,2076,ftrName_table,329,,
item_1xxx,2077,ftrName_table,330,,
item_1xxx,2078,ftrName_table,330,,
item_1xxx,2079,ftrName_table,330,,
item_1xxx,2080,ftrName_table,330,,
item_1xxx,2081,ftrName_table,331,,
item_1xxx,2082,ftrName_table,331,,
item_1xxx,2083,ftrName_table,331,,
item_1xxx,2084,ftrName_table,331,,
item_1xxx,2085,ftrName_table,332,,
item_1xxx,2086,ftrName_table,332,,
item_1xxx,2087,ftrName_table,332,,
item_1xxx,2088,ftrName_table,332,,
item_1xxx,2089,ftrName_table,333,,
item_1xxx,2090,ftrName_table,333,,
item_1xxx,2091,ftrName_table,333,,
item_1xxx,2092,ftrName_table,333,,
item_1xxx,2093,ftrName_table,334,,
item_1xxx,2094,ftrName_table,334,,
item_1xxx,2095,ftrName_table,334,,
item_1xxx,2096,ftrName_table,334,,
item_1xxx,2097,ftrName_table,335,,
item_1xxx,2098,ftrName_table,335,,
item_1xxx,2099,ftrName_table,335,,
item_1xxx,2100,ftrName_table,335,,
item_1xxx,2101,ftrName_table,336,,
item_1xxx,2102,ftrName_table,336,,
item_1xxx,2103,ftrName_table,336,,
item_1xxx,2104,ftrName_table,336,,
item_1xxx,2105,ftrName_table,337,,
item_1xxx,2106,ftrName_table,337,,
item_1xxx,2107,ftrName_table,337,,
item_1xxx,2108,ftrName_table,337,,
item_1xxx,2109,ftrName_table,338,,
item_1xxx,2110,ftrName_table,338,,
item_1xxx,2111,ftrName_table,338,,
item_1xxx,2112,ftrName_table,338,,
item_1xxx,2113,ftrName_table,339,,
item_1xxx,2114,ftrName_table,339,,
item_1xxx,2115,ftrName_table,339,,
item_1xxx,2116,ftrName_table,339,,
item_1xxx,2117,ftrName_table,340,,
item_1xxx,2118,ftrName_table,340,,
item_1xxx,2119,ftrName_table,340,,
item_1xxx,2120,ftrName_table,340,,
item_1xxx,2121,ftrName_table,341,,
item_1xxx,2122,ftrName_table,341,,
item_1xxx,2123,ftrName_table,341,,
item_1xxx,2124,ftrName_table,341,,
item_1xxx,2125,ftrName_table,342,,
item_1xxx,2126,ftrName_table,342,,
item_1xxx,2127,ftrName_table,342,,
item_1xxx,2128,ftrName_table,342,,
item_1xxx,2129,ftrName_table,343,,
item_1xxx,2130,ftrName_table,343,,
item_1xxx,2131,ftrName_table,343,,
item_1xxx,2132,ftrName_table,343,,
item_1xxx,2133,ftrName_table,344,,
item_1xxx,2134,ftrName_table,344,,
item_1xxx,2135,ftrName_table,344,,
item_1xxx,2136,ftrName_table,344,,
item_1xxx,2137,ftrName_table,345,,
item_1xxx,2138,ftrName_table,345,,
item_1xxx,2139,ftrName_table,345,,
item_1xxx,2140,ftrName_table,345,,
item_1xxx,2141,ftrName_table,346,,
item_1xxx,2142,ftrName_table,346,,
item_1xxx,2143,ftrName_table,346,,
item_1xxx,2144,ftrName_table,346,,
item_1xxx,2145,ftrName_table,347,,
item_1xxx,2146,ftrName_table,347,,
item_1xxx,2147,ftrName_table,347,,
item_1xxx,2148,ftrName_table,347,,
item_1xxx,2149,ftrName_table,348,,
item_1xxx,2150,ftrName_table,348,,
item_1xxx,2151,ftrName_table,348,,
item_1xxx,2152,ftrName_table,348,,
item_1xxx,2153,ftrName_table,349,,
item_1xxx,2154,ftrName_table,349,,
item_1xxx,2155,ftrName_table,349,,
item_1xxx,2156,ftrName_table,349,,
item_1xxx,2157,ftrName_table,350,,
item_1xxx,2158,ftrName_table,350,,
item_1xxx,2159,ftrName_table,350,,
item_1xxx,2160,ftrName_table,350,,
item_1xxx,2161,ftrName_table,351,,
item_1xxx,2162,ftrName_table,351,,
item_1xxx,2163,ftrName_table,351,,
item_1xxx,2164,ftrName_table,351,,
item_1xxx,2165,ftrName_table,352,,
item_1xxx,2166,ftrName_table,352,,
item_1xxx,2167,ftrName_table,352,,
item_1xxx,2168,ftrName_table,352,,
item_1xxx,2169,ftrName_table,353,,
item_1xxx,2170,ftrName_table,353,,
item_1xxx,2171,ftrName_table,353,,
item_1xxx,2172,ftrName_table,353,,
item_1xxx,2173,ftrName_table,354,,
item_1xxx,2174,ftrName_table,354,,
item_1xxx,2175,ftrName_table,354,,
item_1xxx,2176,ftrName_table,354,,
item_1xxx,2177,ftrName_table,355,,
item_1xxx,2178,ftrName_table,355,,
item_1xxx,2179,ftrName_table,355,,
item_1xxx,2180,ftrName_table,355,,
item_1xxx,2181,ftrName_table,356,,
item_1xxx,2182,ftrName_table,356,,
item_1xxx,2183,ftrName_table,356,,
item_1xxx,2184,ftrName_table,356,,
item_1xxx,2185,ftrName_table,357,,
item_1xxx,2186,ftrName_table,357,,
item_1xxx,2187,ftrName_table,357,,
item_1xxx,2188,ftrName_table,357,,
item_1xxx,2189,ftrName_table,358,,
item_1xxx,2190,ftrName_table,358,,
item_1xxx,2191,ftrName_table,358,,
item_1xxx,2192,ftrName_table,358,,
item_1xxx,2193,ftrName_table,359,,
item_1xxx,2194,ftrName_table,359,,
item_1xxx,2195,ftrName_table,359,,
item_1xxx,2196,ftrName_table,359,,
item_1xxx,2197,ftrName_table,360,,
item_1xxx,2198,ftrName_table,360,,
item_1xxx,2199,ftrName_table,360,,
item_1xxx,2200,ftrName_table,360,,
item_1xxx,2201,ftrName_table,361,,
item_1xxx,2202,ftrName_table,361,,
item_1xxx,2203,ftrName_table,361,,
item_1xxx,2204,ftrName_table,361,,
item_1xxx,2205,ftrName_table,362,,
item_1xxx,2206,ftrName_table,362,,
item_1xxx,2207,ftrName_table,362,,
item_1xxx,2208,ftrName_table,362,,
item_1xxx,2209,ftrName_table,363,,
item_1xxx,2210,ftrName_table,363,,
item_1xxx,2211,ftrName_table,363,,
item_1xxx,2212,ftrName_table,363,,
item_1xxx,2213,ftrName_table,364,,
item_1xxx,2214,ftrName_table,364,,
item_1xxx,2215,ftrName_table,364,,
item_1xxx,2216,ftrName_table,364,,
item_1xxx,2217,ftrName_table,365,,
item_1xxx,2218,ftrName_table,365,,
item_1xxx,2219,ftrName_table,365,,
item_1xxx,2220,ftrName_table,365,,
item_1xxx,2221,ftrName_table,366,,
item_1xxx,2222,ftrName_table,366,,
item_1xxx,2223,ftrName_table,366,,
item_1xxx,2224,ftrName_table,366,,
item_1xxx,2225,ftrName_table,367,,
item_1xxx,2226,ftrName_table,367,,
item_1xxx,2227,ftrName_table,367,,
item_1xxx,2228,ftrName_table,367,,
item_1xxx,2229,ftrName_table,368,,
item_1xxx,2230,ftrName_table,368,,
item_1xxx,2231,ftrName_table,368,,
item_1xxx,2232,ftrName_table,368,,
item_1xxx,2233,ftrName_table,369,,
item_1xxx,2234,ftrName_table,369,,
item_1xxx,2235,ftrName_table,369,,
item_1xxx,2236,ftrName_table,369,,
item_1xxx,2237,ftrName_table,370,,
item_1xxx,2238,ftrName_table,370,,
item_1xxx,2239,ftrName_table,370,,
item_1xxx,2240,ftrName_table,370,,
item_1xxx,2241,ftrName_table,371,,
item_1xxx,2242,ftrName_table,371,,
item_1xxx,2243,ftrName_table,371,,
item_1xxx,2244,ftrName_table,371,,
item_1xxx,2245,ftrName_table,372,,
item_1xxx,2246,ftrName_table,372,,
item_1xxx,2247,ftrName_table,372,,
item_1xxx,2248,ftrName_table,372,,
item_1xxx,2249,ftrName_table,373,,
item_1xxx,2250,ftrName_table,373,,
item_1xxx,2251,ftrName_table,373,,
item_1xxx,2252,ftrName_table,373,,
item_1xxx,2253,ftrName_table,374,,
item_1xxx,2254,ftrName_table,374,,
item_1xxx,2255,ftrName_table,374,,
item_1xxx,2256,ftrName_table,374,,
item_1xxx,2257,ftrName_table,375,,
item_1xxx,2258,ftrName_table,375,,
item_1xxx,2259,ftrName_table,375,,
item_1xxx,2260,ftrName_table,375,,
item_1xxx,2261,ftrName_table,376,,
item_1xxx,2262,ftrName_table,376,,
item_1xxx,2263,ftrName_table,376,,
item_1xxx,2264,ftrName_table,376,,
item_1xxx,2265,ftrName_table,377,,
item_1xxx,2266,ftrName_table,377,,
item_1xxx,2267,ftrName_table,377,,
item_1xxx,2268,ftrName_table,377,,
item_1xxx,2269,ftrName_table,378,,
item_1xxx,2270,ftrName_table,378,,
item_1xxx,2271,ftrName_table,378,,
item_1xxx,2272,ftrName_table,378,,
item_1xxx,2273,ftrName_table,379,,
item_1xxx,2274,ftrName_table,379,,
item_1xxx,2275,ftrName_table,379,,
item_1xxx,2276,ftrName_table,379,,
item_1xxx,2277,ftrName_table,380,,
item_1xxx,2278,ftrName_table,380,,
item_1xxx,2279,ftrName_table,380,,
item_1xxx,2280,ftrName_table,380,,
item_1xxx,2281,ftrName_table,381,,
item_1xxx,2282,ftrName_table,381,,
item_1xxx,2283,ftrName_table,381,,
item_1xxx,2284,ftrName_table,381,,
item_1xxx,2285,ftrName_table,382,,
item_1xxx,2286,ftrName_table,382,,
item_1xxx,2287,ftrName_table,382,,
item_1xxx,2288,ftrName_table,382,,
item_1xxx,2289,ftrName_table,383,,
item_1xxx,2290,ftrName_table,383,,
item_1xxx,2291,ftrName_table,383,,
item_1xxx,2292,ftrName_table,383,,
item_1xxx,2293,ftrName_table,384,,
item_1xxx,2294,ftrName_table,384,,
item_1xxx,2295,ftrName_table,384,,
item_1xxx,2296,ftrName_table,384,,
item_1xxx,2297,ftrName_table,385,,
item_1xxx,2298,ftrName_table,385,,
item_1xxx,2299,ftrName_table,385,,
item_1xxx,2300,ftrName_table,385,,
item_1xxx,2301,ftrName_table,386,,
item_1xxx,2302,ftrName_table,386,,
item_1xxx,2303,ftrName_table,386,,
item_1xxx,2304,ftrName_table,386,,
item_1xxx,2305,ftrName_table,387,,
item_1xxx,2306,ftrName_table,387,,
item_1xxx,2307,ftrName_table,387,,
item_1xxx,2308,ftrName_table,387,,
item_1xxx,2309,ftrName_table,388,,
item_1xxx,2310,ftrName_table,388,,
item_1xxx,2311,ftrName_table,388,,
item_1xxx,2312,ftrName_table,388,,
item_1xxx,2313,ftrName_table,389,,
item_1xxx,2314,ftrName_table,389,,
item_1xxx,2315,ftrName_table,389,,
item_1xxx,2316,ftrName_table,389,,
item_1xxx,2317,ftrName_table,390,,
item_1xxx,2318,ftrName_table,390,,
item_1xxx,2319,ftrName_table,390,,
item_1xxx,2320,ftrName_table,390,,
item_1xxx,2321,ftrName_table,391,,
item_1xxx,2322,ftrName_table,391,,
item_1xxx,2323,ftrName_table,391,,
item_1xxx,2324,ftrName_table,391,,
item_1xxx,2325,ftrName_table,392,,
item_1xxx,2326,ftrName_table,392,,
item_1xxx,2327,ftrName_table,392,,
item_1xxx,2328,ftrName_table,392,,
item_1xxx,2329,ftrName_table,393,,
item_1xxx,2330,ftrName_table,393,,
item_1xxx,2331,ftrName_table,393,,
item_1xxx,2332,ftrName_table,393,,
item_1xxx,2333,ftrName_table,394,,
item_1xxx,2334,ftrName_table,394,,
item_1xxx,2335,ftrName_table,394,,
item_1xxx,2336,ftrName_table,394,,
item_1xxx,2337,ftrName_table,395,,
item_1xxx,2338,ftrName_table,395,,
item_1xxx,2339,ftrName_table,395,,
item_1xxx,2340,ftrName_table,395,,
item_1xxx,2341,ftrName_table,396,,
item_1xxx,2342,ftrName_table,396,,
item_1xxx,2343,ftrName_table,396,,
item_1xxx,2344,ftrName_table,396,,
item_1xxx,2345,ftrName_table,397,,
item_1xxx,2346,ftrName_table,397,,
item_1xxx,2347,ftrName_table,397,,
item_1xxx,2348,ftrName_table,397,,
item_1xxx,2349,ftrName_table,398,,
item_1xxx,2350,ftrName_table,398,,
item_1xxx,2351,ftrName_table,398,,
item_1xxx,2352,ftrName_table,398,,
item_1xxx,2353,ftrName_table,399,,
item_1xxx,2354,ftrName_table,399,,
item_1xxx,2355,ftrName_table,399,,
item_1xxx,2356,ftrName_table,399,,
item_1xxx,2357,ftrName_table,400,,
item_1xxx,2358,ftrName_table,400,,
item_1xxx,2359,ftrName_table,400,,
item_1xxx,2360,ftrName_table,400,,
item_1xxx,2361,ftrName_table,401,,
item_1xxx,2362,ftrName_table,401,,
item_1xxx,2363,ftrName_table,401,,
item_1xxx,2364,ftrName_table,401,,
item_1xxx,2365,ftrName_table,402,,
item_1xxx,2366,ftrName_table,402,,
item_1xxx,2367,ftrName_table,402,,
item_1xxx,2368,ftrName_table,402,,
item_1xxx,2369,ftrName_table,403,,
item_1xxx,2370,ftrName_table,403,,
item_1xxx,2371,ftrName_table,403,,
item_1xxx,2372,ftrName_table,403,,
item_1xxx,2373,ftrName_table,404,,
item_1xxx,2374,ftrName_table,404,,
item_1xxx,2375,ftrName_table,404,,
item_1xxx,2376,ftrName_table,404,,
item_1xxx,2377,ftrName_table,405,,
item_1xxx,2378,ftrName_table,405,,
item_1xxx,2379,ftrName_table,405,,
item_1xxx,2380,ftrName_table,405,,
item_1xxx,2381,ftrName_table,406,,
item_1xxx,2382,ftrName_table,406,,
item_1xxx,2383,ftrName_table,406,,
item_1xxx,2384,ftrName_table,406,,
item_1xxx,2385,ftrName_table,407,,
item_1xxx,2386,ftrName_table,407,,
item_1xxx,2387,ftrName_table,407,,
item_1xxx,2388,ftrName_table,407,,
item_1xxx,2389,ftrName_table,408,,
item_1xxx,2390,ftrName_table,408,,
item_1xxx,2391,ftrName_table,408,,
item_1xxx,2392,ftrName_table,408,,
item_1xxx,2393,ftrName_table,409,,
item_1xxx,2394,ftrName_table,409,,
item_1xxx,2395,ftrName_table,409,,
item_1xxx,2396,ftrName_table,409,,
item_1xxx,2397,ftrName_table,410,,
item_1xxx,2398,ftrName_table,410,,
item_1xxx,2399,ftrName_table,410,,
item_1xxx,2400,ftrName_table,410,,
item_1xxx,2401,ftrName_table,411,,
item_1xxx,2402,ftrName_table,411,,
item_1xxx,2403,ftrName_table,411,,
item_1xxx,2404,ftrName_table,411,,
item_1xxx,2405,ftrName_table,412,,
item_1xxx,2406,ftrName_table,412,,
item_1xxx,2407,ftrName_table,412,,
item_1xxx,2408,ftrName_table,412,,
item_1xxx,2409,ftrName_table,413,,
item_1xxx,2410,ftrName_table,413,,
item_1xxx,2411,ftrName_table,413,,
item_1xxx,2412,ftrName_table,413,,
item_1xxx,2413,ftrName_table,414,,
item_1xxx,2414,ftrName_table,414,,
item_1xxx,2415,ftrName_table,414,,
item_1xxx,2416,ftrName_table,414,,
item_1xxx,2417,ftrName_table,415,,
item_1xxx,2418,ftrName_table,415,,
item_1xxx,2419,ftrName_table,415,,
item_1xxx,2420,ftrName_table,415,,
item_1xxx,2421,ftrName_table,416,,
item_1xxx,2422,ftrName_table,416,,
item_1xxx,2423,ftrName_table,416,,
item_1xxx,2424,ftrName_table,416,,
item_1xxx,2425,ftrName_table,417,,
item_1xxx,2426,ftrName_table,417,,
item_1xxx,2427,ftrName_table,417,,
item_1xxx,2428,ftrName_table,417,,
item_1xxx,2429,ftrName_table,418,,
item_1xxx,2430,ftrName_table,418,,
item_1xxx,2431,ftrName_table,418,,
item_1xxx,2432,ftrName_table,418,,
item_1xxx,2433,ftrName_table,419,,
item_1xxx,2434,ftrName_table,419,,
item_1xxx,2435,ftrName_table,419,,
item_1xxx,2436,ftrName_table,419,,
item_1xxx,2437,ftrName_table,420,,
item_1xxx,2438,ftrName_table,420,,
item_1xxx,2439,ftrName_table,420,,
item_1xxx,2440,ftrName_table,420,,
item_1xxx,2441,ftrName_table,421,,
item_1xxx,2442,ftrName_table,421,,
item_1xxx,2443,ftrName_table,421,,
item_1xxx,2444,ftrName_table,421,,
item_1xxx,2445,ftrName_table,422,,
item_1xxx,2446,ftrName_table,422,,
item_1xxx,2447,ftrName_table,422,,
item_1xxx,2448,ftrName_table,422,,
item_1xxx,2449,ftrName_table,423,,
item_1xxx,2450,ftrName_table,423,,
item_1xxx,2451,ftrName_table,423,,
item_1xxx,2452,ftrName_table,423,,
item_1xxx,2453,ftrName_table,424,,
item_1xxx,2454,ftrName_table,424,,
item_1xxx,2455,ftrName_table,424,,
item_1xxx,2456,ftrName_table,424,,
item_1xxx,2457,ftrName_table,425,,
item_1xxx,2458,ftrName_table,425,,
item_1xxx,2459,ftrName_table,425,,
item_1xxx,2460,ftrName_table,425,,
item_1xxx,2461,ftrName_table,426,,
item_1xxx,2462,ftrName_table,426,,
item_1xxx,2463,ftrName_table,426,,
item_1xxx,2464,ftrName_table,426,,
item_1xxx,2465,ftrName_table,427,,
item_1xxx,2466,ftrName_table,427,,
item_1xxx,2467,ftrName_table,427,,
item_1xxx,2468,ftrName_table,427,,
item_1xxx,2469,ftrName_table,428,,
item_1xxx,2470,ftrName_table,428,,
item_1xxx,2471,ftrName_table,428,,
item_1xxx,2472,ftrName_table,428,,
item_1xxx,2473,ftrName_table,429,,
item_1xxx,2474,ftrName_table,429,,
item_1xxx,2475,ftrName_table,429,,
item_1xxx,2476,ftrName_table,429,,
item_1xxx,2477,ftrName_table,430,,
item_1xxx,2478,ftrName_table,430,,
item_1xxx,2479,ftrName_table,430,,
item_1xxx,2480,ftrName_table,430,,
item_1xxx,2481,ftrName_table,431,,
item_1xxx,2482,ftrName_table,431,,
item_1xxx,2483,ftrName_table,431,,
item_1xxx,2484,ftrName_table,431,,
item_1xxx,2485,ftrName_table,432,,
item_1xxx,2486,ftrName_table,432,,
item_1xxx,2487,ftrName_table,432,,
item_1xxx,2488,ftrName_table,432,,
item_1xxx,2489,ftrName_table,433,,
item_1xxx,2490,ftrName_table,433,,
item_1xxx,2491,ftrName_table,433,,
item_1xxx,2492,ftrName_table,433,,
item_1xxx,2493,ftrName_table,434,,
item_1xxx,2494,ftrName_table,434,,
item_1xxx,2495,ftrName_table,434,,
item_1xxx,2496,ftrName_table,434,,
item_1xxx,2497,ftrName_table,435,,
item_1xxx,2498,ftrName_table,435,,
item_1xxx,2499,ftrName_table,435,,
item_1xxx,2500,ftrName_table,435,,
item_1xxx,2501,ftrName_table,436,,
item_1xxx,2502,ftrName_table,436,,
item_1xxx,2503,ftrName_table,436,,
item_1xxx,2504,ftrName_table,436,,
item_1xxx,2505,ftrName_table,437,,
item_1xxx,2506,ftrName_table,437,,
item_1xxx,2507,ftrName_table,437,,
item_1xxx,2508,ftrName_table,437,,
item_1xxx,2509,ftrName_table,438,,
item_1xxx,2510,ftrName_table,438,,
item_1xxx,2511,ftrName_table,438,,
item_1xxx,2512,ftrName_table,438,,
item_1xxx,2513,ftrName_table,439,,
item_1xxx,2514,ftrName_table,439,,
item_1xxx,2515,ftrName_table,439,,
item_1xxx,2516,ftrName_table,439,,
item_1xxx,2517,ftrName_table,440,,
item_1xxx,2518,ftrName_table,440,,
item_1xxx,2519,ftrName_table,440,,
item_1xxx,2520,ftrName_table,440,,
item_1xxx,2521,ftrName_table,441,,
item_1xxx,2522,ftrName_table,441,,
item_1xxx,2523,ftrName_table,441,,
item_1xxx,2524,ftrName_table,441,,
item_1xxx,2525,ftrName_table,442,,
item_1xxx,2526,ftrName_table,442,,
item_1xxx,2527,ftrName_table,442,,
item_1xxx,2528,ftrName_table,442,,
item_1xxx,2529,ftrName_table,443,,
item_1xxx,2530,ftrName_table,443,,
item_1xxx,2531,ftrName_table,443,,
item_1xxx,2532,ftrName_table,443,,
item_1xxx,2533,ftrName_table,444,,
item_1xxx,2534,ftrName_table,444,,
item_1xxx,2535,ftrName_table,444,,
item_1xxx,2536,ftrName_table,444,,
item_1xxx,2537,ftrName_table,445,,
item_1xxx,2538,ftrName_table,445,,
item_1xxx,2539,ftrName_table,445,,
item_1xxx,2540,ftrName_table,445,,
item_1xxx,2541,ftrName_table,446,,
item_1xxx,2542,ftrName_table,446,,
item_1xxx,2543,ftrName_table,446,,
item_1xxx,2544,ftrName_table,446,,
item_1xxx,2545,ftrName_table,447,,
item_1xxx,2546,ftrName_table,447,,
item_1xxx,2547,ftrName_table,447,,
item_1xxx,2548,ftrName_table,447,,
item_1xxx,2549,ftrName_table,448,,
item_1xxx,2550,ftrName_table,448,,
item_1xxx,2551,ftrName_table,448,,
item_1xxx,2552,ftrName_table,448,,
item_1xxx,2553,ftrName_table,449,,
item_1xxx,2554,ftrName_table,449,,
item_1xxx,2555,ftrName_table,449,,
item_1xxx,2556,ftrName_table,449,,
item_1xxx,2557,ftrName_table,450,,
item_1xxx,2558,ftrName_table,450,,
item_1xxx,2559,ftrName_table,450,,
item_1xxx,2560,ftrName_table,450,,
item_1xxx,2561,ftrName_table,451,,
item_1xxx,2562,ftrName_table,451,,
item_1xxx,2563,ftrName_table,451,,
item_1xxx,2564,ftrName_table,451,,
item_1xxx,2565,ftrName_table,452,,
item_1xxx,2566,ftrName_table,452,,
item_1xxx,2567,ftrName_table,452,,
item_1xxx,2568,ftrName_table,452,,
item_1xxx,2569,ftrName_table,453,,
item_1xxx,2570,ftrName_table,453,,
item_1xxx,2571,ftrName_table,453,,
item_1xxx,2572,ftrName_table,453,,
item_1xxx,2573,ftrName_table,454,,
item_1xxx,2574,ftrName_table,454,,
item_1xxx,2575,ftrName_table,454,,
item_1xxx,2576,ftrName_table,454,,
item_1xxx,2577,ftrName_table,455,,
item_1xxx,2578,ftrName_table,455,,
item_1xxx,2579,ftrName_table,455,,
item_1xxx,2580,ftrName_table,455,,
item_1xxx,2581,ftrName_table,456,,
item_1xxx,2582,ftrName_table,456,,
item_1xxx,2583,ftrName_table,456,,
item_1xxx,2584,ftrName_table,456,,
item_1xxx,2585,ftrName_table,457,,
item_1xxx,2586,ftrName_table,457,,
item_1xxx,2587,ftrName_table,457,,
item_1xxx,2588,ftrName_table,457,,
item_1xxx,2589,ftrName_table,458,,
item_1xxx,2590,ftrName_table,458,,
item_1xxx,2591,ftrName_table,458,,
item_1xxx,2592,ftrName_table,458,,
item_1xxx,2593,ftrName_table,459,,
item_1xxx,2594,ftrName_table,459,,
item_1xxx,2595,ftrName_table,459,,
item_1xxx,2596,ftrName_table,459,,
item_1xxx,2597,ftrName_table,460,,
item_1xxx,2598,ftrName_table,460,,
item_1xxx,2599,ftrName_table,460,,
item_1xxx,2600,ftrName_table,460,,
item_1xxx,2601,ftrName_table,461,,
item_1xxx,2602,ftrName_table,461,,
item_1xxx,2603,ftrName_table,461,,
item_1xxx,2604,ftrName_table,461,,
item_1xxx,2605,ftrName_table,462,,
item_1xxx,2606,ftrName_table,462,,
item_1xxx,2607,ftrName_table,462,,
item_1xxx,2608,ftrName_table,462,,
item_1xxx,2609,ftrName_table,463,,
item_1xxx,2610,ftrName_table,463,,
item_1xxx,2611,ftrName_table,463,,
item_1xxx,2612,ftrName_table,463,,
item_1xxx,2613,ftrName_table,464,,
item_1xxx,2614,ftrName_table,464,,
item_1xxx,2615,ftrName_table,464,,
item_1xxx,2616,ftrName_table,464,,
item_1xxx,2617,ftrName_table,465,,
item_1xxx,2618,ftrName_table,465,,
item_1xxx,2619,ftrName_table,465,,
item_1xxx,2620,ftrName_table,465,,
item_1xxx,2621,ftrName_table,466,,
item_1xxx,2622,ftrName_table,466,,
item_1xxx,2623,ftrName_table,466,,
item_1xxx,2624,ftrName_table,466,,
item_1xxx,2625,ftrName_table,467,,
item_1xxx,2626,ftrName_table,467,,
item_1xxx,2627,ftrName_table,467,,
item_1xxx,2628,ftrName_table,467,,
item_1xxx,2629,ftrName_table,468,,
item_1xxx,2630,ftrName_table,468,,
item_1xxx,2631,ftrName_table,468,,
item_1xxx,2632,ftrName_table,468,,
item_1xxx,2633,ftrName_table,469,,
item_1xxx,2634,ftrName_table,469,,
item_1xxx,2635,ftrName_table,469,,
item_1xxx,2636,ftrName_table,469,,
item_1xxx,2637,ftrName_table,470,,
item_1xxx,2638,ftrName_table,470,,
item_1xxx,2639,ftrName_table,470,,
item_1xxx,2640,ftrName_table,470,,
item_1xxx,2641,ftrName_table,471,,
item_1xxx,2642,ftrName_table,471,,
item_1xxx,2643,ftrName_table,471,,
item_1xxx,2644,ftrName_table,471,,
item_1xxx,2645,ftrName_table,472,,
item_1xxx,2646,ftrName_table,472,,
item_1xxx,2647,ftrName_table,472,,
item_1xxx,2648,ftrName_table,472,,
item_1xxx,2649,ftrName_table,473,,
item_1xxx,2650,ftrName_table,473,,
item_1xxx,2651,ftrName_table,473,,
item_1xxx,2652,ftrName_table,473,,
item_1xxx,2653,ftrName_table,474,,
item_1xxx,2654,ftrName_table,474,,
item_1xxx,2655,ftrName_table,474,,
item_1xxx,2656,ftrName_table,474,,
item_1xxx,2657,ftrName_table,475,,
item_1xxx,2658,ftrName_table,475,,
item_1xxx,2659,ftrName_table,475,,
item_1xxx,2660,ftrName_table,475,,
item_1xxx,2661,ftrName_table,476,,
item_1xxx,2662,ftrName_table,476,,
item_1xxx,2663,ftrName_table,476,,
item_1xxx,2664,ftrName_table,476,,
item_1xxx,2665,ftrName_table,477,,
item_1xxx,2666,ftrName_table,477,,
item_1xxx,2667,ftrName_table,477,,
item_1xxx,2668,ftrName_table,477,,
item_1xxx,2669,ftrName_table,478,,
item_1xxx,2670,ftrName_table,478,,
item_1xxx,2671,ftrName_table,478,,
item_1xxx,2672,ftrName_table,478,,
item_1xxx,2673,,,,
item_1xxx,2674,,,,
item_1xxx,2675,,,,
item_1xxx,2676,,,,
item_1xxx,2677,,,,
item_1xxx,2678,,,,
item_1xxx,2679,,,,
item_1xxx,2680,,,,
item_1xxx,2681,,,,
item_1xxx,2682,,,,
item_1xxx,2683,,,,
item_1xxx,2684,,,,
item_1xxx,2685,,,,
item_1xxx,2686,,,,
item_1xxx,2687,,,,
item_1xxx,2688,,,,
item_1xxx,2689,,,,
item_1xxx,2690,,,,
item_1xxx,2691,,,,
item_1xxx,2692,,,,
item_1xxx,2693,,,,
item_1xxx,2694,,,,
item_1xxx,2695,,,,
item_1xxx,2696,,,,
item_1xxx,2697,,,,
item_1xxx,2698,,,,
item_1xxx,2699,,,,
item_1xxx,2700,,,,
item_1xxx,2701,,,,
item_1xxx,2702,,,,
item_1xxx,2703,,,,
item_1xxx,2704,,,,
item_1xxx,2705,,,,
item_1xxx,2706,,,,
item_1xxx,2707,,,,
item_1xxx,2708,,,,
item_1xxx,2709,,,,
item_1xxx,2710,,,,
item_1xxx,2711,,,,
item_1xxx,2712,,,,
item_1xxx,2713,,,,
item_1xxx,2714,,,,
item_1xxx,2715,,,,
item_1xxx,2716,,,,
item_1xxx,2717,,,,
item_1xxx,2718,,,,
item_1xxx,2719,,,,
item_1xxx,2720,,,,
item_1xxx,2721,itemName_cloth,0,,
item_1xxx,2722,itemName_cloth,0,,
item_1xxx,2723,itemName_cloth,0,,
item_1xxx,2724,itemName_cloth,0,,
item_1xxx,2725,itemName_cloth,1,,
item_1xxx,2726,itemName_cloth,1,,
item_1xxx,2727,itemName_cloth,1,,
item_1xxx,2728,itemName_cloth,1,,
item_1xxx,2729,itemName_cloth,2,,
item_1xxx,2730,itemName_cloth,2,,
item_1xxx,2731,itemName_cloth,2,,
item_1xxx,2732,itemName_cloth,2,,
item_1xxx,2733,itemName_cloth,3,,
item_1xxx,2734,itemName_cloth,3,,
item_1xxx,2735,itemName_cloth,3,,
item_1xxx,2736,itemName_cloth,3,,
item_1xxx,2737,itemName_cloth,4,,
item_1xxx,2738,itemName_cloth,4,,
item_1xxx,2739,itemName_cloth,4,,
item_1xxx,2740,itemName_cloth,4,,
item_1xxx,2741,itemName_cloth,5,,
item_1xxx,2742,itemName_cloth,5,,
item_1xxx,2743,itemName_cloth,5,,
item_1xxx,2744,itemName_cloth,5,,
item_1xxx,2745,itemName_cloth,6,,
item_1xxx,2746,itemName_cloth,6,,
item_1xxx,2747,itemName_cloth,6,,
item_1xxx,2748,itemName_cloth,6,,
item_1xxx,2749,itemName_cloth,7,,
item_1xxx,2750,itemName_cloth,7,,
item_1xxx,2751,itemName_cloth,7,,
item_1xxx,2752,itemName_cloth,7,,
item_1xxx,2753,itemName_cloth,8,,
item_1xxx,2754,itemName_cloth,8,,
item_1xxx,2755,itemName_cloth,8,,
item_1xxx,2756,itemName_cloth,8,,
item_1xxx,2757,itemName_cloth,9,,
item_1xxx,2758,itemName_cloth,9,,
item_1xxx,2759,itemName_cloth,9,,
item_1xxx,2760,itemName_cloth,9,,
item_1xxx,2761,itemName_cloth,10,,
item_1xxx,2762,itemName_cloth,10,,
item_1xxx,2763,itemName_cloth,10,,
item_1xxx,2764,itemName_cloth,10,,
item_1xxx,2765,itemName_cloth,11,,
item_1xxx,2766,itemName_cloth,11,,
item_1xxx,2767,itemName_cloth,11,,
item_1xxx,2768,itemName_cloth,11,,
item_1xxx,2769,itemName_cloth,12,,
item_1xxx,2770,itemName_cloth,12,,
item_1xxx,2771,itemName_cloth,12,,
item_1xxx,2772,itemName_cloth,12,,
item_1xxx,2773,itemName_cloth,13,,
item_1xxx,2774,itemName_cloth,13,,
item_1xxx,2775,itemName_cloth,13,,
item_1xxx,2776,itemName_cloth,13,,
item_1xxx,2777,itemName_cloth,14,,
item_1xxx,2778,itemName_cloth,14,,
item_1xxx,2779,itemName_cloth,14,,
item_1xxx,2780,itemName_cloth,14,,
item_1xxx,2781,itemName_cloth,15,,
item_1xxx,2782,itemName_cloth,15,,
item_1xxx,2783,itemName_cloth,15,,
item_1xxx,2784,itemName_cloth,15,,
item_1xxx,2785,itemName_cloth,16,,
item_1xxx,2786,itemName_cloth,16,,
item_1xxx,2787,itemName_cloth,16,,
item_1xxx,2788,itemName_cloth,16,,
item_1xxx,2789,itemName_cloth,17,,
item_1xxx,2790,itemName_cloth,17,,
item_1xxx,2791,itemName_cloth,17,,
item_1xxx,2792,itemName_cloth,17,,
item_1xxx,2793,itemName_cloth,18,,
item_1xxx,2794,itemName_cloth,18,,
item_1xxx,2795,itemName_cloth,18,,
item_1xxx,2796,itemName_cloth,18,,
item_1xxx,2797,itemName_cloth,19,,
item_1xxx,2798,itemName_cloth,19,,
item_1xxx,2799,itemName_cloth,19,,
item_1xxx,2800,itemName_cloth,19,,
item_1xxx,2801,itemName_cloth,20,,
item_1xxx,2802,itemName_cloth,20,,
item_1xxx,2803,itemName_cloth,20,,
item_1xxx,2804,itemName_cloth,20,,
item_1xxx,2805,itemName_cloth,21,,
item_1xxx,2806,itemName_cloth,21,,
item_1xxx,2807,itemName_cloth,21,,
item_1xxx,2808,itemName_cloth,21,,
item_1xxx,2809,itemName_cloth,22,,
item_1xxx,2810,itemName_cloth,22,,
item_1xxx,2811,itemName_cloth,22,,
item_1xxx,2812,itemName_cloth,22,,
item_1xxx,2813,itemName_cloth,23,,
item_1xxx,2814,itemName_cloth,23,,
item_1xxx,2815,itemName_cloth,23,,
item_1xxx,2816,itemName_cloth,23,,
item_1xxx,2817,itemName_cloth,24,,
item_1xxx,2818,itemName_cloth,24,,
item_1xxx,2819,itemName_cloth,24,,
item_1xxx,2820,itemName_cloth,24,,
item_1xxx,2821,itemName_cloth,25,,
item_1xxx,2822,itemName_cloth,25,,
item_1xxx,2823,itemName_cloth,25,,
item_1xxx,2824,itemName_cloth,25,,
item_1xxx,2825,itemName_cloth,26,,
item_1xxx,2826,itemName_cloth,26,,
item_1xxx,2827,itemName_cloth,26,,
item_1xxx,2828,itemName_cloth,26,,
item_1xxx,2829,itemName_cloth,27,,
item_1xxx,2830,itemName_cloth,27,,
item_1xxx,2831,itemName_cloth,27,,
item_1xxx,2832,itemName_cloth,27,,
item_1xxx,2833,itemName_cloth,28,,
item_1xxx,2834,itemName_cloth,28,,
item_1xxx,2835,itemName_cloth,28,,
item_1xxx,2836,itemName_cloth,28,,
item_1xxx,2837,itemName_cloth,29,,
item_1xxx,2838,itemName_cloth,29,,
item_1xxx,2839,itemName_cloth,29,,
item_1xxx,2840,itemName_cloth,29,,
item_1xxx,2841,itemName_cloth,30,,
item_1xxx,2842,itemName_cloth,30,,
item_1xxx,2843,itemName_cloth,30,,
item_1xxx,2844,itemName_cloth,30,,
item_1xxx,2845,itemName_cloth,31,,
item_1xxx,2846,itemName_cloth,31,,
item_1xxx,2847,itemName_cloth,31,,
item_1xxx,2848,itemName_cloth,31,,
item_1xxx,2849,itemName_cloth,32,,
item_1xxx,2850,itemName_cloth,32,,
item_1xxx,2851,itemName_cloth,32,,
item_1xxx,2852,itemName_cloth,32,,
item_1xxx,2853,itemName_cloth,33,,
item_1xxx,2854,itemName_cloth,33,,
item_1xxx,2855,itemName_cloth,33,,
item_1xxx,2856,itemName_cloth,33,,
item_1xxx,2857,itemName_cloth,34,,
item_1xxx,2858,itemName_cloth,34,,
item_1xxx,2859,itemName_cloth,34,,
item_1xxx,2860,itemName_cloth,34,,
item_1xxx,2861,itemName_cloth,35,,
item_1xxx,2862,itemName_cloth,35,,
item_1xxx,2863,itemName_cloth,35,,
item_1xxx,2864,itemName_cloth,35,,
item_1xxx,2865,itemName_cloth,36,,
item_1xxx,2866,itemName_cloth,36,,
item_1xxx,2867,itemName_cloth,36,,
item_1xxx,2868,itemName_cloth,36,,
item_1xxx,2869,itemName_cloth,37,,
item_1xxx,2870,itemName_cloth,37,,
item_1xxx,2871,itemName_cloth,37,,
item_1xxx,2872,itemName_cloth,37,,
item_1xxx,2873,itemName_cloth,38,,
item_1xxx,2874,itemName_cloth,38,,
item_1xxx,2875,itemName_cloth,38,,
item_1xxx,2876,itemName_cloth,38,,
item_1xxx,2877,itemName_cloth,39,,
item_1xxx,2878,itemName_cloth,39,,
item_1xxx,2879,itemName_cloth,39,,
item_1xxx,2880,itemName_cloth,39,,
item_1xxx,2881,itemName_cloth,40,,
item_1xxx,2882,itemName_cloth,40,,
item_1xxx,2883,itemName_cloth,40,,
item_1xxx,2884,itemName_cloth,40,,
item_1xxx,2885,itemName_cloth,41,,
item_1xxx,2886,itemName_cloth,41,,
item_1xxx,2887,itemName_cloth,41,,
item_1xxx,2888,itemName_cloth,41,,
item_1xxx,2889,itemName_cloth,42,,
item_1xxx,2890,itemName_cloth,42,,
item_1xxx,2891,itemName_cloth,42,,
item_1xxx,2892,itemName_cloth,42,,
item_1xxx,2893,itemName_cloth,43,,
item_1xxx,2894,itemName_cloth,43,,
item_1xxx,2895,itemName_cloth,43,,
item_1xxx,2896,itemName_cloth,43,,
item_1xxx,2897,itemName_cloth,44,,
item_1xxx,2898,itemName_cloth,44,,
item_1xxx,2899,itemName_cloth,44,,
item_1xxx,2900,itemName_cloth,44,,
item_1xxx,2901,itemName_cloth,45,,
item_1xxx,2902,itemName_cloth,45,,
item_1xxx,2903,itemName_cloth,45,,
item_1xxx,2904,itemName_cloth,45,,
item_1xxx,2905,itemName_cloth,46,,
item_1xxx,2906,itemName_cloth,46,,
item_1xxx,2907,itemName_cloth,46,,
item_1xxx,2908,itemName_cloth,46,,
item_1xxx,2909,itemName_cloth,47,,
item_1xxx,2910,itemName_cloth,47,,
item_1xxx,2911,itemName_cloth,47,,
item_1xxx,2912,itemName_cloth,47,,
item_1xxx,2913,itemName_cloth,48,,
item_1xxx,2914,itemName_cloth,48,,
item_1xxx,2915,itemName_cloth,48,,
item_1xxx,2916,itemName_cloth,48,,
item_1xxx,2917,itemName_cloth,49,,
item_1xxx,2918,itemName_cloth,49,,
item_1xxx,2919,itemName_cloth,49,,
item_1xxx,2920,itemName_cloth,49,,
item_1xxx,2921,itemName_cloth,50,,
item_1xxx,2922,itemName_cloth,50,,
item_1xxx,2923,itemName_cloth,50,,
item_1xxx,2924,itemName_cloth,50,,
item_1xxx,2925,itemName_cloth,51,,
item_1xxx,2926,itemName_cloth,51,,
item_1xxx,2927,itemName_cloth,51,,
item_1xxx,2928,itemName_cloth,51,,
item_1xxx,2929,itemName_cloth,52,,
item_1xxx,2930,itemName_cloth,52,,
item_1xxx,2931,itemName_cloth,52,,
item_1xxx,2932,itemName_cloth,52,,
item_1xxx,2933,itemName_cloth,53,,
item_1xxx,2934,itemName_cloth,53,,
item_1xxx,2935,itemName_cloth,53,,
item_1xxx,2936,itemName_cloth,53,,
item_1xxx,2937,itemName_cloth,54,,
item_1xxx,2938,itemName_cloth,54,,
item_1xxx,2939,itemName_cloth,54,,
item_1xxx,2940,itemName_cloth,54,,
item_1xxx,2941,itemName_cloth,55,,
item_1xxx,2942,itemName_cloth,55,,
item_1xxx,2943,itemName_cloth,55,,
item_1xxx,2944,itemName_cloth,55,,
item_1xxx,2945,itemName_cloth,56,,
item_1xxx,2946,itemName_cloth,56,,
item_1xxx,2947,itemName_cloth,56,,
item_1xxx,2948,itemName_cloth,56,,
item_1xxx,2949,itemName_cloth,57,,
item_1xxx,2950,itemName_cloth,57,,
item_1xxx,2951,itemName_cloth,57,,
item_1xxx,2952,itemName_cloth,57,,
item_1xxx,2953,itemName_cloth,58,,
item_1xxx,2954,itemName_cloth,58,,
item_1xxx,2955,itemName_cloth,58,,
item_1xxx,2956,itemName_cloth,58,,
item_1xxx,2957,itemName_cloth,59,,
item_1xxx,2958,itemName_cloth,59,,
item_1xxx,2959,itemName_cloth,59,,
item_1xxx,2960,itemName_cloth,59,,
item_1xxx,2961,itemName_cloth,60,,
item_1xxx,2962,itemName_cloth,60,,
item_1xxx,2963,itemName_cloth,60,,
item_1xxx,2964,itemName_cloth,60,,
item_1xxx,2965,itemName_cloth,61,,
item_1xxx,2966,itemName_cloth,61,,
item_1xxx,2967,itemName_cloth,61,,
item_1xxx,2968,itemName_cloth,61,,
item_1xxx,2969,itemName_cloth,62,,
item_1xxx,2970,itemName_cloth,62,,
item_1xxx,2971,itemName_cloth,62,,
item_1xxx,2972,itemName_cloth,62,,
item_1xxx,2973,itemName_cloth,63,,
item_1xxx,2974,itemName_cloth,63,,
item_1xxx,2975,itemName_cloth,63,,
item_1xxx,2976,itemName_cloth,63,,
item_1xxx,2977,itemName_cloth,64,,
item_1xxx,2978,itemName_cloth,64,,
item_1xxx,2979,itemName_cloth,64,,
item_1xxx,2980,itemName_cloth,64,,
item_1xxx,2981,itemName_cloth,65,,
item_1xxx,2982,itemName_cloth,65,,
item_1xxx,2983,itemName_cloth,65,,
item_1xxx,2984,itemName_cloth,65,,
item_1xxx,2985,itemName_cloth,66,,
item_1xxx,2986,itemName_cloth,66,,
item_1xxx,2987,itemName_cloth,66,,
item_1xxx,2988,itemName_cloth,66,,
item_1xxx,2989,itemName_cloth,67,,
item_1xxx,2990,itemName_cloth,67,,
item_1xxx,2991,itemName_cloth,67,,
item_1xxx,2992,itemName_cloth,67,,
item_1xxx,2993,itemName_cloth,68,,
item_1xxx,2994,itemName_cloth,68,,
item_1xxx,2995,itemName_cloth,68,,
item_1xxx,2996,itemName_cloth,68,,
item_1xxx,2997,itemName_cloth,69,,
item_1xxx,2998,itemName_cloth,69,,
item_1xxx,2999,itemName_cloth,69,,
item_1xxx,3000,itemName_cloth,69,,
item_1xxx,3001,itemName_cloth,70,,
item_1xxx,3002,itemName_cloth,70,,
item_1xxx,3003,itemName_cloth,70,,
item_1xxx,3004,itemName_cloth,70,,
item_1xxx,3005,itemName_cloth,71,,
item_1xxx,3006,itemName_cloth,71,,
item_1xxx,3007,itemName_cloth,71,,
item_1xxx,3008,itemName_cloth,71,,
item_1xxx,3009,itemName_cloth,72,,
item_1xxx,3010,itemName_cloth,72,,
item_1xxx,3011,itemName_cloth,72,,
item_1xxx,3012,itemName_cloth,72,,
item_1xxx,3013,itemName_cloth,73,,
item_1xxx,3014,itemName_cloth,73,,
item_1xxx,3015,itemName_cloth,73,,
item_1xxx,3016,itemName_cloth,73,,
item_1xxx,3017,itemName_cloth,74,,
item_1xxx,3018,itemName_cloth,74,,
item_1xxx,3019,itemName_cloth,74,,
item_1xxx,3020,itemName_cloth,74,,
item_1xxx,3021,itemName_cloth,75,,
item_1xxx,3022,itemName_cloth,75,,
item_1xxx,3023,itemName_cloth,75,,
item_1xxx,3024,itemName_cloth,75,,
item_1xxx,3025,itemName_cloth,76,,
item_1xxx,3026,itemName_cloth,76,,
item_1xxx,3027,itemName_cloth,76,,
item_1xxx,3028,itemName_cloth,76,,
item_1xxx,3029,itemName_cloth,77,,
item_1xxx,3030,itemName_cloth,77,,
item_1xxx,3031,itemName_cloth,77,,
item_1xxx,3032,itemName_cloth,77,,
item_1xxx,3033,itemName_cloth,78,,
item_1xxx,3034,itemName_cloth,78,,
item_1xxx,3035,itemName_cloth,78,,
item_1xxx,3036,itemName_cloth,78,,
item_1xxx,3037,itemName_cloth,79,,
item_1xxx,3038,itemName_cloth,79,,
item_1xxx,3039,itemName_cloth,79,,
item_1xxx,3040,itemName_cloth,79,,
item_1xxx,3041,itemName_cloth,80,,
item_1xxx,3042,itemName_cloth,80,,
item_1xxx,3043,itemName_cloth,80,,
item_1xxx,3044,itemName_cloth,80,,
item_1xxx,3045,itemName_cloth,81,,
item_1xxx,3046,itemName_cloth,81,,
item_1xxx,3047,itemName_cloth,81,,
item_1xxx,3048,itemName_cloth,81,,
item_1xxx,3049,itemName_cloth,82,,
item_1xxx,3050,itemName_cloth,82,,
item_1xxx,3051,itemName_cloth,82,,
item_1xxx,3052,itemName_cloth,82,,
item_1xxx,3053,itemName_cloth,83,,
item_1xxx,3054,itemName_cloth,83,,
item_1xxx,3055,itemName_cloth,83,,
item_1xxx,3056,itemName_cloth,83,,
item_1xxx,3057,itemName_cloth,84,,
item_1xxx,3058,itemName_cloth,84,,
item_1xxx,3059,itemName_cloth,84,,
item_1xxx,3060,itemName_cloth,84,,
item_1xxx,3061,itemName_cloth,85,,
item_1xxx,3062,itemName_cloth,85,,
item_1xxx,3063,itemName_cloth,85,,
item_1xxx,3064,itemName_cloth,85,,
item_1xxx,3065,itemName_cloth,86,,
item_1xxx,3066,itemName_cloth,86,,
item_1xxx,3067,itemName_cloth,86,,
item_1xxx,3068,itemName_cloth,86,,
item_1xxx,3069,itemName_cloth,87,,
item_1xxx,3070,itemName_cloth,87,,
item_1xxx,3071,itemName_cloth,87,,
item_1xxx,3072,itemName_cloth,87,,
item_1xxx,3073,itemName_cloth,88,,
item_1xxx,3074,itemName_cloth,88,,
item_1xxx,3075,itemName_cloth,88,,
item_1xxx,3076,itemName_cloth,88,,
item_1xxx,3077,itemName_cloth,89,,
item_1xxx,3078,itemName_cloth,89,,
item_1xxx,3079,itemName_cloth,89,,
item_1xxx,3080,itemName_cloth,89,,
item_1xxx,3081,itemName_cloth,90,,
item_1xxx,3082,itemName_cloth,90,,
item_1xxx,3083,itemName_cloth,90,,
item_1xxx,3084,itemName_cloth,90,,
item_1xxx,3085,itemName_cloth,91,,
item_1xxx,3086,itemName_cloth,91,,
item_1xxx,3087,itemName_cloth,91,,
item_1xxx,3088,itemName_cloth,91,,
item_1xxx,3089,itemName_cloth,92,,
item_1xxx,3090,itemName_cloth,92,,
item_1xxx,3091,itemName_cloth,92,,
item_1xxx,3092,itemName_cloth,92,,
item_1xxx,3093,itemName_cloth,93,,
item_1xxx,3094,itemName_cloth,93,,
item_1xxx,3095,itemName_cloth,93,,
item_1xxx,3096,itemName_cloth,93,,
item_1xxx,3097,itemName_cloth,94,,
item_1xxx,3098,itemName_cloth,94,,
item_1xxx,3099,itemName_cloth,94,,
item_1xxx,3100,itemName_cloth,94,,
item_1xxx,3101,itemName_cloth,95,,
item_1xxx,3102,itemName_cloth,95,,
item_1xxx,3103,itemName_cloth,95,,
item_1xxx,3104,itemName_cloth,95,,
item_1xxx,3105,itemName_cloth,96,,
item_1xxx,3106,itemName_cloth,96,,
item_1xxx,3107,itemName_cloth,96,,
item_1xxx,3108,itemName_cloth,96,,
item_1xxx,3109,itemName_cloth,97,,
item_1xxx,3110,itemName_cloth,97,,
item_1xxx,3111,itemName_cloth,97,,
item_1xxx,3112,itemName_cloth,97,,
item_1xxx,3113,itemName_cloth,98,,
item_1xxx,3114,itemName_cloth,98,,
item_1xxx,3115,itemName_cloth,98,,
item_1xxx,3116,itemName_cloth,98,,
item_1xxx,3117,itemName_cloth,99,,
item_1xxx,3118,itemName_cloth,99,,
item_1xxx,3119,itemName_cloth,99,,
item_1xxx,3120,itemName_cloth,99,,
item_1xxx,3121,itemName_cloth,100,,
item_1xxx,3122,itemName_cloth,100,,
item_1xxx,3123,itemName_cloth,100,,
item_1xxx,3124,itemName_cloth,100,,
item_1xxx,3125,itemName_cloth,101,,
item_1xxx,3126,itemName_cloth,101,,
item_1xxx,3127,itemName_cloth,101,,
item_1xxx,3128,itemName_cloth,101,,
item_1xxx,3129,itemName_cloth,102,,
item_1xxx,3130,itemName_cloth,102,,
item_1xxx,3131,itemName_cloth,102,,
item_1xxx,3132,itemName_cloth,102,,
item_1xxx,3133,itemName_cloth,103,,
item_1xxx,3134,itemName_cloth,103,,
item_1xxx,3135,itemName_cloth,103,,
item_1xxx,3136,itemName_cloth,103,,
item_1xxx,3137,itemName_cloth,104,,
item_1xxx,3138,itemName_cloth,104,,
item_1xxx,3139,itemName_cloth,104,,
item_1xxx,3140,itemName_cloth,104,,
item_1xxx,3141,itemName_cloth,105,,
item_1xxx,3142,itemName_cloth,105,,
item_1xxx,3143,itemName_cloth,105,,
item_1xxx,3144,itemName_cloth,105,,
item_1xxx,3145,itemName_cloth,106,,
item_1xxx,3146,itemName_cloth,106,,
item_1xxx,3147,itemName_cloth,106,,
item_1xxx,3148,itemName_cloth,106,,
item_1xxx,3149,itemName_cloth,107,,
item_1xxx,3150,itemName_cloth,107,,
item_1xxx,3151,itemName_cloth,107,,
item_1xxx,3152,itemName_cloth,107,,
item_1xxx,3153,itemName_cloth,108,,
item_1xxx,3154,itemName_cloth,108,,
item_1xxx,3155,itemName_cloth,108,,
item_1xxx,3156,itemName_cloth,108,,
item_1xxx,3157,itemName_cloth,109,,
item_1xxx,3158,itemName_cloth,109,,
item_1xxx,3159,itemName_cloth,109,,
item_1xxx,3160,itemName_cloth,109,,
item_1xxx,3161,itemName_cloth,110,,
item_1xxx,3162,itemName_cloth,110,,
item_1xxx,3163,itemName_cloth,110,,
item_1xxx,3164,itemName_cloth,110,,
item_1xxx,3165,itemName_cloth,111,,
item_1xxx,3166,itemName_cloth,111,,
item_1xxx,3167,itemName_cloth,111,,
item_1xxx,3168,itemName_cloth,111,,
item_1xxx,3169,itemName_cloth,112,,
item_1xxx,3170,itemName_cloth,112,,
item_1xxx,3171,itemName_cloth,112,,
item_1xxx,3172,itemName_cloth,112,,
item_1xxx,3173,itemName_cloth,113,,
item_1xxx,3174,itemName_cloth,113,,
item_1xxx,3175,itemName_cloth,113,,
item_1xxx,3176,itemName_cloth,113,,
item_1xxx,3177,itemName_cloth,114,,
item_1xxx,3178,itemName_cloth,114,,
item_1xxx,3179,itemName_cloth,114,,
item_1xxx,3180,itemName_cloth,114,,
item_1xxx,3181,itemName_cloth,115,,
item_1xxx,3182,itemName_cloth,115,,
item_1xxx,3183,itemName_cloth,115,,
item_1xxx,3184,itemName_cloth,115,,
item_1xxx,3185,itemName_cloth,116,,
item_1xxx,3186,itemName_cloth,116,,
item_1xxx,3187,itemName_cloth,116,,
item_1xxx,3188,itemName_cloth,116,,
item_1xxx,3189,itemName_cloth,117,,
item_1xxx,3190,itemName_cloth,117,,
item_1xxx,3191,itemName_cloth,117,,
item_1xxx,3192,itemName_cloth,117,,
item_1xxx,3193,itemName_cloth,118,,
item_1xxx,3194,itemName_cloth,118,,
item_1xxx,3195,itemName_cloth,118,,
item_1xxx,3196,itemName_cloth,118,,
item_1xxx,3197,itemName_cloth,119,,
item_1xxx,3198,itemName_cloth,119,,
item_1xxx,3199,itemName_cloth,119,,
item_1xxx,3200,itemName_cloth,119,,
item_1xxx,3201,itemName_cloth,120,,
item_1xxx,3202,itemName_cloth,120,,
item_1xxx,3203,itemName_cloth,120,,
item_1xxx,3204,itemName_cloth,120,,
item_1xxx,3205,itemName_cloth,121,,
item_1xxx,3206,itemName_cloth,121,,
item_1xxx,3207,itemName_cloth,121,,
item_1xxx,3208,itemName_cloth,121,,
item_1xxx,3209,itemName_cloth,122,,
item_1xxx,3210,itemName_cloth,122,,
item_1xxx,3211,itemName_cloth,122,,
item_1xxx,3212,itemName_cloth,122,,
item_1xxx,3213,itemName_cloth,123,,
item_1xxx,3214,itemName_cloth,123,,
item_1xxx,3215,itemName_cloth,123,,
item_1xxx,3216,itemName_cloth,123,,
item_1xxx,3217,itemName_cloth,124,,
item_1xxx,3218,itemName_cloth,124,,
item_1xxx,3219,itemName_cloth,124,,
item_1xxx,3220,itemName_cloth,124,,
item_1xxx,3221,itemName_cloth,125,,
item_1xxx,3222,itemName_cloth,125,,
item_1xxx,3223,itemName_cloth,125,,
item_1xxx,3224,itemName_cloth,125,,
item_1xxx,3225,itemName_cloth,126,,
item_1xxx,3226,itemName_cloth,126,,
item_1xxx,3227,itemName_cloth,126,,
item_1xxx,3228,itemName_cloth,126,,
item_1xxx,3229,itemName_cloth,127,,
item_1xxx,3230,itemName_cloth,127,,
item_1xxx,3231,itemName_cloth,127,,
item_1xxx,3232,itemName_cloth,127,,
item_1xxx,3233,itemName_cloth,128,,
item_1xxx,3234,itemName_cloth,128,,
item_1xxx,3235,itemName_cloth,128,,
item_1xxx,3236,itemName_cloth,128,,
item_1xxx,3237,itemName_cloth,129,,
item_1xxx,3238,itemName_cloth,129,,
item_1xxx,3239,itemName_cloth,129,,
item_1xxx,3240,itemName_cloth,129,,
item_1xxx,3241,itemName_cloth,130,,
item_1xxx,3242,itemName_cloth,130,,
item_1xxx,3243,itemName_cloth,130,,
item_1xxx,3244,itemName_cloth,130,,
item_1xxx,3245,itemName_cloth,131,,
item_1xxx,3246,itemName_cloth,131,,
item_1xxx,3247,itemName_cloth,131,,
item_1xxx,3248,itemName_cloth,131,,
item_1xxx,3249,itemName_cloth,132,,
item_1xxx,3250,itemName_cloth,132,,
item_1xxx,3251,itemName_cloth,132,,
item_1xxx,3252,itemName_cloth,132,,
item_1xxx,3253,itemName_cloth,133,,
item_1xxx,3254,itemName_cloth,133,,
item_1xxx,3255,itemName_cloth,133,,
item_1xxx,3256,itemName_cloth,133,,
item_1xxx,3257,itemName_cloth,134,,
item_1xxx,3258,itemName_cloth,134,,
item_1xxx,3259,itemName_cloth,134,,
item_1xxx,3260,itemName_cloth,134,,
item_1xxx,3261,itemName_cloth,135,,
item_1xxx,3262,itemName_cloth,135,,
item_1xxx,3263,itemName_cloth,135,,
item_1xxx,3264,itemName_cloth,135,,
item_1xxx,3265,itemName_cloth,136,,
item_1xxx,3266,itemName_cloth,136,,
item_1xxx,3267,itemName_cloth,136,,
item_1xxx,3268,itemName_cloth,136,,
item_1xxx,3269,itemName_cloth,137,,
item_1xxx,3270,itemName_cloth,137,,
item_1xxx,3271,itemName_cloth,137,,
item_1xxx,3272,itemName_cloth,137,,
item_1xxx,3273,itemName_cloth,138,,
item_1xxx,3274,itemName_cloth,138,,
item_1xxx,3275,itemName_cloth,138,,
item_1xxx,3276,itemName_cloth,138,,
item_1xxx,3277,itemName_cloth,139,,
item_1xxx,3278,itemName_cloth,139,,
item_1xxx,3279,itemName_cloth,139,,
item_1xxx,3280,itemName_cloth,139,,
item_1xxx,3281,itemName_cloth,140,,
item_1xxx,3282,itemName_cloth,140,,
item_1xxx,3283,itemName_cloth,140,,
item_1xxx,3284,itemName_cloth,140,,
item_1xxx,3285,itemName_cloth,141,,
item_1xxx,3286,itemName_cloth,141,,
item_1xxx,3287,itemName_cloth,141,,
item_1xxx,3288,itemName_cloth,141,,
item_1xxx,3289,itemName_cloth,142,,
item_1xxx,3290,itemName_cloth,142,,
item_1xxx,3291,itemName_cloth,142,,
item_1xxx,3292,itemName_cloth,142,,
item_1xxx,3293,itemName_cloth,143,,
item_1xxx,3294,itemName_cloth,143,,
item_1xxx,3295,itemName_cloth,143,,
item_1xxx,3296,itemName_cloth,143,,
item_1xxx,3297,itemName_cloth,144,,
item_1xxx,3298,itemName_cloth,144,,
item_1xxx,3299,itemName_cloth,144,,
item_1xxx,3300,itemName_cloth,144,,
item_1xxx,3301,itemName_cloth,145,,
item_1xxx,3302,itemName_cloth,145,,
item_1xxx,3303,itemName_cloth,145,,
item_1xxx,3304,itemName_cloth,145,,
item_1xxx,3305,itemName_cloth,146,,
item_1xxx,3306,itemName_cloth,146,,
item_1xxx,3307,itemName_cloth,146,,
item_1xxx,3308,itemName_cloth,146,,
item_1xxx,3309,itemName_cloth,147,,
item_1xxx,3310,itemName_cloth,147,,
item_1xxx,3311,itemName_cloth,147,,
item_1xxx,3312,itemName_cloth,147,,
item_1xxx,3313,itemName_cloth,148,,
item_1xxx,3314,itemName_cloth,148,,
item_1xxx,3315,itemName_cloth,148,,
item_1xxx,3316,itemName_cloth,148,,
item_1xxx,3317,itemName_cloth,149,,
item_1xxx,3318,itemName_cloth,149,,
item_1xxx,3319,itemName_cloth,149,,
item_1xxx,3320,itemName_cloth,149,,
item_1xxx,3321,itemName_cloth,150,,
item_1xxx,3322,itemName_cloth,150,,
item_1xxx,3323,itemName_cloth,150,,
item_1xxx,3324,itemName_cloth,150,,
item_1xxx,3325,itemName_cloth,151,,
item_1xxx,3326,itemName_cloth,151,,
item_1xxx,3327,itemName_cloth,151,,
item_1xxx,3328,itemName_cloth,151,,
item_1xxx,3329,itemName_cloth,152,,
item_1xxx,3330,itemName_cloth,152,,
item_1xxx,3331,itemName_cloth,152,,
item_1xxx,3332,itemName_cloth,152,,
item_1xxx,3333,itemName_cloth,153,,
item_1xxx,3334,itemName_cloth,153,,
item_1xxx,3335,itemName_cloth,153,,
item_1xxx,3336,itemName_cloth,153,,
item_1xxx,3337,itemName_cloth,154,,
item_1xxx,3338,itemName_cloth,154,,
item_1xxx,3339,itemName_cloth,154,,
item_1xxx,3340,itemName_cloth,154,,
item_1xxx,3341,itemName_cloth,155,,
item_1xxx,3342,itemName_cloth,155,,
item_1xxx,3343,itemName_cloth,155,,
item_1xxx,3344,itemName_cloth,155,,
item_1xxx,3345,itemName_cloth,156,,
item_1xxx,3346,itemName_cloth,156,,
item_1xxx,3347,itemName_cloth,156,,
item_1xxx,3348,itemName_cloth,156,,
item_1xxx,3349,itemName_cloth,157,,
item_1xxx,3350,itemName_cloth,157,,
item_1xxx,3351,itemName_cloth,157,,
item_1xxx,3352,itemName_cloth,157,,
item_1xxx,3353,itemName_cloth,158,,
item_1xxx,3354,itemName_cloth,158,,
item_1xxx,3355,itemName_cloth,158,,
item_1xxx,3356,itemName_cloth,158,,
item_1xxx,3357,itemName_cloth,159,,
item_1xxx,3358,itemName_cloth,159,,
item_1xxx,3359,itemName_cloth,159,,
item_1xxx,3360,itemName_cloth,159,,
item_1xxx,3361,itemName_cloth,160,,
item_1xxx,3362,itemName_cloth,160,,
item_1xxx,3363,itemName_cloth,160,,
item_1xxx,3364,itemName_cloth,160,,
item_1xxx,3365,itemName_cloth,161,,
item_1xxx,3366,itemName_cloth,161,,
item_1xxx,3367,itemName_cloth,161,,
item_1xxx,3368,itemName_cloth,161,,
item_1xxx,3369,itemName_cloth,162,,
item_1xxx,3370,itemName_cloth,162,,
item_1xxx,3371,itemName_cloth,162,,
item_1xxx,3372,itemName_cloth,162,,
item_1xxx,3373,itemName_cloth,163,,
item_1xxx,3374,itemName_cloth,163,,
item_1xxx,3375,itemName_cloth,163,,
item_1xxx,3376,itemName_cloth,163,,
item_1xxx,3377,itemName_cloth,164,,
item_1xxx,3378,itemName_cloth,164,,
item_1xxx,3379,itemName_cloth,164,,
item_1xxx,3380,itemName_cloth,164,,
item_1xxx,3381,itemName_cloth,165,,
item_1xxx,3382,itemName_cloth,165,,
item_1xxx,3383,itemName_cloth,165,,
item_1xxx,3384,itemName_cloth,165,,
item_1xxx,3385,itemName_cloth,166,,
item_1xxx,3386,itemName_cloth,166,,
item_1xxx,3387,itemName_cloth,166,,
item_1xxx,3388,itemName_cloth,166,,
item_1xxx,3389,itemName_cloth,167,,
item_1xxx,3390,itemName_cloth,167,,
item_1xxx,3391,itemName_cloth,167,,
item_1xxx,3392,itemName_cloth,167,,
item_1xxx,3393,itemName_cloth,168,,
item_1xxx,3394,itemName_cloth,168,,
item_1xxx,3395,itemName_cloth,168,,
item_1xxx,3396,itemName_cloth,168,,
item_1xxx,3397,itemName_cloth,169,,
item_1xxx,3398,itemName_cloth,169,,
item_1xxx,3399,itemName_cloth,169,,
item_1xxx,3400,itemName_cloth,169,,
item_1xxx,3401,itemName_cloth,170,,
item_1xxx,3402,itemName_cloth,170,,
item_1xxx,3403,itemName_cloth,170,,
item_1xxx,3404,itemName_cloth,170,,
item_1xxx,3405,itemName_cloth,171,,
item_1xxx,3406,itemName_cloth,171,,
item_1xxx,3407,itemName_cloth,171,,
item_1xxx,3408,itemName_cloth,171,,
item_1xxx,3409,itemName_cloth,172,,
item_1xxx,3410,itemName_cloth,172,,
item_1xxx,3411,itemName_cloth,172,,
item_1xxx,3412,itemName_cloth,172,,
item_1xxx,3413,itemName_cloth,173,,
item_1xxx,3414,itemName_cloth,173,,
item_1xxx,3415,itemName_cloth,173,,
item_1xxx,3416,itemName_cloth,173,,
item_1xxx,3417,itemName_cloth,174,,
item_1xxx,3418,itemName_cloth,174,,
item_1xxx,3419,itemName_cloth,174,,
item_1xxx,3420,itemName_cloth,174,,
item_1xxx,3421,itemName_cloth,175,,
item_1xxx,3422,itemName_cloth,175,,
item_1xxx,3423,itemName_cloth,175,,
item_1xxx,3424,itemName_cloth,175,,
item_1xxx,3425,itemName_cloth,176,,
item_1xxx,3426,itemName_cloth,176,,
item_1xxx,3427,itemName_cloth,176,,
item_1xxx,3428,itemName_cloth,176,,
item_1xxx,3429,itemName_cloth,177,,
item_1xxx,3430,itemName_cloth,177,,
item_1xxx,3431,itemName_cloth,177,,
item_1xxx,3432,itemName_cloth,177,,
item_1xxx,3433,itemName_cloth,178,,
item_1xxx,3434,itemName_cloth,178,,
item_1xxx,3435,itemName_cloth,178,,
item_1xxx,3436,itemName_cloth,178,,
item_1xxx,3437,itemName_cloth,179,,
item_1xxx,3438,itemName_cloth,179,,
item_1xxx,3439,itemName_cloth,179,,
item_1xxx,3440,itemName_cloth,179,,
item_1xxx,3441,itemName_cloth,180,,
item_1xxx,3442,itemName_cloth,180,,
item_1xxx,3443,itemName_cloth,180,,
item_1xxx,3444,itemName_cloth,180,,
item_1xxx,3445,itemName_cloth,181,,
item_1xxx,3446,itemName_cloth,181,,
item_1xxx,3447,itemName_cloth,181,,
item_1xxx,3448,itemName_cloth,181,,
item_1xxx,3449,itemName_cloth,182,,
item_1xxx,3450,itemName_cloth,182,,
item_1xxx,3451,itemName_cloth,182,,
item_1xxx,3452,itemName_cloth,182,,
item_1xxx,3453,itemName_cloth,183,,
item_1xxx,3454,itemName_cloth,183,,
item_1xxx,3455,itemName_cloth,183,,
item_1xxx,3456,itemName_cloth,183,,
item_1xxx,3457,itemName_cloth,184,,
item_1xxx,3458,itemName_cloth,184,,
item_1xxx,3459,itemName_cloth,184,,
item_1xxx,3460,itemName_cloth,184,,
item_1xxx,3461,itemName_cloth,185,,
item_1xxx,3462,itemName_cloth,185,,
item_1xxx,3463,itemName_cloth,185,,
item_1xxx,3464,itemName_cloth,185,,
item_1xxx,3465,itemName_cloth,186,,
item_1xxx,3466,itemName_cloth,186,,
item_1xxx,3467,itemName_cloth,186,,
item_1xxx,3468,itemName_cloth,186,,
item_1xxx,3469,itemName_cloth,187,,
item_1xxx,3470,itemName_cloth,187,,
item_1xxx,3471,itemName_cloth,187,,
item_1xxx,3472,itemName_cloth,187,,
item_1xxx,3473,itemName_cloth,188,,
item_1xxx,3474,itemName_cloth,188,,
item_1xxx,3475,itemName_cloth,188,,
item_1xxx,3476,itemName_cloth,188,,
item_1xxx,3477,itemName_cloth,189,,
item_1xxx,3478,itemName_cloth,189,,
item_1xxx,3479,itemName_cloth,189,,
item_1xxx,3480,itemName_cloth,189,,
item_1xxx,3481,itemName_cloth,190,,
item_1xxx,3482,itemName_cloth,190,,
item_1xxx,3483,itemName_cloth,190,,
item_1xxx,3484,itemName_cloth,190,,
item_1xxx,3485,itemName_cloth,191,,
item_1xxx,3486,itemName_cloth,191,,
item_1xxx,3487,itemName_cloth,191,,
item_1xxx,3488,itemName_cloth,191,,
item_1xxx,3489,itemName_cloth,192,,
item_1xxx,3490,itemName_cloth,192,,
item_1xxx,3491,itemName_cloth,192,,
item_1xxx,3492,itemName_cloth,192,,
item_1xxx,3493,itemName_cloth,193,,
item_1xxx,3494,itemName_cloth,193,,
item_1xxx,3495,itemName_cloth,193,,
item_1xxx,3496,itemName_cloth,193,,
item_1xxx,3497,itemName_cloth,194,,
item_1xxx,3498,itemName_cloth,194,,
item_1xxx,3499,itemName_cloth,194,,
item_1xxx,3500,itemName_cloth,194,,
item_1xxx,3501,itemName_cloth,195,,
item_1xxx,3502,itemName_cloth,195,,
item_1xxx,3503,itemName_cloth,195,,
item_1xxx,3504,itemName_cloth,195,,
item_1xxx,3505,itemName_cloth,196,,
item_1xxx,3506,itemName_cloth,196,,
item_1xxx,3507,itemName_cloth,196,,
item_1xxx,3508,itemName_cloth,196,,
item_1xxx,3509,itemName_cloth,197,,
item_1xxx,3510,itemName_cloth,197,,
item_1xxx,3511,itemName_cloth,197,,
item_1xxx,3512,itemName_cloth,197,,
item_1xxx,3513,itemName_cloth,198,,
item_1xxx,3514,itemName_cloth,198,,
item_1xxx,3515,itemName_cloth,198,,
item_1xxx,3516,itemName_cloth,198,,
item_1xxx,3517,itemName_cloth,199,,
item_1xxx,3518,itemName_cloth,199,,
item_1xxx,3519,itemName_cloth,199,,
item_1xxx,3520,itemName_cloth,199,,
item_1xxx,3521,itemName_cloth,200,,
item_1xxx,3522,itemName_cloth,200,,
item_1xxx,3523,itemName_cloth,200,,
item_1xxx,3524,itemName_cloth,200,,
item_1xxx,3525,itemName_cloth,201,,
item_1xxx,3526,itemName_cloth,201,,
item_1xxx,3527,itemName_cloth,201,,
item_1xxx,3528,itemName_cloth,201,,
item_1xxx,3529,itemName_cloth,202,,
item_1xxx,3530,itemName_cloth,202,,
item_1xxx,3531,itemName_cloth,202,,
item_1xxx,3532,itemName_cloth,202,,
item_1xxx,3533,itemName_cloth,203,,
item_1xxx,3534,itemName_cloth,203,,
item_1xxx,3535,itemName_cloth,203,,
item_1xxx,3536,itemName_cloth,203,,
item_1xxx,3537,itemName_cloth,204,,
item_1xxx,3538,itemName_cloth,204,,
item_1xxx,3539,itemName_cloth,204,,
item_1xxx,3540,itemName_cloth,204,,
item_1xxx,3541,itemName_cloth,205,,
item_1xxx,3542,itemName_cloth,205,,
item_1xxx,3543,itemName_cloth,205,,
item_1xxx,3544,itemName_cloth,205,,
item_1xxx,3545,itemName_cloth,206,,
item_1xxx,3546,itemName_cloth,206,,
item_1xxx,3547,itemName_cloth,206,,
item_1xxx,3548,itemName_cloth,206,,
item_1xxx,3549,itemName_cloth,207,,
item_1xxx,3550,itemName_cloth,207,,
item_1xxx,3551,itemName_cloth,207,,
item_1xxx,3552,itemName_cloth,207,,
item_1xxx,3553,itemName_cloth,208,,
item_1xxx,3554,itemName_cloth,208,,
item_1xxx,3555,itemName_cloth,208,,
item_1xxx,3556,itemName_cloth,208,,
item_1xxx,3557,itemName_cloth,209,,
item_1xxx,3558,itemName_cloth,209,,
item_1xxx,3559,itemName_cloth,209,,
item_1xxx,3560,itemName_cloth,209,,
item_1xxx,3561,itemName_cloth,210,,
item_1xxx,3562,itemName_cloth,210,,
item_1xxx,3563,itemName_cloth,210,,
item_1xxx,3564,itemName_cloth,210,,
item_1xxx,3565,itemName_cloth,211,,
item_1xxx,3566,itemName_cloth,211,,
item_1xxx,3567,itemName_cloth,211,,
item_1xxx,3568,itemName_cloth,211,,
item_1xxx,3569,itemName_cloth,212,,
item_1xxx,3570,itemName_cloth,212,,
item_1xxx,3571,itemName_cloth,212,,
item_1xxx,3572,itemName_cloth,212,,
item_1xxx,3573,itemName_cloth,213,,
item_1xxx,3574,itemName_cloth,213,,
item_1xxx,3575,itemName_cloth,213,,
item_1xxx,3576,itemName_cloth,213,,
item_1xxx,3577,itemName_cloth,214,,
item_1xxx,3578,itemName_cloth,214,,
item_1xxx,3579,itemName_cloth,214,,
item_1xxx,3580,itemName_cloth,214,,
item_1xxx,3581,itemName_cloth,215,,
item_1xxx,3582,itemName_cloth,215,,
item_1xxx,3583,itemName_cloth,215,,
item_1xxx,3584,itemName_cloth,215,,
item_1xxx,3585,itemName_cloth,216,,
item_1xxx,3586,itemName_cloth,216,,
item_1xxx,3587,itemName_cloth,216,,
item_1xxx,3588,itemName_cloth,216,,
item_1xxx,3589,itemName_cloth,217,,
item_1xxx,3590,itemName_cloth,217,,
item_1xxx,3591,itemName_cloth,217,,
item_1xxx,3592,itemName_cloth,217,,
item_1xxx,3593,itemName_cloth,218,,
item_1xxx,3594,itemName_cloth,218,,
item_1xxx,3595,itemName_cloth,218,,
item_1xxx,3596,itemName_cloth,218,,
item_1xxx,3597,itemName_cloth,219,,
item_1xxx,3598,itemName_cloth,219,,
item_1xxx,3599,itemName_cloth,219,,
item_1xxx,3600,itemName_cloth,219,,
item_1xxx,3601,itemName_cloth,220,,
item_1xxx,3602,itemName_cloth,220,,
item_1xxx,3603,itemName_cloth,220,,
item_1xxx,3604,itemName_cloth,220,,
item_1xxx,3605,itemName_cloth,221,,
item_1xxx,3606,itemName_cloth,221,,
item_1xxx,3607,itemName_cloth,221,,
item_1xxx,3608,itemName_cloth,221,,
item_1xxx,3609,itemName_cloth,222,,
item_1xxx,3610,itemName_cloth,222,,
item_1xxx,3611,itemName_cloth,222,,
item_1xxx,3612,itemName_cloth,222,,
item_1xxx,3613,itemName_cloth,223,,
item_1xxx,3614,itemName_cloth,223,,
item_1xxx,3615,itemName_cloth,223,,
item_1xxx,3616,itemName_cloth,223,,
item_1xxx,3617,itemName_cloth,224,,
item_1xxx,3618,itemName_cloth,224,,
item_1xxx,3619,itemName_cloth,224,,
item_1xxx,3620,itemName_cloth,224,,
item_1xxx,3621,itemName_cloth,225,,
item_1xxx,3622,itemName_cloth,225,,
item_1xxx,3623,itemName_cloth,225,,
item_1xxx,3624,itemName_cloth,225,,
item_1xxx,3625,itemName_cloth,226,,
item_1xxx,3626,itemName_cloth,226,,
item_1xxx,3627,itemName_cloth,226,,
item_1xxx,3628,itemName_cloth,226,,
item_1xxx,3629,itemName_cloth,227,,
item_1xxx,3630,itemName_cloth,227,,
item_1xxx,3631,itemName_cloth,227,,
item_1xxx,3632,itemName_cloth,227,,
item_1xxx,3633,itemName_cloth,228,,
item_1xxx,3634,itemName_cloth,228,,
item_1xxx,3635,itemName_cloth,228,,
item_1xxx,3636,itemName_cloth,228,,
item_1xxx,3637,itemName_cloth,229,,
item_1xxx,3638,itemName_cloth,229,,
item_1xxx,3639,itemName_cloth,229,,
item_1xxx,3640,itemName_cloth,229,,
item_1xxx,3641,itemName_cloth,230,,
item_1xxx,3642,itemName_cloth,230,,
item_1xxx,3643,itemName_cloth,230,,
item_1xxx,3644,itemName_cloth,230,,
item_1xxx,3645,itemName_cloth,231,,
item_1xxx,3646,itemName_cloth,231,,
item_1xxx,3647,itemName_cloth,231,,
item_1xxx,3648,itemName_cloth,231,,
item_1xxx,3649,itemName_cloth,232,,
item_1xxx,3650,itemName_cloth,232,,
item_1xxx,3651,itemName_cloth,232,,
item_1xxx,3652,itemName_cloth,232,,
item_1xxx,3653,itemName_cloth,233,,
item_1xxx,3654,itemName_cloth,233,,
item_1xxx,3655,itemName_cloth,233,,
item_1xxx,3656,itemName_cloth,233,,
item_1xxx,3657,itemName_cloth,234,,
item_1xxx,3658,itemName_cloth,234,,
item_1xxx,3659,itemName_cloth,234,,
item_1xxx,3660,itemName_cloth,234,,
item_1xxx,3661,itemName_cloth,235,,
item_1xxx,3662,itemName_cloth,235,,
item_1xxx,3663,itemName_cloth,235,,
item_1xxx,3664,itemName_cloth,235,,
item_1xxx,3665,itemName_cloth,236,,
item_1xxx,3666,itemName_cloth,236,,
item_1xxx,3667,itemName_cloth,236,,
item_1xxx,3668,itemName_cloth,236,,
item_1xxx,3669,itemName_cloth,237,,
item_1xxx,3670,itemName_cloth,237,,
item_1xxx,3671,itemName_cloth,237,,
item_1xxx,3672,itemName_cloth,237,,
item_1xxx,3673,itemName_cloth,238,,
item_1xxx,3674,itemName_cloth,238,,
item_1xxx,3675,itemName_cloth,238,,
item_1xxx,3676,itemName_cloth,238,,
item_1xxx,3677,itemName_cloth,239,,
item_1xxx,3678,itemName_cloth,239,,
item_1xxx,3679,itemName_cloth,239,,
item_1xxx,3680,itemName_cloth,239,,
item_1xxx,3681,itemName_cloth,240,,
item_1xxx,3682,itemName_cloth,240,,
item_1xxx,3683,itemName_cloth,240,,
item_1xxx,3684,itemName_cloth,240,,
item_1xxx,3685,itemName_cloth,241,,
item_1xxx,3686,itemName_cloth,241,,
item_1xxx,3687,itemName_cloth,241,,
item_1xxx,3688,itemName_cloth,241,,
item_1xxx,3689,itemName_cloth,242,,
item_1xxx,3690,itemName_cloth,242,,
item_1xxx,3691,itemName_cloth,242,,
item_1xxx,3692,itemName_cloth,242,,
item_1xxx,3693,itemName_cloth,243,,
item_1xxx,3694,itemName_cloth,243,,
item_1xxx,3695,itemName_cloth,243,,
item_1xxx,3696,itemName_cloth,243,,
item_1xxx,3697,itemName_cloth,244,,
item_1xxx,3698,itemName_cloth,244,,
item_1xxx,3699,itemName_cloth,244,,
item_1xxx,3700,itemName_cloth,244,,
item_1xxx,3701,itemName_cloth,245,,
item_1xxx,3702,itemName_cloth,245,,
item_1xxx,3703,itemName_cloth,245,,
item_1xxx,3704,itemName_cloth,245,,
item_1xxx,3705,itemName_cloth,246,,
item_1xxx,3706,itemName_cloth,246,,
item_1xxx,3707,itemName_cloth,246,,
item_1xxx,3708,itemName_cloth,246,,
item_1xxx,3709,itemName_cloth,247,,
item_1xxx,3710,itemName_cloth,247,,
item_1xxx,3711,itemName_cloth,247,,
item_1xxx,3712,itemName_cloth,247,,
item_1xxx,3713,itemName_cloth,248,,
item_1xxx,3714,itemName_cloth,248,,
item_1xxx,3715,itemName_cloth,248,,
item_1xxx,3716,itemName_cloth,248,,
item_1xxx,3717,itemName_cloth,249,,
item_1xxx,3718,itemName_cloth,249,,
item_1xxx,3719,itemName_cloth,249,,
item_1xxx,3720,itemName_cloth,249,,
item_1xxx,3721,itemName_cloth,250,,
item_1xxx,3722,itemName_cloth,250,,
item_1xxx,3723,itemName_cloth,250,,
item_1xxx,3724,itemName_cloth,250,,
item_1xxx,3725,itemName_cloth,251,,
item_1xxx,3726,itemName_cloth,251,,
item_1xxx,3727,itemName_cloth,251,,
item_1xxx,3728,itemName_cloth,251,,
item_1xxx,3729,itemName_cloth,252,,
item_1xxx,3730,itemName_cloth,252,,
item_1xxx,3731,itemName_cloth,252,,
item_1xxx,3732,itemName_cloth,252,,
item_1xxx,3733,itemName_cloth,253,,
item_1xxx,3734,itemName_cloth,253,,
item_1xxx,3735,itemName_cloth,253,,
item_1xxx,3736,itemName_cloth,253,,
item_1xxx,3737,itemName_cloth,254,,
item_1xxx,3738,itemName_cloth,254,,
item_1xxx,3739,itemName_cloth,254,,
item_1xxx,3740,itemName_cloth,254,,
item_1xxx,3741,itemName_insect,0,,
item_1xxx,3742,itemName_insect,0,,
item_1xxx,3743,itemName_insect,0,,
item_1xxx,3744,itemName_insect,0,,
item_1xxx,3745,itemName_insect,1,,
item_1xxx,3746,itemName_insect,1,,
item_1xxx,3747,itemName_insect,1,,
item_1xxx,3748,itemName_insect,1,,
item_1xxx,3749,itemName_insect,2,,
item_1xxx,3750,itemName_insect,2,,
item_1xxx,3751,itemName_insect,2,,
item_1xxx,3752,itemName_insect,2,,
item_1xxx,3753,itemName_insect,3,,
item_1xxx,3754,itemName_insect,3,,
item_1xxx,3755,itemName_insect,3,,
item_1xxx,3756,itemName_insect,3,,
item_1xxx,3757,itemName_insect,4,,
item_1xxx,3758,itemName_insect,4,,
item_1xxx,3759,itemName_insect,4,,
item_1xxx,3760,itemName_insect,4,,
item_1xxx,3761,itemName_insect,5,,
item_1xxx,3762,itemName_insect,5,,
item_1xxx,3763,itemName_insect,5,,
item_1xxx,3764,itemName_insect,5,,
item_1xxx,3765,itemName_insect,6,,
item_1xxx,3766,itemName_insect,6,,
item_1xxx,3767,itemName_insect,6,,
item_1xxx,3768,itemName_insect,6,,
item_1xxx,3769,itemName_insect,7,,
item_1xxx,3770,itemName_insect,7,,
item_1xxx,3771,itemName_insect,7,,
item_1xxx,3772,itemName_insect,7,,
item_1xxx,3773,itemName_insect,8,,
item_1xxx,3774,itemName_insect,8,,
item_1xxx,3775,itemName_insect,8,,
item_1xxx,3776,itemName_insect,8,,
item_1xxx,3777,itemName_insect,9,,
item_1xxx,3778,itemName_insect,9,,
item_1xxx,3779,itemName_insect,9,,
item_1xxx,3780,itemName_insect,9,,
item_1xxx,3781,itemName_insect,10,,
item_1xxx,3782,itemName_insect,10,,
item_1xxx,3783,itemName_insect,10,,
item_1xxx,3784,itemName_insect,10,,
item_1xxx,3785,itemName_insect,11,,
item_1xxx,3786,itemName_insect,11,,
item_1xxx,3787,itemName_insect,11,,
item_1xxx,3788,itemName_insect,11,,
item_1xxx,3789,itemName_insect,12,,
item_1xxx,3790,itemName_insect,12,,
item_1xxx,3791,itemName_insect,12,,
item_1xxx,3792,itemName_insect,12,,
item_1xxx,3793,itemName_insect,13,,
item_1xxx,3794,itemName_insect,13,,
item_1xxx,3795,itemName_insect,13,,
item_1xxx,3796,itemName_insect,13,,
item_1xxx,3797,itemName_insect,14,,
item_1xxx,3798,itemName_insect,14,,
item_1xxx,3799,itemName_insect,14,,
item_1xxx,3800,itemName_insect,14,,
item_1xxx,3801,itemName_insect,15,,
item_1xxx,3802,itemName_insect,15,,
item_1xxx,3803,itemName_insect,15,,
item_1xxx,3804,itemName_insect,15,,
item_1xxx,3805,itemName_insect,16,,
item_1xxx,3806,itemName_insect,16,,
item_1xxx,3807,itemName_insect,16,,
item_1xxx,3808,itemName_insect,16,,
item_1xxx,3809,itemName_insect,17,,
item_1xxx,3810,itemName_insect,17,,
item_1xxx,3811,itemName_insect,17,,
item_1xxx,3812,itemName_insect,17,,
item_1xxx,3813,itemName_insect,18,,
item_1xxx,3814,itemName_insect,18,,
item_1xxx,3815,itemName_insect,18,,
item_1xxx,3816,itemName_insect,18,,
item_1xxx,3817,itemName_insect,19,,
item_1xxx,3818,itemName_insect,19,,
item_1xxx,3819,itemName_insect,19,,
item_1xxx,3820,itemName_insect,19,,
item_1xxx,3821,itemName_insect,20,,
item_1xxx,3822,itemName_insect,20,,
item_1xxx,3823,itemName_insect,20,,
item_1xxx,3824,itemName_insect,20,,
item_1xxx,3825,itemName_insect,21,,
item_1xxx,3826,itemName_insect,21,,
item_1xxx,3827,itemName_insect,21,,
item_1xxx,3828,itemName_insect,21,,
item_1xxx,3829,itemName_insect,22,,
item_1xxx,3830,itemName_insect,22,,
item_1xxx,3831,itemName_insect,22,,
item_1xxx,3832,itemName_insect,22,,
item_1xxx,3833,itemName_insect,23,,
item_1xxx,3834,itemName_insect,23,,
item_1xxx,3835,itemName_insect,23,,
item_1xxx,3836,itemName_insect,23,,
item_1xxx,3837,itemName_insect,24,,
item_1xxx,3838,itemName_insect,24,,
item_1xxx,3839,itemName_insect,24,,
item_1xxx,3840,itemName_insect,24,,
item_1xxx,3841,itemName_insect,25,,
item_1xxx,3842,itemName_insect,25,,
item_1xxx,3843,itemName_insect,25,,
item_1xxx,3844,itemName_insect,25,,
item_1xxx,3845,itemName_insect,26,,
item_1xxx,3846,itemName_insect,26,,
item_1xxx,3847,itemName_insect,26,,
item_1xxx,3848,itemName_insect,26,,
item_1xxx,3849,itemName_insect,27,,
item_1xxx,3850,itemName_insect,27,,
item_1xxx,3851,itemName_insect,27,,
item_1xxx,3852,itemName_insect,27,,
item_1xxx,3853,itemName_insect,28,,
item_1xxx,3854,itemName_insect,28,,
item_1xxx,3855,itemName_insect,28,,
item_1xxx,3856,itemName_insect,28,,
item_1xxx,3857,itemName_insect,29,,
item_1xxx,3858,itemName_insect,29,,
item_1xxx,3859,itemName_insect,29,,
item_1xxx,3860,itemName_insect,29,,
item_1xxx,3861,itemName_insect,30,,
item_1xxx,3862,itemName_insect,30,,
item_1xxx,3863,itemName_insect,30,,
item_1xxx,3864,itemName_insect,30,,
item_1xxx,3865,itemName_insect,31,,
item_1xxx,3866,itemName_insect,31,,
item_1xxx,3867,itemName_insect,31,,
item_1xxx,3868,itemName_insect,31,,
item_1xxx,3869,itemName_fish,0,,
item_1xxx,3870,itemName_fish,0,,
item_1xxx,3871,itemName_fish,0,,
item_1xxx,3872,itemName_fish,0,,
item_1xxx,3873,itemName_fish,1,,
item_1xxx,3874,itemName_fish,1,,
item_1xxx,3875,itemName_fish,1,,
item_1xxx,3876,itemName_fish,1,,
item_1xxx,3877,itemName_fish,2,,
item_1xxx,3878,itemName_fish,2,,
item_1xxx,3879,itemName_fish,2,,
item_1xxx,3880,itemName_fish,2,,
item_1xxx,3881,itemName_fish,3,,
item_1xxx,3882,itemName_fish,3,,
item_1xxx,3883,itemName_fish,3,,
item_1xxx,3884,itemName_fish,3,,
item_1xxx,3885,itemName_fish,4,,
item_1xxx,3886,itemName_fish,4,,
item_1xxx,3887,itemName_fish,4,,
item_1xxx,3888,itemName_fish,4,,
item_1xxx,3889,itemName_fish,5,,
item_1xxx,3890,itemName_fish,5,,
item_1xxx,3891,itemName_fish,5,,
item_1xxx,3892,itemName_fish,5,,
item_1xxx,3893,itemName_fish,6,,
item_1xxx,3894,itemName_fish,6,,
item_1xxx,3895,itemName_fish,6,,
item_1xxx,3896,itemName_fish,6,,
item_1xxx,3897,itemName_fish,7,,
item_1xxx,3898,itemName_fish,7,,
item_1xxx,3899,itemName_fish,7,,
item_1xxx,3900,itemName_fish,7,,
item_1xxx,3901,itemName_fish,8,,
item_1xxx,3902,itemName_fish,8,,
item_1xxx,3903,itemName_fish,8,,
item_1xxx,3904,itemName_fish,8,,
item_1xxx,3905,itemName_fish,9,,
item_1xxx,3906,itemName_fish,9,,
item_1xxx,3907,itemName_fish,9,,
item_1xxx,3908,itemName_fish,9,,
item_1xxx,3909,itemName_fish,10,,
item_1xxx,3910,itemName_fish,10,,
item_1xxx,3911,itemName_fish,10,,
item_1xxx,3912,itemName_fish,10,,
item_1xxx,3913,itemName_fish,11,,
item_1xxx,3914,itemName_fish,11,,
item_1xxx,3915,itemName_fish,11,,
item_1xxx,3916,itemName_fish,11,,
item_1xxx,3917,itemName_fish,12,,
item_1xxx,3918,itemName_fish,12,,
item_1xxx,3919,itemName_fish,12,,
item_1xxx,3920,itemName_fish,12,,
item_1xxx,3921,itemName_fish,13,,
item_1xxx,3922,itemName_fish,13,,
item_1xxx,3923,itemName_fish,13,,
item_1xxx,3924,itemName_fish,13,,
item_1xxx,3925,itemName_fish,14,,
item_1xxx,3926,itemName_fish,14,,
item_1xxx,3927,itemName_fish,14,,
item_1xxx,3928,itemName_fish,14,,
item_1xxx,3929,itemName_fish,15,,
item_1xxx,3930,itemName_fish,15,,
item_1xxx,3931,itemName_fish,15,,
item_1xxx,3932,itemName_fish,15,,
item_1xxx,3933,itemName_fish,16,,
item_1xxx,3934,itemName_fish,16,,
item_1xxx,3935,itemName_fish,16,,
item_1xxx,3936,itemName_fish,16,,
item_1xxx,3937,itemName_fish,17,,
item_1xxx,3938,itemName_fish,17,,
item_1xxx,3939,itemName_fish,17,,
item_1xxx,3940,itemName_fish,17,,
item_1xxx,3941,itemName_fish,18,,
item_1xxx,3942,itemName_fish,18,,
item_1xxx,3943,itemName_fish,18,,
item_1xxx,3944,itemName_fish,18,,
item_1xxx,3945,itemName_fish,19,,
item_1xxx,3946,itemName_fish,19,,
item_1xxx,3947,itemName_fish,19,,
item_1xxx,3948,itemName_fish,19,,
item_1xxx,3949,itemName_fish,20,,
item_1xxx,3950,itemName_fish,20,,
item_1xxx,3951,itemName_fish,20,,
item_1xxx,3952,itemName_fish,20,,
item_1xxx,3953,itemName_fish,21,,
item_1xxx,3954,itemName_fish,21,,
item_1xxx,3955,itemName_fish,21,,
item_1xxx,3956,itemName_fish,21,,
item_1xxx,3957,itemName_fish,22,,
item_1xxx,3958,itemName_fish,22,,
item_1xxx,3959,itemName_fish,22,,
item_1xxx,3960,itemName_fish,22,,
item_1xxx,3961,itemName_fish,23,,
item_1xxx,3962,itemName_fish,23,,
item_1xxx,3963,itemName_fish,23,,
item_1xxx,3964,itemName_fish,23,,
item_1xxx,3965,itemName_fish,24,,
item_1xxx,3966,itemName_fish,24,,
item_1xxx,3967,itemName_fish,24,,
item_1xxx,3968,itemName_fish,24,,
item_1xxx,3969,itemName_fish,25,,
item_1xxx,3970,itemName_fish,25,,
item_1xxx,3971,itemName_fish,25,,
item_1xxx,3972,itemName_fish,25,,
item_1xxx,3973,itemName_fish,26,,
item_1xxx,3974,itemName_fish,26,,
item_1xxx,3975,itemName_fish,26,,
item_1xxx,3976,itemName_fish,26,,
item_1xxx,3977,itemName_fish,27,,
item_1xxx,3978,itemName_fish,27,,
item_1xxx,3979,itemName_fish,27,,
item_1xxx,3980,itemName_fish,27,,
item_1xxx,3981,itemName_fish,28,,
item_1xxx,3982,itemName_fish,28,,
item_1xxx,3983,itemName_fish,28,,
item_1xxx,3984,itemName_fish,28,,
item_1xxx,3985,itemName_fish,29,,
item_1xxx,3986,itemName_fish,29,,
item_1xxx,3987,itemName_fish,29,,
item_1xxx,3988,itemName_fish,29,,
item_1xxx,3989,itemName_fish,30,,
item_1xxx,3990,itemName_fish,30,,
item_1xxx,3991,itemName_fish,30,,
item_1xxx,3992,itemName_fish,30,,
item_1xxx,3993,itemName_fish,31,,
item_1xxx,3994,itemName_fish,31,,
item_1xxx,3995,itemName_fish,31,,
item_1xxx,3996,itemName_fish,31,,
item_1xxx,3997,itemName_tool,4,,
item_1xxx,3998,itemName_tool,4,,
item_1xxx,3999,itemName_tool,4,,
item_1xxx,4000,itemName_tool,4,,
item_1xxx,4001,itemName_tool,5,,
item_1xxx,4002,itemName_tool,5,,
item_1xxx,4003,itemName_tool,5,,
item_1xxx,4004,itemName_tool,5,,
item_1xxx,4005,itemName_tool,6,,
item_1xxx,4006,itemName_tool,6,,
item_1xxx,4007,itemName_tool,6,,
item_1xxx,4008,itemName_tool,6,,
item_1xxx,4009,itemName_tool,7,,
item_1xxx,4010,itemName_tool,7,,
item_1xxx,4011,itemName_tool,7,,
item_1xxx,4012,itemName_tool,7,,
item_1xxx,4013,itemName_tool,8,,
item_1xxx,4014,itemName_tool,8,,
item_1xxx,4015,itemName_tool,8,,
item_1xxx,4016,itemName_tool,8,,
item_1xxx,4017,itemName_tool,9,,
item_1xxx,4018,itemName_tool,9,,
item_1xxx,4019,itemName_tool,9,,
item_1xxx,4020,itemName_tool,9,,
item_1xxx,4021,itemName_tool,10,,
item_1xxx,4022,itemName_tool,10,,
item_1xxx,4023,itemName_tool,10,,
item_1xxx,4024,itemName_tool,10,,
item_1xxx,4025,itemName_tool,11,,
item_1xxx,4026,itemName_tool,11,,
item_1xxx,4027,itemName_tool,11,,
item_1xxx,4028,itemName_tool,11,,
item_1xxx,4029,itemName_tool,12,,
item_1xxx,4030,itemName_tool,12,,
item_1xxx,4031,itemName_tool,12,,
item_1xxx,4032,itemName_tool,12,,
item_1xxx,4033,itemName_tool,13,,
item_1xxx,4034,itemName_tool,13,,
item_1xxx,4035,itemName_tool,13,,
item_1xxx,4036,itemName_tool,13,,
item_1xxx,4037,itemName_tool,14,,
item_1xxx,4038,itemName_tool,14,,
item_1xxx,4039,itemName_tool,14,,
item_1xxx,4040,itemName_tool,14,,
item_1xxx,4041,itemName_tool,15,,
item_1xxx,4042,itemName_tool,15,,
item_1xxx,4043,itemName_tool,15,,
item_1xxx,4044,itemName_tool,15,,
item_1xxx,4045,itemName_tool,16,,
item_1xxx,4046,itemName_tool,16,,
item_1xxx,4047,itemName_tool,16,,
item_1xxx,4048,itemName_tool,16,,
item_1xxx,4049,itemName_tool,17,,
item_1xxx,4050,itemName_tool,17,,
item_1xxx,4051,itemName_tool,17,,
item_1xxx,4052,itemName_tool,17,,
item_1xxx,4053,itemName_tool,18,,
item_1xxx,4054,itemName_tool,18,,
item_1xxx,4055,itemName_tool,18,,
item_1xxx,4056,itemName_tool,18,,
item_1xxx,4057,itemName_tool,19,,
item_1xxx,4058,itemName_tool,19,,
item_1xxx,4059,itemName_tool,19,,
item_1xxx,4060,itemName_tool,19,,
item_1xxx,4061,itemName_tool,20,,
item_1xxx,4062,itemName_tool,20,,
item_1xxx,4063,itemName_tool,20,,
item_1xxx,4064,itemName_tool,20,,
item_1xxx,4065,itemName_tool,21,,
item_1xxx,4066,itemName_tool,21,,
item_1xxx,4067,itemName_tool,21,,
item_1xxx,4068,itemName_tool,21,,
item_1xxx,4069,itemName_tool,22,,
item_1xxx,4070,itemName_tool,22,,
item_1xxx,4071,itemName_tool,22,,
item_1xxx,4072,itemName_tool,22,,
item_1xxx,4073,itemName_tool,23,,
item_1xxx,4074,itemName_tool,23,,
item_1xxx,4075,itemName_tool,23,,
item_1xxx,4076,itemName_tool,23,,
item_1xxx,4077,itemName_tool,24,,
item_1xxx,4078,itemName_tool,24,,
item_1xxx,4079,itemName_tool,24,,
item_1xxx,4080,itemName_tool,24,,
item_1xxx,4081,itemName_tool,25,,
item_1xxx,4082,itemName_tool,25,,
item_1xxx,4083,itemName_tool,25,,
item_1xxx,4084,itemName_tool,25,,
item_1xxx,4085,itemName_tool,26,,
item_1xxx,4086,itemName_tool,26,,
item_1xxx,4087,itemName_tool,26,,
item_1xxx,4088,itemName_tool,26,,
item_1xxx,4089,itemName_tool,27,,
item_1xxx,4090,itemName_tool,27,,
item_1xxx,4091,itemName_tool,27,,
item_1xxx,4092,itemName_tool,27,,
item_1xxx,4093,itemName_tool,28,,
item_1xxx,4094,itemName_tool,28,,
item_1xxx,4095,itemName_tool,28,,
item_1xxx,4096,itemName_tool,28,,
item_1xxx,4097,itemName_tool,29,,
item_1xxx,4098,itemName_tool,29,,
item_1xxx,4099,itemName_tool,29,,
item_1xxx,4100,itemName_tool,29,,
item_1xxx,4101,itemName_tool,30,,
item_1xxx,4102,itemName_tool,30,,
item_1xxx,4103,itemName_tool,30,,
item_1xxx,4104,itemName_tool,30,,
item_1xxx,4105,itemName_tool,31,,
item_1xxx,4106,itemName_tool,31,,
item_1xxx,4107,itemName_tool,31,,
item_1xxx,4108,itemName_tool,31,,
item_1xxx,4109,itemName_tool,32,,
item_1xxx,4110,itemName_tool,32,,
item_1xxx,4111,itemName_tool,32,,
item_1xxx,4112,itemName_tool,32,,
item_1xxx,4113,itemName_tool,33,,
item_1xxx,4114,itemName_tool,33,,
item_1xxx,4115,itemName_tool,33,,
item_1xxx,4116,itemName_tool,33,,
item_1xxx,4117,itemName_tool,34,,
item_1xxx,4118,itemName_tool,34,,
item_1xxx,4119,itemName_tool,34,,
item_1xxx,4120,itemName_tool,34,,
item_1xxx,4121,itemName_tool,35,,
item_1xxx,4122,itemName_tool,35,,
item_1xxx,4123,itemName_tool,35,,
item_1xxx,4124,itemName_tool,35,,
item_1xxx,4125,,,,
item_1xxx,4126,,,,
item_1xxx,4127,,,,
item_1xxx,4128,,,,
item_1xxx,4129,,,,
item_1xxx,4130,,,,
item_1xxx,4131,,,,
item_1xxx,4132,,,,
item_1xxx,4133,,,,
item_1xxx,4134,,,,
item_1xxx,4135,,,,
item_1xxx,4136,,,,
item_1xxx,4137,,,,
item_1xxx,4138,,,,
item_1xxx,4139,,,,
item_1xxx,4140,,,,
item_1xxx,4141,,,,
item_1xxx,4142,,,,
item_1xxx,4143,,,,
item_1xxx,4144,,,,
item_1xxx,4145,,,,
item_1xxx,4146,,,,
item_1xxx,4147,,,,
item_1xxx,4148,,,,
item_1xxx,4149,,,,
item_1xxx,4150,,,,
item_1xxx,4151,,,,
item_1xxx,4152,,,,
item_1xxx,4153,,,,
item_1xxx,4154,,,,
item_1xxx,4155,,,,
item_1xxx,4156,,,,
item_1xxx,4157,ftrName2_table,0,,
item_1xxx,4158,ftrName2_table,0,,
item_1xxx,4159,ftrName2_table,0,,
item_1xxx,4160,ftrName2_table,0,,
item_1xxx,4161,ftrName2_table,1,,
item_1xxx,4162,ftrName2_table,1,,
item_1xxx,4163,ftrName2_table,1,,
item_1xxx,4164,ftrName2_table,1,,
item_1xxx,4165,ftrName2_table,2,,
item_1xxx,4166,ftrName2_table,2,,
item_1xxx,4167,ftrName2_table,2,,
item_1xxx,4168,ftrName2_table,2,,
item_1xxx,4169,ftrName2_table,3,,
item_1xxx,4170,ftrName2_table,3,,
item_1xxx,4171,ftrName2_table,3,,
item_1xxx,4172,ftrName2_table,3,,
item_1xxx,4173,ftrName2_table,4,,
item_1xxx,4174,ftrName2_table,4,,
item_1xxx,4175,ftrName2_table,4,,
item_1xxx,4176,ftrName2_table,4,,
item_1xxx,4177,ftrName2_table,5,,
item_1xxx,4178,ftrName2_table,5,,
item_1xxx,4179,ftrName2_table,5,,
item_1xxx,4180,ftrName2_table,5,,
item_1xxx,4181,ftrName2_table,6,,
item_1xxx,4182,ftrName2_table,6,,
item_1xxx,4183,ftrName2_table,6,,
item_1xxx,4184,ftrName2_table,6,,
item_1xxx,4185,ftrName2_table,7,,
item_1xxx,4186,ftrName2_table,7,,
item_1xxx,4187,ftrName2_table,7,,
item_1xxx,4188,ftrName2_table,7,,
item_1xxx,4189,ftrName2_table,8,,
item_1xxx,4190,ftrName2_table,8,,
item_1xxx,4191,ftrName2_table,8,,
item_1xxx,4192,ftrName2_table,8,,
item_1xxx,4193,ftrName2_table,9,,
item_1xxx,4194,ftrName2_table,9,,
item_1xxx,4195,ftrName2_table,9,,
item_1xxx,4196,ftrName2_table,9,,
item_1xxx,4197,ftrName2_table,10,,
item_1xxx,4198,ftrName2_table,10,,
item_1xxx,4199,ftrName2_table,10,,
item_1xxx,4200,ftrName2_table,10,,
item_1xxx,4201,ftrName2_table,11,,
item_1xxx,4202,ftrName2_table,11,,
item_1xxx,4203,ftrName2_table,11,,
item_1xxx,4204,ftrName2_table,11,,
item_1xxx,4205,ftrName2_table,12,,
item_1xxx,4206,ftrName2_table,12,,
item_1xxx,4207,ftrName2_table,12,,
item_1xxx,4208,ftrName2_table,12,,
item_1xxx,4209,ftrName2_table,13,,
item_1xxx,4210,ftrName2_table,13,,
item_1xxx,4211,ftrName2_table,13,,
item_1xxx,4212,ftrName2_table,13,,
item_1xxx,4213,ftrName2_table,14,,
item_1xxx,4214,ftrName2_table,14,,
item_1xxx,4215,ftrName2_table,14,,
item_1xxx,4216,ftrName2_table,14,,
item_1xxx,4217,ftrName2_table,15,,
item_1xxx,4218,ftrName2_table,15,,
item_1xxx,4219,ftrName2_table,15,,
item_1xxx,4220,ftrName2_table,15,,
item_1xxx,4221,ftrName2_table,16,,
item_1xxx,4222,ftrName2_table,16,,
item_1xxx,4223,ftrName2_table,16,,
item_1xxx,4224,ftrName2_table,16,,
item_1xxx,4225,ftrName2_table,17,,
item_1xxx,4226,ftrName2_table,17,,
item_1xxx,4227,ftrName2_table,17,,
item_1xxx,4228,ftrName2_table,17,,
item_1xxx,4229,ftrName2_table,18,,
item_1xxx,4230,ftrName2_table,18,,
item_1xxx,4231,ftrName2_table,18,,
item_1xxx,4232,ftrName2_table,18,,
item_1xxx,4233,ftrName2_table,19,,
item_1xxx,4234,ftrName2_table,19,,
item_1xxx,4235,ftrName2_table,19,,
item_1xxx,4236,ftrName2_table,19,,
item_1xxx,4237,ftrName2_table,20,,
item_1xxx,4238,ftrName2_table,20,,
item_1xxx,4239,ftrName2_table,20,,
item_1xxx,4240,ftrName2_table,20,,
item_1xxx,4241,ftrName2_table,21,,
item_1xxx,4242,ftrName2_table,21,,
item_1xxx,4243,ftrName2_table,21,,
item_1xxx,4244,ftrName2_table,21,,
item_1xxx,4245,ftrName2_table,22,,
item_1xxx,4246,ftrName2_table,22,,
item_1xxx,4247,ftrName2_table,22,,
item_1xxx,4248,ftrName2_table,22,,
item_1xxx,4249,ftrName2_table,23,,
item_1xxx,4250,ftrName2_table,23,,
item_1xxx,4251,ftrName2_table,23,,
item_1xxx,4252,ftrName2_table,23,,
item_1xxx,4253,ftrName2_table,24,,
item_1xxx,4254,ftrName2_table,24,,
item_1xxx,4255,ftrName2_table,24,,
item_1xxx,4256,ftrName2_table,24,,
item_1xxx,4257,ftrName2_table,25,,
item_1xxx,4258,ftrName2_table,25,,
item_1xxx,4259,ftrName2_table,25,,
item_1xxx,4260,ftrName2_table,25,,
item_1xxx,4261,ftrName2_table,26,,
item_1xxx,4262,ftrName2_table,26,,
item_1xxx,4263,ftrName2_table,26,,
item_1xxx,4264,ftrName2_table,26,,
item_1xxx,4265,ftrName2_table,27,,
item_1xxx,4266,ftrName2_table,27,,
item_1xxx,4267,ftrName2_table,27,,
item_1xxx,4268,ftrName2_table,27,,
item_1xxx,4269,ftrName2_table,28,,
item_1xxx,4270,ftrName2_table,28,,
item_1xxx,4271,ftrName2_table,28,,
item_1xxx,4272,ftrName2_table,28,,
item_1xxx,4273,ftrName2_table,29,,
item_1xxx,4274,ftrName2_table,29,,
item_1xxx,4275,ftrName2_table,29,,
item_1xxx,4276,ftrName2_table,29,,
item_1xxx,4277,ftrName2_table,30,,
item_1xxx,4278,ftrName2_table,30,,
item_1xxx,4279,ftrName2_table,30,,
item_1xxx,4280,ftrName2_table,30,,
item_1xxx,4281,ftrName2_table,31,,
item_1xxx,4282,ftrName2_table,31,,
item_1xxx,4283,ftrName2_table,31,,
item_1xxx,4284,ftrName2_table,31,,
item_1xxx,4285,ftrName2_table,32,,
item_1xxx,4286,ftrName2_table,32,,
item_1xxx,4287,ftrName2_table,32,,
item_1xxx,4288,ftrName2_table,32,,
item_1xxx,4289,ftrName2_table,33,,
item_1xxx,4290,ftrName2_table,33,,
item_1xxx,4291,ftrName2_table,33,,
item_1xxx,4292,ftrName2_table,33,,
item_1xxx,4293,ftrName2_table,34,,
item_1xxx,4294,ftrName2_table,34,,
item_1xxx,4295,ftrName2_table,34,,
item_1xxx,4296,ftrName2_table,34,,
item_1xxx,4297,ftrName2_table,35,,
item_1xxx,4298,ftrName2_table,35,,
item_1xxx,4299,ftrName2_table,35,,
item_1xxx,4300,ftrName2_table,35,,
item_1xxx,4301,ftrName2_table,36,,
item_1xxx,4302,ftrName2_table,36,,
item_1xxx,4303,ftrName2_table,36,,
item_1xxx,4304,ftrName2_table,36,,
item_1xxx,4305,ftrName2_table,37,,
item_1xxx,4306,ftrName2_table,37,,
item_1xxx,4307,ftrName2_table,37,,
item_1xxx,4308,ftrName2_table,37,,
item_1xxx,4309,ftrName2_table,38,,
item_1xxx,4310,ftrName2_table,38,,
item_1xxx,4311,ftrName2_table,38,,
item_1xxx,4312,ftrName2_table,38,,
item_1xxx,4313,ftrName2_table,39,,
item_1xxx,4314,ftrName2_table,39,,
item_1xxx,4315,ftrName2_table,39,,
item_1xxx,4316,ftrName2_table,39,,
item_1xxx,4317,ftrName2_table,40,,
item_1xxx,4318,ftrName2_table,40,,
item_1xxx,4319,ftrName2_table,40,,
item_1xxx,4320,ftrName2_table,40,,
item_1xxx,4321,ftrName2_table,41,,
item_1xxx,4322,ftrName2_table,41,,
item_1xxx,4323,ftrName2_table,41,,
item_1xxx,4324,ftrName2_table,41,,
item_1xxx,4325,ftrName2_table,42,,
item_1xxx,4326,ftrName2_table,42,,
item_1xxx,4327,ftrName2_table,42,,
item_1xxx,4328,ftrName2_table,42,,
item_1xxx,4329,ftrName2_table,43,,
item_1xxx,4330,ftrName2_table,43,,
item_1xxx,4331,ftrName2_table,43,,
item_1xxx,4332,ftrName2_table,43,,
item_1xxx,4333,ftrName2_table,44,,
item_1xxx,4334,ftrName2_table,44,,
item_1xxx,4335,ftrName2_table,44,,
item_1xxx,4336,ftrName2_table,44,,
item_1xxx,4337,ftrName2_table,45,,
item_1xxx,4338,ftrName2_table,45,,
item_1xxx,4339,ftrName2_table,45,,
item_1xxx,4340,ftrName2_table,45,,
item_1xxx,4341,ftrName2_table,46,,
item_1xxx,4342,ftrName2_table,46,,
item_1xxx,4343,ftrName2_table,46,,
item_1xxx,4344,ftrName2_table,46,,
item_1xxx,4345,ftrName2_table,47,,
item_1xxx,4346,ftrName2_table,47,,
item_1xxx,4347,ftrName2_table,47,,
item_1xxx,4348,ftrName2_table,47,,
item_1xxx,4349,ftrName2_table,48,,
item_1xxx,4350,ftrName2_table,48,,
item_1xxx,4351,ftrName2_table,48,,
item_1xxx,4352,ftrName2_table,48,,
item_1xxx,4353,ftrName2_table,49,,
item_1xxx,4354,ftrName2_table,49,,
item_1xxx,4355,ftrName2_table,49,,
item_1xxx,4356,ftrName2_table,49,,
item_1xxx,4357,ftrName2_table,50,,
item_1xxx,4358,ftrName2_table,50,,
item_1xxx,4359,ftrName2_table,50,,
item_1xxx,4360,ftrName2_table,50,,
item_1xxx,4361,ftrName2_table,51,,
item_1xxx,4362,ftrName2_table,51,,
item_1xxx,4363,ftrName2_table,51,,
item_1xxx,4364,ftrName2_table,51,,
item_1xxx,4365,ftrName2_table,52,,
item_1xxx,4366,ftrName2_table,52,,
item_1xxx,4367,ftrName2_table,52,,
item_1xxx,4368,ftrName2_table,52,,
item_1xxx,4369,ftrName2_table,53,,
item_1xxx,4370,ftrName2_table,53,,
item_1xxx,4371,ftrName2_table,53,,
item_1xxx,4372,ftrName2_table,53,,
item_1xxx,4373,ftrName2_table,54,,
item_1xxx,4374,ftrName2_table,54,,
item_1xxx,4375,ftrName2_table,54,,
item_1xxx,4376,ftrName2_table,54,,
item_1xxx,4377,ftrName2_table,55,,
item_1xxx,4378,ftrName2_table,55,,
item_1xxx,4379,ftrName2_table,55,,
item_1xxx,4380,ftrName2_table,55,,
item_1xxx,4381,ftrName2_table,56,,
item_1xxx,4382,ftrName2_table,56,,
item_1xxx,4383,ftrName2_table,56,,
item_1xxx,4384,ftrName2_table,56,,
item_1xxx,4385,ftrName2_table,57,,
item_1xxx,4386,ftrName2_table,57,,
item_1xxx,4387,ftrName2_table,57,,
item_1xxx,4388,ftrName2_table,57,,
item_1xxx,4389,ftrName2_table,58,,
item_1xxx,4390,ftrName2_table,58,,
item_1xxx,4391,ftrName2_table,58,,
item_1xxx,4392,ftrName2_table,58,,
item_1xxx,4393,ftrName2_table,59,,
item_1xxx,4394,ftrName2_table,59,,
item_1xxx,4395,ftrName2_table,59,,
item_1xxx,4396,ftrName2_table,59,,
item_1xxx,4397,ftrName2_table,60,,
item_1xxx,4398,ftrName2_table,60,,
item_1xxx,4399,ftrName2_table,60,,
item_1xxx,4400,ftrName2_table,60,,
item_1xxx,4401,ftrName2_table,61,,
item_1xxx,4402,ftrName2_table,61,,
item_1xxx,4403,ftrName2_table,61,,
item_1xxx,4404,ftrName2_table,61,,
item_1xxx,4405,ftrName2_table,62,,
item_1xxx,4406,ftrName2_table,62,,
item_1xxx,4407,ftrName2_table,62,,
item_1xxx,4408,ftrName2_table,62,,
item_1xxx,4409,ftrName2_table,63,,
item_1xxx,4410,ftrName2_table,63,,
item_1xxx,4411,ftrName2_table,63,,
item_1xxx,4412,ftrName2_table,63,,
item_1xxx,4413,ftrName2_table,64,,
item_1xxx,4414,ftrName2_table,64,,
item_1xxx,4415,ftrName2_table,64,,
item_1xxx,4416,ftrName2_table,64,,
item_1xxx,4417,ftrName2_table,65,,
item_1xxx,4418,ftrName2_table,65,,
item_1xxx,4419,ftrName2_table,65,,
item_1xxx,4420,ftrName2_table,65,,
item_1xxx,4421,ftrName2_table,66,,
item_1xxx,4422,ftrName2_table,66,,
item_1xxx,4423,ftrName2_table,66,,
item_1xxx,4424,ftrName2_table,66,,
item_1xxx,4425,ftrName2_table,67,,
item_1xxx,4426,ftrName2_table,67,,
item_1xxx,4427,ftrName2_table,67,,
item_1xxx,4428,ftrName2_table,67,,
item_1xxx,4429,ftrName2_table,68,,
item_1xxx,4430,ftrName2_table,68,,
item_1xxx,4431,ftrName2_table,68,,
item_1xxx,4432,ftrName2_table,68,,
item_1xxx,4433,ftrName2_table,69,,
item_1xxx,4434,ftrName2_table,69,,
item_1xxx,4435,ftrName2_table,69,,
item_1xxx,4436,ftrName2_table,69,,
item_1xxx,4437,ftrName2_table,70,,
item_1xxx,4438,ftrName2_table,70,,
item_1xxx,4439,ftrName2_table,70,,
item_1xxx,4440,ftrName2_table,70,,
item_1xxx,4441,ftrName2_table,71,,
item_1xxx,4442,ftrName2_table,71,,
item_1xxx,4443,ftrName2_table,71,,
item_1xxx,4444,ftrName2_table,71,,
item_1xxx,4445,ftrName2_table,72,,
item_1xxx,4446,ftrName2_table,72,,
item_1xxx,4447,ftrName2_table,72,,
item_1xxx,4448,ftrName2_table,72,,
item_1xxx,4449,ftrName2_table,73,,
item_1xxx,4450,ftrName2_table,73,,
item_1xxx,4451,ftrName2_table,73,,
item_1xxx,4452,ftrName2_table,73,,
item_1xxx,4453,ftrName2_table,74,,
item_1xxx,4454,ftrName2_table,74,,
item_1xxx,4455,ftrName2_table,74,,
item_1xxx,4456,ftrName2_table,74,,
item_1xxx,4457,ftrName2_table,75,,
item_1xxx,4458,ftrName2_table,75,,
item_1xxx,4459,ftrName2_table,75,,
item_1xxx,4460,ftrName2_table,75,,
item_1xxx,4461,ftrName2_table,76,,
item_1xxx,4462,ftrName2_table,76,,
item_1xxx,4463,ftrName2_table,76,,
item_1xxx,4464,ftrName2_table,76,,
item_1xxx,4465,ftrName2_table,77,,
item_1xxx,4466,ftrName2_table,77,,
item_1xxx,4467,ftrName2_table,77,,
item_1xxx,4468,ftrName2_table,77,,
item_1xxx,4469,ftrName2_table,78,,
item_1xxx,4470,ftrName2_table,78,,
item_1xxx,4471,ftrName2_table,78,,
item_1xxx,4472,ftrName2_table,78,,
item_1xxx,4473,ftrName2_table,79,,
item_1xxx,4474,ftrName2_table,79,,
item_1xxx,4475,ftrName2_table,79,,
item_1xxx,4476,ftrName2_table,79,,
item_1xxx,4477,ftrName2_table,80,,
item_1xxx,4478,ftrName2_table,80,,
item_1xxx,4479,ftrName2_table,80,,
item_1xxx,4480,ftrName2_table,80,,
item_1xxx,4481,ftrName2_table,81,,
item_1xxx,4482,ftrName2_table,81,,
item_1xxx,4483,ftrName2_table,81,,
item_1xxx,4484,ftrName2_table,81,,
item_1xxx,4485,ftrName2_table,82,,
item_1xxx,4486,ftrName2_table,82,,
item_1xxx,4487,ftrName2_table,82,,
item_1xxx,4488,ftrName2_table,82,,
item_1xxx,4489,ftrName2_table,83,,
item_1xxx,4490,ftrName2_table,83,,
item_1xxx,4491,ftrName2_table,83,,
item_1xxx,4492,ftrName2_table,83,,
item_1xxx,4493,ftrName2_table,84,,
item_1xxx,4494,ftrName2_table,84,,
item_1xxx,4495,ftrName2_table,84,,
item_1xxx,4496,ftrName2_table,84,,
item_1xxx,4497,ftrName2_table,85,,
item_1xxx,4498,ftrName2_table,85,,
item_1xxx,4499,ftrName2_table,85,,
item_1xxx,4500,ftrName2_table,85,,
item_1xxx,4501,ftrName2_table,86,,
item_1xxx,4502,ftrName2_table,86,,
item_1xxx,4503,ftrName2_table,86,,
item_1xxx,4504,ftrName2_table,86,,
item_1xxx,4505,ftrName2_table,87,,
item_1xxx,4506,ftrName2_table,87,,
item_1xxx,4507,ftrName2_table,87,,
item_1xxx,4508,ftrName2_table,87,,
item_1xxx,4509,ftrName2_table,88,,
item_1xxx,4510,ftrName2_table,88,,
item_1xxx,4511,ftrName2_table,88,,
item_1xxx,4512,ftrName2_table,88,,
item_1xxx,4513,ftrName2_table,89,,
item_1xxx,4514,ftrName2_table,89,,
item_1xxx,4515,ftrName2_table,89,,
item_1xxx,4516,ftrName2_table,89,,
item_1xxx,4517,ftrName2_table,90,,
item_1xxx,4518,ftrName2_table,90,,
item_1xxx,4519,ftrName2_table,90,,
item_1xxx,4520,ftrName2_table,90,,
item_1xxx,4521,ftrName2_table,91,,
item_1xxx,4522,ftrName2_table,91,,
item_1xxx,4523,ftrName2_table,91,,
item_1xxx,4524,ftrName2_table,91,,
item_1xxx,4525,ftrName2_table,92,,
item_1xxx,4526,ftrName2_table,92,,
item_1xxx,4527,ftrName2_table,92,,
item_1xxx,4528,ftrName2_table,92,,
item_1xxx,4529,ftrName2_table,93,,
item_1xxx,4530,ftrName2_table,93,,
item_1xxx,4531,ftrName2_table,93,,
item_1xxx,4532,ftrName2_table,93,,
item_1xxx,4533,ftrName2_table,94,,
item_1xxx,4534,ftrName2_table,94,,
item_1xxx,4535,ftrName2_table,94,,
item_1xxx,4536,ftrName2_table,94,,
item_1xxx,4537,ftrName2_table,95,,
item_1xxx,4538,ftrName2_table,95,,
item_1xxx,4539,ftrName2_table,95,,
item_1xxx,4540,ftrName2_table,95,,
item_1xxx,4541,ftrName2_table,96,,
item_1xxx,4542,ftrName2_table,96,,
item_1xxx,4543,ftrName2_table,96,,
item_1xxx,4544,ftrName2_table,96,,
item_1xxx,4545,,,,
item_1xxx,4546
